candidate,seed,epoch,train_loss,validation_series_log_loss
reference_2025,42,1,0.6992483735084534,0.6873255769071599
reference_2025,42,2,0.6987927556037903,0.6872328913798824
reference_2025,42,3,0.6983403563499451,0.6872431130454933
reference_2025,42,4,0.6978846192359924,0.6873090752191352
reference_2025,42,5,0.6974181532859802,0.6873710459101912
reference_2025,42,6,0.6969518661499023,0.6873490766054371
reference_2025,42,7,0.6964850425720215,0.687304522282294
reference_2025,42,8,0.6960144639015198,0.687224305074389
reference_2025,42,9,0.6955200433731079,0.687269033003522
reference_2025,42,10,0.6950386762619019,0.6875223573427676
reference_2025,42,11,0.6945824027061462,0.687854190088018
reference_2025,42,12,0.6941409707069397,0.6882211925164163
reference_2025,42,13,0.6937195658683777,0.6885021006250707
reference_2025,42,14,0.6933082342147827,0.6887627677323717
reference_2025,42,15,0.6929274797439575,0.6888357104035197
reference_2025,42,16,0.6925783157348633,0.6888350588126031
reference_2025,42,17,0.6922612190246582,0.6888834056046971
reference_2025,42,18,0.6919353604316711,0.6888882866241826
reference_2025,42,19,0.6916083097457886,0.6887817644356953
reference_2025,42,20,0.6913098692893982,0.6886297134791376
reference_2025,42,21,0.6910162568092346,0.6885653057895008
reference_2025,42,22,0.6907168626785278,0.6885559534327578
reference_2025,42,23,0.690406322479248,0.6884439785727915
reference_2025,42,24,0.6900985240936279,0.6883983734312397
reference_2025,42,25,0.6898005604743958,0.6883588155425804
reference_2025,42,26,0.6895077228546143,0.6883848079792863
reference_2025,42,27,0.689208447933197,0.6884630738868678
reference_2025,42,28,0.6888986229896545,0.6885349828600973
reference_2025,42,29,0.6885807514190674,0.688625635687414
reference_2025,42,30,0.6882501840591431,0.6887599303116299
reference_2025,42,31,0.68790602684021,0.6889822023568675
reference_2025,42,32,0.6875484585762024,0.6892627987643578
reference_2025,42,33,0.6871877312660217,0.6895481821728997
reference_2025,42,34,0.686828076839447,0.6898227383421871
reference_2025,42,35,0.6864667534828186,0.6900422075841169
reference_2025,42,36,0.6861019134521484,0.6902546703590154
reference_2025,42,37,0.6857309341430664,0.6904088787350756
reference_2025,42,38,0.6853453516960144,0.6904662839302919
reference_2025,43,1,0.6886205673217773,0.6904734561855156
reference_2025,43,2,0.687903881072998,0.6907864368802997
reference_2025,43,3,0.6871733069419861,0.6908977399229459
reference_2025,43,4,0.6864094734191895,0.6906085367458931
reference_2025,43,5,0.6856297850608826,0.6904229189355758
reference_2025,43,6,0.6848750710487366,0.6903426179767372
reference_2025,43,7,0.6841313242912292,0.6902983650427227
reference_2025,43,8,0.6833812594413757,0.6903224844105557
reference_2025,43,9,0.6826361417770386,0.6903957526900859
reference_2025,43,10,0.6818981766700745,0.6906371197387967
reference_2025,43,11,0.6811486482620239,0.690949286979776
reference_2025,43,12,0.6803866624832153,0.6912897531275828
reference_2025,43,13,0.6796145439147949,0.6915797405565602
reference_2025,43,14,0.6788525581359863,0.6917424692523586
reference_2025,43,15,0.6781347393989563,0.6918938515832752
reference_2025,43,16,0.6774575710296631,0.691990022276319
reference_2025,43,17,0.67680823802948,0.69209068393973
reference_2025,43,18,0.6761788725852966,0.6921534345060669
reference_2025,43,19,0.6755658388137817,0.6922264084399657
reference_2025,43,20,0.674949586391449,0.692254257778457
reference_2025,43,21,0.6743564009666443,0.692296541488429
reference_2025,43,22,0.673770010471344,0.6923218116556541
reference_2025,43,23,0.6731828451156616,0.6923052314758559
reference_2025,43,24,0.6726187467575073,0.6922486505210056
reference_2025,43,25,0.6720569729804993,0.692222506789548
reference_2025,43,26,0.67149418592453,0.6922070362630167
reference_2025,43,27,0.6709321141242981,0.6922458848775584
reference_2025,43,28,0.6703886985778809,0.6923507084914277
reference_2025,43,29,0.6698474287986755,0.6924303288665391
reference_2025,43,30,0.669317901134491,0.6924939291484048
reference_2025,43,31,0.6687809228897095,0.6925966488963983
reference_2025,43,32,0.6682444214820862,0.6927050093686843
reference_2025,43,33,0.6677097082138062,0.6928116009011029
reference_2025,43,34,0.6671700477600098,0.6929016136480447
reference_2025,43,35,0.6666209697723389,0.6930054798605818
reference_2025,43,36,0.6660729646682739,0.6930965902438574
reference_2025,43,37,0.6655267477035522,0.6931780510772714
reference_2025,44,1,0.6939114928245544,0.6927814003397283
reference_2025,44,2,0.6937819123268127,0.6927791106981577
reference_2025,44,3,0.6936402320861816,0.6927560924467329
reference_2025,44,4,0.6934882998466492,0.6927532681313003
reference_2025,44,5,0.6933425664901733,0.6927553195694022
reference_2025,44,6,0.6932043433189392,0.6927865903788368
reference_2025,44,7,0.6930710673332214,0.6927910995578996
reference_2025,44,8,0.6929568648338318,0.6927885449389041
reference_2025,44,9,0.6928615570068359,0.6927731914905335
reference_2025,44,10,0.6927604675292969,0.6927548297115597
reference_2025,44,11,0.6926683783531189,0.6927248363395356
reference_2025,44,12,0.6925801038742065,0.6926875886375141
reference_2025,44,13,0.6924878358840942,0.6926540082515216
reference_2025,44,14,0.6923911571502686,0.692636678124386
reference_2025,44,15,0.6922876238822937,0.6926231769388985
reference_2025,44,16,0.6921819448471069,0.6926003755951622
reference_2025,44,17,0.6920711994171143,0.692585890523219
reference_2025,44,18,0.6919528245925903,0.6925658311228409
reference_2025,44,19,0.6918259859085083,0.6925416411361248
reference_2025,44,20,0.691688060760498,0.6925066374025591
reference_2025,44,21,0.6915414929389954,0.6924676557154065
reference_2025,44,22,0.6913885474205017,0.6924273246560989
reference_2025,44,23,0.6912294030189514,0.6923815361761827
reference_2025,44,24,0.6910635232925415,0.6923349656812202
reference_2025,44,25,0.690890371799469,0.6922969386133381
reference_2025,44,26,0.6907095909118652,0.6922715220980695
reference_2025,44,27,0.6905211806297302,0.6922279175298088
reference_2025,44,28,0.690325915813446,0.6921682529060526
reference_2025,44,29,0.6901217699050903,0.6920686695073223
reference_2025,44,30,0.6899053454399109,0.6919327878726116
reference_2025,44,31,0.6896727085113525,0.6917878682005301
reference_2025,44,32,0.6894245147705078,0.6915663129179154
reference_2025,44,33,0.6891635656356812,0.6913035062488511
reference_2025,44,34,0.6888921856880188,0.6910637577637545
reference_2025,44,35,0.6886107325553894,0.6908284760455305
reference_2025,44,36,0.688316822052002,0.6906752356281722
reference_2025,44,37,0.6880039572715759,0.6905827065163568
reference_2025,44,38,0.6876674294471741,0.6904479759799723
reference_2025,44,39,0.6873229146003723,0.6904180239205735
reference_2025,44,40,0.6869691014289856,0.6903786483213975
reference_2025,44,41,0.6866162419319153,0.69039185991745
reference_2025,44,42,0.6862563490867615,0.6904320249425318
reference_2025,44,43,0.6858825087547302,0.6904469662483187
reference_2025,44,44,0.6854931712150574,0.690372414017166
reference_2025,44,45,0.6850906014442444,0.6902333566546328
reference_2025,44,46,0.6846713423728943,0.6901092400614149
reference_2025,44,47,0.6842399835586548,0.6899815957870409
reference_2025,44,48,0.6837928295135498,0.6898559293859337
reference_2025,44,49,0.6833326816558838,0.6897146343933616
reference_2025,44,50,0.682853639125824,0.6895291148174921
reference_2025,44,51,0.6823514699935913,0.6893404823443559
reference_2025,44,52,0.6818253397941589,0.6891297704788839
reference_2025,44,53,0.6812790036201477,0.68890604106164
reference_2025,44,54,0.6807138919830322,0.6887041297991159
reference_2025,44,55,0.6801331639289856,0.6885019713081302
reference_2025,44,56,0.6795329451560974,0.6882930904549496
reference_2025,44,57,0.6789111495018005,0.6880509217351493
reference_2025,44,58,0.6782681941986084,0.6878002190644619
reference_2025,44,59,0.6776047348976135,0.6875321657110602
reference_2025,44,60,0.676917552947998,0.6872283382023805
reference_2025,44,61,0.6762112379074097,0.6868762543426741
reference_2025,44,62,0.6754836440086365,0.6865131142506552
reference_2025,44,63,0.674729585647583,0.6861399586249476
reference_2025,44,64,0.6739543080329895,0.6858082555826912
reference_2025,44,65,0.6731611490249634,0.685494441630099
reference_2025,44,66,0.6723435521125793,0.6851903852355105
reference_2025,44,67,0.6715011596679688,0.6848832673807583
reference_2025,44,68,0.6706330180168152,0.6846236082255821
reference_2025,44,69,0.6697472333908081,0.6843892514723695
reference_2025,44,70,0.66884446144104,0.6841641270750993
reference_2025,44,71,0.6679225564002991,0.6839567215388515
reference_2025,44,72,0.6669825315475464,0.6837411391310562
reference_2025,44,73,0.6660332679748535,0.6835558593125016
reference_2025,44,74,0.6650717258453369,0.6834359960756136
reference_2025,44,75,0.6640940308570862,0.6833528572166289
reference_2025,44,76,0.6631013751029968,0.6832882516434398
reference_2025,44,77,0.6621049642562866,0.6832637478630578
reference_2025,44,78,0.6611005663871765,0.6833095065457789
reference_2025,44,79,0.6600942611694336,0.6834573313120174
reference_2025,44,80,0.6590774655342102,0.6836688561751135
reference_2025,44,81,0.6580650806427002,0.6838955053981666
reference_2025,44,82,0.6570553779602051,0.6841167649322026
reference_2025,44,83,0.6560466885566711,0.68434671185922
reference_2025,44,84,0.6550458073616028,0.6846246179462073
reference_2025,44,85,0.654053807258606,0.6849432260040572
reference_2025,44,86,0.6530755162239075,0.6853324948476789
reference_2025,44,87,0.6521135568618774,0.6858345684869234
reference_2025,44,88,0.6511712074279785,0.6864283534497692
reference_2025,44,89,0.6502493619918823,0.6871419901814685
reference_2025,44,90,0.6493512392044067,0.6879329573933699
reference_2025,44,91,0.6484836935997009,0.6887438412256952
reference_2025,44,92,0.6476518511772156,0.6895968726779773
reference_2025,44,93,0.6468579173088074,0.6905893912440394
reference_2025,44,94,0.6460937261581421,0.6916430083679135
reference_2025,44,95,0.6453608870506287,0.6927850152547295
reference_2025,44,96,0.6446655988693237,0.6940166566871435
reference_2025,44,97,0.6440091133117676,0.6953562590655957
reference_2025,44,98,0.6433923244476318,0.6967433041167529
reference_2025,44,99,0.6428158283233643,0.6981921219731968
reference_2025,44,100,0.6422790884971619,0.699678436061938
reference_2025,44,101,0.6417776346206665,0.7011922506373884
reference_2025,44,102,0.6413152813911438,0.7027370716462841
reference_2025,44,103,0.6408935785293579,0.7043032173146233
reference_2025,44,104,0.6405062675476074,0.7058566849947582
reference_2025,44,105,0.6401513814926147,0.7073965373573015
reference_2025,44,106,0.6398290395736694,0.7088989525563409
reference_2025,44,107,0.6395354270935059,0.7103626559147432
pooled_2023_2025,42,1,0.6993568539619446,0.689159832165809
pooled_2023_2025,42,2,0.6989369988441467,0.6892986745139216
pooled_2023_2025,42,3,0.6985231041908264,0.6894381772763002
pooled_2023_2025,42,4,0.6981111168861389,0.6896039661660915
pooled_2023_2025,42,5,0.6977043151855469,0.6897044138193189
pooled_2023_2025,42,6,0.6973043084144592,0.6896309245744819
pooled_2023_2025,42,7,0.6969138979911804,0.689597142093026
pooled_2023_2025,42,8,0.6965353488922119,0.6896662536097447
pooled_2023_2025,42,9,0.6961609721183777,0.6898437852429773
pooled_2023_2025,42,10,0.6957961916923523,0.690129946480061
pooled_2023_2025,42,11,0.6954485774040222,0.6904514018322974
pooled_2023_2025,42,12,0.695113480091095,0.6908494276258379
pooled_2023_2025,42,13,0.6947873830795288,0.6911146005858937
pooled_2023_2025,42,14,0.6944637894630432,0.6912834668400403
pooled_2023_2025,42,15,0.6941428184509277,0.6914408043752963
pooled_2023_2025,42,16,0.6938312649726868,0.6915771329554201
pooled_2023_2025,42,17,0.6935233473777771,0.6916185071056227
pooled_2023_2025,42,18,0.6932198405265808,0.6916133816715433
pooled_2023_2025,42,19,0.6929096579551697,0.6915509877537376
pooled_2023_2025,42,20,0.6925974488258362,0.6914401360277719
pooled_2023_2025,42,21,0.6922993063926697,0.6912933740599739
pooled_2023_2025,42,22,0.6920043230056763,0.6911508986480032
pooled_2023_2025,42,23,0.6917149424552917,0.6910365449433894
pooled_2023_2025,42,24,0.6914265155792236,0.6909849846333073
pooled_2023_2025,42,25,0.6911348104476929,0.6909433628028131
pooled_2023_2025,42,26,0.6908401250839233,0.6909522211227552
pooled_2023_2025,42,27,0.6905350089073181,0.6910609519342957
pooled_2023_2025,42,28,0.6902214288711548,0.6912394501012686
pooled_2023_2025,42,29,0.689895510673523,0.6914501411301291
pooled_2023_2025,42,30,0.6895528435707092,0.6916524520978271
pooled_2023_2025,42,31,0.6891987919807434,0.6918176835260307
pooled_2023_2025,43,1,0.6882052421569824,0.6896691771700708
pooled_2023_2025,43,2,0.6873231530189514,0.6894978423635258
pooled_2023_2025,43,3,0.6864458918571472,0.689540932344017
pooled_2023_2025,43,4,0.6855649948120117,0.6897919144929617
pooled_2023_2025,43,5,0.6846859455108643,0.6899594318611482
pooled_2023_2025,43,6,0.6838175654411316,0.6901032219113029
pooled_2023_2025,43,7,0.6829413771629333,0.6903634528076553
pooled_2023_2025,43,8,0.6820797920227051,0.6904739161916841
pooled_2023_2025,43,9,0.6812200546264648,0.6905068372990515
pooled_2023_2025,43,10,0.6803825497627258,0.6907981213061632
pooled_2023_2025,43,11,0.679548442363739,0.691256172039243
pooled_2023_2025,43,12,0.6787199974060059,0.6917710355470003
pooled_2023_2025,43,13,0.677890419960022,0.6921053351306823
pooled_2023_2025,43,14,0.6770903468132019,0.6923490147619116
pooled_2023_2025,43,15,0.676304042339325,0.6925269799426375
pooled_2023_2025,43,16,0.6755372881889343,0.6925901100637795
pooled_2023_2025,43,17,0.674780547618866,0.6925346935612855
pooled_2023_2025,43,18,0.6740337610244751,0.6924119470323951
pooled_2023_2025,43,19,0.6733065843582153,0.692278576829914
pooled_2023_2025,43,20,0.6726062297821045,0.6922504210055743
pooled_2023_2025,43,21,0.6719104051589966,0.6922840201196303
pooled_2023_2025,43,22,0.6712125539779663,0.6923551861841319
pooled_2023_2025,43,23,0.6705207824707031,0.6922510651449105
pooled_2023_2025,43,24,0.6698282957077026,0.6922740370427949
pooled_2023_2025,43,25,0.6691381335258484,0.6923628115281678
pooled_2023_2025,43,26,0.66844642162323,0.6924285684647127
pooled_2023_2025,43,27,0.6677551865577698,0.6924097634139562
pooled_2023_2025,43,28,0.6670721769332886,0.6924818515194782
pooled_2023_2025,43,29,0.6663901805877686,0.6926107466953267
pooled_2023_2025,43,30,0.66571044921875,0.6927981174979044
pooled_2023_2025,43,31,0.665034294128418,0.6929294844870049
pooled_2023_2025,43,32,0.6643598079681396,0.6931117412806891
pooled_2023_2025,44,1,0.6939442157745361,0.6927794343712304
pooled_2023_2025,44,2,0.6937850713729858,0.692830184254662
pooled_2023_2025,44,3,0.6936207413673401,0.6929088946959797
pooled_2023_2025,44,4,0.69346022605896,0.6929983952550228
pooled_2023_2025,44,5,0.6933035850524902,0.6931248297451327
pooled_2023_2025,44,6,0.6931447386741638,0.6931277656449812
pooled_2023_2025,44,7,0.6929959058761597,0.6930683453955214
pooled_2023_2025,44,8,0.692854642868042,0.6929798924805339
pooled_2023_2025,44,9,0.6927183270454407,0.6929229864657456
pooled_2023_2025,44,10,0.6925849914550781,0.6929017198248452
pooled_2023_2025,44,11,0.6924512386322021,0.6928867407513275
pooled_2023_2025,44,12,0.6923161149024963,0.6928583461839879
pooled_2023_2025,44,13,0.6921752095222473,0.6928115740635552
pooled_2023_2025,44,14,0.6920284032821655,0.6927587883758161
pooled_2023_2025,44,15,0.691874086856842,0.6927076408708962
pooled_2023_2025,44,16,0.69171142578125,0.692649873162231
pooled_2023_2025,44,17,0.6915410161018372,0.6925768428696774
pooled_2023_2025,44,18,0.6913602948188782,0.692497843848508
pooled_2023_2025,44,19,0.6911677718162537,0.6924382174829237
pooled_2023_2025,44,20,0.6909645199775696,0.6923891128984069
pooled_2023_2025,44,21,0.6907507181167603,0.6923365794594053
pooled_2023_2025,44,22,0.6905245780944824,0.6922954976134927
pooled_2023_2025,44,23,0.6902838349342346,0.6922474654226295
pooled_2023_2025,44,24,0.6900308728218079,0.6922064356827498
pooled_2023_2025,44,25,0.6897662281990051,0.692168695768828
pooled_2023_2025,44,26,0.6894882321357727,0.6921431989991071
pooled_2023_2025,44,27,0.6891993880271912,0.6920619507216506
pooled_2023_2025,44,28,0.6888957023620605,0.6919657927043144
pooled_2023_2025,44,29,0.6885788440704346,0.6918084518255583
pooled_2023_2025,44,30,0.6882516145706177,0.6915646905665654
pooled_2023_2025,44,31,0.6879084706306458,0.6913681175627023
pooled_2023_2025,44,32,0.6875452399253845,0.6911831395266469
pooled_2023_2025,44,33,0.6871674060821533,0.6909305776988371
pooled_2023_2025,44,34,0.6867756843566895,0.6906399093975257
pooled_2023_2025,44,35,0.6863648891448975,0.6903558579156925
pooled_2023_2025,44,36,0.6859354376792908,0.6901806221926925
pooled_2023_2025,44,37,0.6854888796806335,0.6900129083732043
pooled_2023_2025,44,38,0.685022234916687,0.6898801281789366
pooled_2023_2025,44,39,0.6845362186431885,0.689767664520782
pooled_2023_2025,44,40,0.6840271949768066,0.6895998332978133
pooled_2023_2025,44,41,0.6834966540336609,0.6893694099407899
pooled_2023_2025,44,42,0.6829395890235901,0.6891129177179363
pooled_2023_2025,44,43,0.6823558807373047,0.6887931572357365
pooled_2023_2025,44,44,0.6817463040351868,0.6884252878150499
pooled_2023_2025,44,45,0.6811135411262512,0.6880325278184909
pooled_2023_2025,44,46,0.6804556250572205,0.6875718565265908
pooled_2023_2025,44,47,0.679766833782196,0.6871287820708598
pooled_2023_2025,44,48,0.6790489554405212,0.6867226989492238
pooled_2023_2025,44,49,0.6782994866371155,0.6862916251569016
pooled_2023_2025,44,50,0.677513837814331,0.6858866045672012
pooled_2023_2025,44,51,0.6766940951347351,0.6854996089983721
pooled_2023_2025,44,52,0.6758402585983276,0.6850133016709783
pooled_2023_2025,44,53,0.6749491095542908,0.6844040880251097
pooled_2023_2025,44,54,0.6740160584449768,0.6837656559851855
pooled_2023_2025,44,55,0.6730366349220276,0.6831344147984788
pooled_2023_2025,44,56,0.6720204949378967,0.682530205395308
pooled_2023_2025,44,57,0.6709710955619812,0.6820071122486694
pooled_2023_2025,44,58,0.66988605260849,0.6815691124395571
pooled_2023_2025,44,59,0.6687655448913574,0.681155031037085
pooled_2023_2025,44,60,0.6675959825515747,0.6806497462922099
pooled_2023_2025,44,61,0.6663858294487,0.6801996816503335
pooled_2023_2025,44,62,0.6651399731636047,0.6797820904877049
pooled_2023_2025,44,63,0.6638604402542114,0.6794155136452565
pooled_2023_2025,44,64,0.6625456213951111,0.6791133353462353
pooled_2023_2025,44,65,0.6612054705619812,0.6789198775596805
pooled_2023_2025,44,66,0.659843385219574,0.6788411444712449
pooled_2023_2025,44,67,0.658461332321167,0.678801471330044
pooled_2023_2025,44,68,0.657067060470581,0.6788911995268795
pooled_2023_2025,44,69,0.6556583642959595,0.6791171784870529
pooled_2023_2025,44,70,0.6542605757713318,0.6794209644852299
pooled_2023_2025,44,71,0.6528602838516235,0.6798527527393592
pooled_2023_2025,44,72,0.6514567732810974,0.6803794344159062
pooled_2023_2025,44,73,0.6500524282455444,0.6809542689533712
pooled_2023_2025,44,74,0.6486511826515198,0.6816535446053247
pooled_2023_2025,44,75,0.6472547650337219,0.6824417249126663
pooled_2023_2025,44,76,0.6458747386932373,0.6833316747451307
pooled_2023_2025,44,77,0.644517719745636,0.684394630127299
pooled_2023_2025,44,78,0.643186092376709,0.6855554863961666
pooled_2023_2025,44,79,0.6418827772140503,0.6868816983458819
pooled_2023_2025,44,80,0.6406081914901733,0.6882703686129579
pooled_2023_2025,44,81,0.6393635869026184,0.689768236129295
pooled_2023_2025,44,82,0.6381546854972839,0.6913612133747454
pooled_2023_2025,44,83,0.6369856595993042,0.6930534736887243
pooled_2023_2025,44,84,0.6358612179756165,0.6948455992339503
pooled_2023_2025,44,85,0.6347851753234863,0.6967590134130376
pooled_2023_2025,44,86,0.6337622404098511,0.698809944107622
pooled_2023_2025,44,87,0.6327987313270569,0.7009397319026196
pooled_2023_2025,44,88,0.6318976879119873,0.7031937222573702
pooled_2023_2025,44,89,0.6310571432113647,0.7055464932215625
pooled_2023_2025,44,90,0.6302762627601624,0.7079831461287056
pooled_2023_2025,44,91,0.6295533776283264,0.7105111583425087
pooled_2023_2025,44,92,0.628889799118042,0.7132085070005127
pooled_2023_2025,44,93,0.628290057182312,0.7160046977872928
pooled_2023_2025,44,94,0.6277503967285156,0.7187809899904661
pooled_2023_2025,44,95,0.6272687911987305,0.7215054213830978
pooled_2023_2025,44,96,0.6268447041511536,0.7242185151201437
pooled_2023_2025,44,97,0.6264729499816895,0.7269089399990474
pooled_2025_scaler,42,1,0.7004567980766296,0.6874900710916896
pooled_2025_scaler,42,2,0.7000486850738525,0.6875902345991783
pooled_2025_scaler,42,3,0.6996410489082336,0.687693441611193
pooled_2025_scaler,42,4,0.6992480158805847,0.6878624166908887
pooled_2025_scaler,42,5,0.6988638639450073,0.6880543422967558
pooled_2025_scaler,42,6,0.698483943939209,0.6882165135768776
pooled_2025_scaler,42,7,0.6981021165847778,0.6883142405521084
pooled_2025_scaler,42,8,0.6977258920669556,0.6883599919077924
pooled_2025_scaler,42,9,0.697350800037384,0.6883762324464229
pooled_2025_scaler,42,10,0.696986198425293,0.6884243935750046
pooled_2025_scaler,42,11,0.6966296434402466,0.6885731524962735
pooled_2025_scaler,42,12,0.6962796449661255,0.6887526654141353
pooled_2025_scaler,42,13,0.6959398984909058,0.6889252333861311
pooled_2025_scaler,42,14,0.6956169009208679,0.6891232840762017
pooled_2025_scaler,42,15,0.6953030228614807,0.6892747454917938
pooled_2025_scaler,42,16,0.6950035691261292,0.6894960798309145
pooled_2025_scaler,42,17,0.6947159767150879,0.6896245711937516
pooled_2025_scaler,42,18,0.6944373250007629,0.689744973361341
pooled_2025_scaler,42,19,0.6941728591918945,0.6899014154517255
pooled_2025_scaler,42,20,0.6939114928245544,0.6901128433299745
pooled_2025_scaler,42,21,0.6936601996421814,0.6902963589830318
pooled_2025_scaler,42,22,0.6934173703193665,0.6904639995454122
pooled_2025_scaler,42,23,0.6931794881820679,0.6906254928720771
pooled_2025_scaler,42,24,0.6929517984390259,0.6908165540250899
pooled_2025_scaler,42,25,0.6927302479743958,0.6910243228319666
pooled_2025_scaler,42,26,0.6925067901611328,0.6912235562755176
pooled_2025_scaler,42,27,0.6922840476036072,0.6913862347377554
pooled_2025_scaler,42,28,0.6920716762542725,0.6915049131474886
pooled_2025_scaler,42,29,0.6918624043464661,0.6916018236017392
pooled_2025_scaler,42,30,0.6916579604148865,0.6917165012578866
pooled_2025_scaler,42,31,0.6914527416229248,0.6918170440522359
pooled_2025_scaler,43,1,0.6865543723106384,0.6904889454837346
pooled_2025_scaler,43,2,0.6857315897941589,0.6907909782459783
pooled_2025_scaler,43,3,0.6849181056022644,0.6909029594542349
pooled_2025_scaler,43,4,0.6841103434562683,0.6906375541481783
pooled_2025_scaler,43,5,0.683294951915741,0.6904189612879288
pooled_2025_scaler,43,6,0.6824785470962524,0.690357465103985
pooled_2025_scaler,43,7,0.6816578507423401,0.6902901142458902
pooled_2025_scaler,43,8,0.6808520555496216,0.6902809114524017
pooled_2025_scaler,43,9,0.6800724267959595,0.6903667831546376
pooled_2025_scaler,43,10,0.6793079972267151,0.6905746989662868
pooled_2025_scaler,43,11,0.6785553097724915,0.6908624684773244
pooled_2025_scaler,43,12,0.6778146624565125,0.6911671404438854
pooled_2025_scaler,43,13,0.6770921945571899,0.6916227783371837
pooled_2025_scaler,43,14,0.6763788461685181,0.6917781622334297
pooled_2025_scaler,43,15,0.6756684184074402,0.6917453562386204
pooled_2025_scaler,43,16,0.6749770045280457,0.6917936351708269
pooled_2025_scaler,43,17,0.674304723739624,0.6918239618961639
pooled_2025_scaler,43,18,0.6736368536949158,0.6919304226138333
pooled_2025_scaler,43,19,0.6729789972305298,0.6920914210566437
pooled_2025_scaler,43,20,0.6723237633705139,0.6922095596181075
pooled_2025_scaler,43,21,0.6716701984405518,0.6923550498152882
pooled_2025_scaler,43,22,0.671016275882721,0.6925112320741555
pooled_2025_scaler,43,23,0.670360803604126,0.6925731339933384
pooled_2025_scaler,43,24,0.6697050333023071,0.6925755629780748
pooled_2025_scaler,43,25,0.6690449118614197,0.6925539468989649
pooled_2025_scaler,43,26,0.6683757305145264,0.6925116227118201
pooled_2025_scaler,43,27,0.6677017211914062,0.6924706751696862
pooled_2025_scaler,43,28,0.6670262217521667,0.6925192675020613
pooled_2025_scaler,43,29,0.6663495302200317,0.6926411042832492
pooled_2025_scaler,43,30,0.6656672358512878,0.6927978661251777
pooled_2025_scaler,43,31,0.6649829149246216,0.6930206873002406
pooled_2025_scaler,43,32,0.6642999053001404,0.6932575152337909
pooled_2025_scaler,43,33,0.6636136770248413,0.6934803852393396
pooled_2025_scaler,43,34,0.6629294753074646,0.6937205703458076
pooled_2025_scaler,43,35,0.6622405648231506,0.6940147424494333
pooled_2025_scaler,43,36,0.66154545545578,0.6943281744089379
pooled_2025_scaler,43,37,0.6608461737632751,0.6946113063061795
pooled_2025_scaler,43,38,0.660143256187439,0.6948722234189245
pooled_2025_scaler,44,1,0.6940593123435974,0.6927833088487689
pooled_2025_scaler,44,2,0.6938910484313965,0.6927703099999625
pooled_2025_scaler,44,3,0.6937139630317688,0.6927215267808348
pooled_2025_scaler,44,4,0.6935397982597351,0.6926988851620944
pooled_2025_scaler,44,5,0.6933650970458984,0.6926084074485419
pooled_2025_scaler,44,6,0.6931923627853394,0.6925347271008526
pooled_2025_scaler,44,7,0.693020224571228,0.6925195227347939
pooled_2025_scaler,44,8,0.6928486227989197,0.6925398220749855
pooled_2025_scaler,44,9,0.6926824450492859,0.6925226901562808
pooled_2025_scaler,44,10,0.6925221085548401,0.6925347869013089
pooled_2025_scaler,44,11,0.6923668384552002,0.6925503457184641
pooled_2025_scaler,44,12,0.6922087669372559,0.692584145978077
pooled_2025_scaler,44,13,0.6920455694198608,0.6926073226734386
pooled_2025_scaler,44,14,0.6918810606002808,0.6925954526537728
pooled_2025_scaler,44,15,0.6917127966880798,0.6925678733489976
pooled_2025_scaler,44,16,0.6915378570556641,0.6925401027480997
pooled_2025_scaler,44,17,0.6913585066795349,0.6925336671050784
pooled_2025_scaler,44,18,0.6911708116531372,0.6925090271669285
pooled_2025_scaler,44,19,0.690974235534668,0.6924812443848527
pooled_2025_scaler,44,20,0.6907702684402466,0.6924546124791914
pooled_2025_scaler,44,21,0.6905557513237,0.6924207435216452
pooled_2025_scaler,44,22,0.6903278827667236,0.6923922172252629
pooled_2025_scaler,44,23,0.6900888085365295,0.6923455587869325
pooled_2025_scaler,44,24,0.6898356080055237,0.6922924399320847
pooled_2025_scaler,44,25,0.6895734071731567,0.6922286089073858
pooled_2025_scaler,44,26,0.6893005967140198,0.6921647216276706
pooled_2025_scaler,44,27,0.6890162825584412,0.6920881835149364
pooled_2025_scaler,44,28,0.6887161135673523,0.6919652270073798
pooled_2025_scaler,44,29,0.688401460647583,0.6917875535762907
pooled_2025_scaler,44,30,0.6880742907524109,0.6915544350911755
pooled_2025_scaler,44,31,0.6877356171607971,0.6912959446518626
pooled_2025_scaler,44,32,0.6873828172683716,0.6910730341301106
pooled_2025_scaler,44,33,0.6870129108428955,0.6908610522280595
pooled_2025_scaler,44,34,0.6866269111633301,0.6906171600765644
pooled_2025_scaler,44,35,0.6862237453460693,0.6903905910799629
pooled_2025_scaler,44,36,0.6858068108558655,0.6902048045708402
pooled_2025_scaler,44,37,0.6853790283203125,0.6900604949838459
pooled_2025_scaler,44,38,0.6849377155303955,0.6899010528463113
pooled_2025_scaler,44,39,0.6844803690910339,0.6897360936817942
pooled_2025_scaler,44,40,0.6840012669563293,0.6895911607194092
pooled_2025_scaler,44,41,0.6835007071495056,0.6893904197839444
pooled_2025_scaler,44,42,0.6829739809036255,0.6891614333546725
pooled_2025_scaler,44,43,0.6824269890785217,0.6889024691373838
pooled_2025_scaler,44,44,0.6818601489067078,0.6886332247452063
pooled_2025_scaler,44,45,0.6812679767608643,0.688385710741839
pooled_2025_scaler,44,46,0.6806426644325256,0.688066038447646
pooled_2025_scaler,44,47,0.6799911260604858,0.6876633739167913
pooled_2025_scaler,44,48,0.6793085932731628,0.6872114595808163
pooled_2025_scaler,44,49,0.6785985827445984,0.6867307391151516
pooled_2025_scaler,44,50,0.6778538227081299,0.6862114835650852
pooled_2025_scaler,44,51,0.6770753264427185,0.6856965192130882
pooled_2025_scaler,44,52,0.6762629151344299,0.6851898938072846
pooled_2025_scaler,44,53,0.675414502620697,0.6846148298353347
pooled_2025_scaler,44,54,0.6745254397392273,0.6839451475260186
pooled_2025_scaler,44,55,0.6735917329788208,0.6832697431595545
pooled_2025_scaler,44,56,0.6726226210594177,0.6826084199617896
pooled_2025_scaler,44,57,0.6716080904006958,0.681936335325533
pooled_2025_scaler,44,58,0.6705460548400879,0.6813199672682597
pooled_2025_scaler,44,59,0.6694413423538208,0.6808125246113932
pooled_2025_scaler,44,60,0.6682898998260498,0.6803169994949192
pooled_2025_scaler,44,61,0.6670898795127869,0.6799228958716241
pooled_2025_scaler,44,62,0.6658520102500916,0.6795670848775063
pooled_2025_scaler,44,63,0.6645796895027161,0.6791444158698919
pooled_2025_scaler,44,64,0.6632838845252991,0.6787180315449398
pooled_2025_scaler,44,65,0.6619579195976257,0.6782839670854038
pooled_2025_scaler,44,66,0.6606053709983826,0.6780349921043562
pooled_2025_scaler,44,67,0.659233808517456,0.6778897592598151
pooled_2025_scaler,44,68,0.6578410863876343,0.6777762432375846
pooled_2025_scaler,44,69,0.6564324498176575,0.6777454964301215
pooled_2025_scaler,44,70,0.6550029516220093,0.6778240624372408
pooled_2025_scaler,44,71,0.6535693407058716,0.6780029550362406
pooled_2025_scaler,44,72,0.6521403789520264,0.6782835743038528
pooled_2025_scaler,44,73,0.6507287621498108,0.6786712458297456
pooled_2025_scaler,44,74,0.6493189930915833,0.6791767170859985
pooled_2025_scaler,44,75,0.6479043960571289,0.679869942768359
pooled_2025_scaler,44,76,0.6464950442314148,0.6806937576662221
pooled_2025_scaler,44,77,0.6450963616371155,0.6816695704208982
pooled_2025_scaler,44,78,0.6437125205993652,0.6827955475382147
pooled_2025_scaler,44,79,0.6423530578613281,0.684032342600798
pooled_2025_scaler,44,80,0.6410186886787415,0.6853465481961035
pooled_2025_scaler,44,81,0.6397196650505066,0.6867665510346548
pooled_2025_scaler,44,82,0.6384603977203369,0.6882566650227769
pooled_2025_scaler,44,83,0.6372414827346802,0.6897804864367104
pooled_2025_scaler,44,84,0.6360679268836975,0.6913919164080807
pooled_2025_scaler,44,85,0.6349459290504456,0.6931022011109952
pooled_2025_scaler,44,86,0.6338767409324646,0.6949369336107458
pooled_2025_scaler,44,87,0.6328549981117249,0.6968862206585228
pooled_2025_scaler,44,88,0.6318877339363098,0.6988893009337687
pooled_2025_scaler,44,89,0.6309793591499329,0.7009992862210809
pooled_2025_scaler,44,90,0.6301289200782776,0.7032107335541674
pooled_2025_scaler,44,91,0.6293394565582275,0.7054994518246833
pooled_2025_scaler,44,92,0.6286136507987976,0.7079693717840896
pooled_2025_scaler,44,93,0.6279498338699341,0.7105358243472586
pooled_2025_scaler,44,94,0.6273459792137146,0.713156776411776
pooled_2025_scaler,44,95,0.6268031001091003,0.7158354188497805
pooled_2025_scaler,44,96,0.6263183951377869,0.7185764583420602
pooled_2025_scaler,44,97,0.6258869767189026,0.7213489956429375
pooled_2025_scaler,44,98,0.6255044341087341,0.7241230089633819
pooled_2025_scaler,44,99,0.6251697540283203,0.7268505521448921
pooled_recent_weights,42,1,0.6990393400192261,0.6891539175438549
pooled_recent_weights,42,2,0.6985974311828613,0.6892881215914441
pooled_recent_weights,42,3,0.6981557607650757,0.6894534580324887
pooled_recent_weights,42,4,0.6977109909057617,0.6896311807716541
pooled_recent_weights,42,5,0.6972688436508179,0.6896316581464028
pooled_recent_weights,42,6,0.6968286633491516,0.6894828777448305
pooled_recent_weights,42,7,0.696398913860321,0.6894600041385064
pooled_recent_weights,42,8,0.6959840655326843,0.6895349641450057
pooled_recent_weights,42,9,0.6955825686454773,0.6898622506057238
pooled_recent_weights,42,10,0.6951969265937805,0.690200454949596
pooled_recent_weights,42,11,0.6948433518409729,0.6906098893804551
pooled_recent_weights,42,12,0.6944815516471863,0.6907721422425502
pooled_recent_weights,42,13,0.6941535472869873,0.6909635909144466
pooled_recent_weights,42,14,0.6938263773918152,0.6911118820145994
pooled_recent_weights,42,15,0.6935067176818848,0.6911802233790156
pooled_recent_weights,42,16,0.6931954622268677,0.6911700630081214
pooled_recent_weights,42,17,0.6928916573524475,0.6911203702010074
pooled_recent_weights,42,18,0.6925855875015259,0.6910489934921333
pooled_recent_weights,42,19,0.692288875579834,0.6908681381130252
pooled_recent_weights,42,20,0.6919993162155151,0.6906321905149709
pooled_recent_weights,42,21,0.6917147040367126,0.6905344666595058
pooled_recent_weights,42,22,0.6914313435554504,0.6904109662353709
pooled_recent_weights,42,23,0.691142201423645,0.6903044938965587
pooled_recent_weights,42,24,0.6908567547798157,0.6902546996716892
pooled_recent_weights,42,25,0.6905679106712341,0.690254024898441
pooled_recent_weights,42,26,0.6902682185173035,0.6903845509544299
pooled_recent_weights,42,27,0.6899675130844116,0.6904892837904573
pooled_recent_weights,42,28,0.6896592974662781,0.6905814855924456
pooled_recent_weights,42,29,0.6893389225006104,0.6906724907876287
pooled_recent_weights,42,30,0.6890114545822144,0.6908141651977485
pooled_recent_weights,42,31,0.6886723637580872,0.6910106889463433
pooled_recent_weights,43,1,0.6889092326164246,0.6896669188998437
pooled_recent_weights,43,2,0.6880578994750977,0.6894957728843187
pooled_recent_weights,43,3,0.6872194409370422,0.6895287444367862
pooled_recent_weights,43,4,0.6863723397254944,0.6897875704755785
pooled_recent_weights,43,5,0.6855260133743286,0.6899524503127661
pooled_recent_weights,43,6,0.6846805810928345,0.6901040890288813
pooled_recent_weights,43,7,0.6838251352310181,0.6903653369742514
pooled_recent_weights,43,8,0.6829800605773926,0.6904703379647832
pooled_recent_weights,43,9,0.6821368932723999,0.6904807276702907
pooled_recent_weights,43,10,0.6813175678253174,0.6907719232622934
pooled_recent_weights,43,11,0.6804894804954529,0.6912185905858821
pooled_recent_weights,43,12,0.6796666979789734,0.6916986482796856
pooled_recent_weights,43,13,0.6788425445556641,0.6920214473337987
pooled_recent_weights,43,14,0.6780470609664917,0.6922347767436502
pooled_recent_weights,43,15,0.6772751212120056,0.6923854534367448
pooled_recent_weights,43,16,0.6765201687812805,0.6923506841255727
pooled_recent_weights,43,17,0.675772488117218,0.692253719450668
pooled_recent_weights,43,18,0.67503821849823,0.6921076653268319
pooled_recent_weights,43,19,0.674332857131958,0.6920142249173022
pooled_recent_weights,43,20,0.6736487150192261,0.6919871246827021
pooled_recent_weights,43,21,0.6729669570922852,0.6920263586328201
pooled_recent_weights,43,22,0.6722875237464905,0.692006177185963
pooled_recent_weights,43,23,0.6716117858886719,0.6918897695555547
pooled_recent_weights,43,24,0.6709365844726562,0.6918965002814605
pooled_recent_weights,43,25,0.6702651977539062,0.6919444055458337
pooled_recent_weights,43,26,0.669597327709198,0.6919506848357837
pooled_recent_weights,43,27,0.6689385175704956,0.6919812023985558
pooled_recent_weights,43,28,0.6682830452919006,0.6920990317715899
pooled_recent_weights,43,29,0.6676331758499146,0.6922412910519854
pooled_recent_weights,43,30,0.6669831275939941,0.6923377262312908
pooled_recent_weights,43,31,0.6663315892219543,0.692481646181114
pooled_recent_weights,43,32,0.6656806468963623,0.6926392888717192
pooled_recent_weights,44,1,0.6938983201980591,0.6927521878378726
pooled_recent_weights,44,2,0.693749725818634,0.6927813338159842
pooled_recent_weights,44,3,0.6935936212539673,0.6928467374663647
pooled_recent_weights,44,4,0.6934402585029602,0.6929687914603311
pooled_recent_weights,44,5,0.6932882070541382,0.6931224979696103
pooled_recent_weights,44,6,0.6931395530700684,0.6931052881521865
pooled_recent_weights,44,7,0.693005383014679,0.6930225065865042
pooled_recent_weights,44,8,0.6928793787956238,0.6929229950114583
pooled_recent_weights,44,9,0.6927616596221924,0.6928735776237518
pooled_recent_weights,44,10,0.6926526427268982,0.6928453109882831
pooled_recent_weights,44,11,0.6925418376922607,0.6928035304703872
pooled_recent_weights,44,12,0.6924269199371338,0.6927436395389205
pooled_recent_weights,44,13,0.692305326461792,0.6926663397750682
pooled_recent_weights,44,14,0.6921771168708801,0.692593769030766
pooled_recent_weights,44,15,0.6920405626296997,0.6925193917528869
pooled_recent_weights,44,16,0.6918947100639343,0.6924589601280676
pooled_recent_weights,44,17,0.6917390823364258,0.692398593989408
pooled_recent_weights,44,18,0.6915729641914368,0.692336034810218
pooled_recent_weights,44,19,0.6913970708847046,0.6922665940121115
pooled_recent_weights,44,20,0.6912127733230591,0.6921909625393906
pooled_recent_weights,44,21,0.691021740436554,0.6921242733850403
pooled_recent_weights,44,22,0.690822422504425,0.6920522301260612
pooled_recent_weights,44,23,0.6906112432479858,0.6919755850052876
pooled_recent_weights,44,24,0.6903859972953796,0.691893054294164
pooled_recent_weights,44,25,0.6901493072509766,0.6918128083151992
pooled_recent_weights,44,26,0.6899012327194214,0.6917018997616932
pooled_recent_weights,44,27,0.6896417737007141,0.6916095833550867
pooled_recent_weights,44,28,0.689368724822998,0.6915460209125752
pooled_recent_weights,44,29,0.6890838146209717,0.6914726569603499
pooled_recent_weights,44,30,0.6887862086296082,0.6914103394604055
pooled_recent_weights,44,31,0.6884734034538269,0.6913235849558699
pooled_recent_weights,44,32,0.6881489753723145,0.6911964392267744
pooled_recent_weights,44,33,0.6878089904785156,0.6910127903093091
pooled_recent_weights,44,34,0.6874537467956543,0.690778427504094
pooled_recent_weights,44,35,0.6870830059051514,0.6905150330158374
pooled_recent_weights,44,36,0.6866998672485352,0.6902554261601827
pooled_recent_weights,44,37,0.6863023638725281,0.6899839193316135
pooled_recent_weights,44,38,0.6858859658241272,0.6897452668116691
pooled_recent_weights,44,39,0.6854497790336609,0.6895352090306924
pooled_recent_weights,44,40,0.6849926114082336,0.6893621961310887
pooled_recent_weights,44,41,0.6845190525054932,0.6891867771005904
pooled_recent_weights,44,42,0.6840242743492126,0.6890587747841762
pooled_recent_weights,44,43,0.6835071444511414,0.6889006661361947
pooled_recent_weights,44,44,0.682966947555542,0.6886801402357738
pooled_recent_weights,44,45,0.6824001669883728,0.6883837889278795
pooled_recent_weights,44,46,0.6818044781684875,0.6880360080816923
pooled_recent_weights,44,47,0.6811768412590027,0.6875948852263758
pooled_recent_weights,44,48,0.6805182695388794,0.6870990010193252
pooled_recent_weights,44,49,0.6798325181007385,0.6865490273647115
pooled_recent_weights,44,50,0.6791191697120667,0.6860515961492177
pooled_recent_weights,44,51,0.6783759593963623,0.685501081728237
pooled_recent_weights,44,52,0.677594780921936,0.6849046050370591
pooled_recent_weights,44,53,0.6767805218696594,0.684330578911246
pooled_recent_weights,44,54,0.6759302020072937,0.6836764333147155
pooled_recent_weights,44,55,0.6750323176383972,0.6829947190542239
pooled_recent_weights,44,56,0.6740880012512207,0.6823794568874251
pooled_recent_weights,44,57,0.6731010675430298,0.6819028971483418
pooled_recent_weights,44,58,0.6720637679100037,0.6814556811918584
pooled_recent_weights,44,59,0.670985996723175,0.6809420290598001
pooled_recent_weights,44,60,0.6698704957962036,0.6805455421123082
pooled_recent_weights,44,61,0.668713390827179,0.6802003970455226
pooled_recent_weights,44,62,0.6675184369087219,0.6799310086274244
pooled_recent_weights,44,63,0.6662803292274475,0.679733009313044
pooled_recent_weights,44,64,0.6650121808052063,0.6795113626493563
pooled_recent_weights,44,65,0.6637235879898071,0.6793630368148253
pooled_recent_weights,44,66,0.662412166595459,0.6792473598476102
pooled_recent_weights,44,67,0.6610767245292664,0.6792825199751954
pooled_recent_weights,44,68,0.6597186326980591,0.6794199811013334
pooled_recent_weights,44,69,0.6583392024040222,0.6796191306431872
pooled_recent_weights,44,70,0.6569548845291138,0.6798455101522031
pooled_recent_weights,44,71,0.6555766463279724,0.6801625325989477
pooled_recent_weights,44,72,0.6542028188705444,0.6805485670318242
pooled_recent_weights,44,73,0.6528238654136658,0.680955017943593
pooled_recent_weights,44,74,0.6514541506767273,0.6814590562555468
pooled_recent_weights,44,75,0.6500946879386902,0.6821317857565019
pooled_recent_weights,44,76,0.6487468481063843,0.6829132016654975
pooled_recent_weights,44,77,0.6474184393882751,0.6838585540611856
pooled_recent_weights,44,78,0.6461118459701538,0.6848781085314687
pooled_recent_weights,44,79,0.6448371410369873,0.6860022608988657
pooled_recent_weights,44,80,0.6435962915420532,0.6872339745356005
pooled_recent_weights,44,81,0.642388641834259,0.6886060871267802
pooled_recent_weights,44,82,0.6412190794944763,0.6900985287177814
pooled_recent_weights,44,83,0.6400890350341797,0.6917284673201696
pooled_recent_weights,44,84,0.6390109658241272,0.6934700076090676
pooled_recent_weights,44,85,0.6379850506782532,0.6952789071580473
pooled_recent_weights,44,86,0.6370102763175964,0.6971783821454165
pooled_recent_weights,44,87,0.6360923647880554,0.6991744624808799
pooled_recent_weights,44,88,0.6352376937866211,0.7012454295448582
pooled_recent_weights,44,89,0.6344420909881592,0.7033940709176627
pooled_recent_weights,44,90,0.633701503276825,0.7056189553387918
pooled_recent_weights,44,91,0.6330212950706482,0.7080194339827929
pooled_recent_weights,44,92,0.6324050426483154,0.7104707511629086
pooled_recent_weights,44,93,0.6318475604057312,0.7129557020948163
pooled_recent_weights,44,94,0.6313472986221313,0.715478738325428
pooled_recent_weights,44,95,0.6309044361114502,0.7180473817666508
pooled_recent_weights,44,96,0.6305148601531982,0.7206357377450289
selected_2025,42,1,0.6999650597572327,0.6872325449282711
selected_2025,42,2,0.6995351314544678,0.6872103564020111
selected_2025,42,3,0.6991102695465088,0.6872786509426171
selected_2025,42,4,0.6986793875694275,0.6873578217471826
selected_2025,42,5,0.6982427835464478,0.6873780613599536
selected_2025,42,6,0.6978103518486023,0.6873446616764741
selected_2025,42,7,0.6973828673362732,0.6870755076845861
selected_2025,42,8,0.6969481706619263,0.6868147363191808
selected_2025,42,9,0.696505606174469,0.6865890209087879
selected_2025,42,10,0.6960591077804565,0.6864127992305291
selected_2025,42,11,0.6955796480178833,0.6862388884439039
selected_2025,42,12,0.6951181292533875,0.6857439366640237
selected_2025,42,13,0.6946512460708618,0.6854637142660265
selected_2025,42,14,0.6941889524459839,0.6851813736103995
selected_2025,42,15,0.6937135457992554,0.6849152639874293
selected_2025,42,16,0.6932576894760132,0.6847258607668459
selected_2025,42,17,0.6928460597991943,0.684372083036685
selected_2025,42,18,0.6924610733985901,0.6839376239194869
selected_2025,42,19,0.6920735239982605,0.683669308396363
selected_2025,42,20,0.6916831731796265,0.6835279452962064
selected_2025,42,21,0.6913231611251831,0.6834789505351309
selected_2025,42,22,0.6909576058387756,0.6833473007070686
selected_2025,42,23,0.6906124949455261,0.6832297779504058
selected_2025,42,24,0.6902667880058289,0.6831950961098786
selected_2025,42,25,0.6899157762527466,0.683193828140217
selected_2025,42,26,0.6895415782928467,0.6832600502234842
selected_2025,42,27,0.689164400100708,0.6832784146477358
selected_2025,42,28,0.6887884140014648,0.6832863536849746
selected_2025,42,29,0.6884160041809082,0.6833085896943735
selected_2025,42,30,0.6880261301994324,0.6833919542381127
selected_2025,42,31,0.6876296997070312,0.6835074652080065
selected_2025,42,32,0.6872308850288391,0.6836220923457398
selected_2025,42,33,0.6868343353271484,0.6837226986229417
selected_2025,42,34,0.6864374876022339,0.6838243255067994
selected_2025,42,35,0.6860517859458923,0.6839708682448511
selected_2025,42,36,0.6856663227081299,0.6841291399977337
selected_2025,42,37,0.6852758526802063,0.6842187588188642
selected_2025,42,38,0.6848676800727844,0.6843393506945203
selected_2025,42,39,0.684447169303894,0.6844735944044402
selected_2025,42,40,0.6840182542800903,0.6846388511214141
selected_2025,42,41,0.6835843324661255,0.684778477445178
selected_2025,42,42,0.683147132396698,0.6848250437364616
selected_2025,42,43,0.6827077865600586,0.684818094451009
selected_2025,42,44,0.6822621822357178,0.6848006569440275
selected_2025,42,45,0.6818068027496338,0.6847976681806284
selected_2025,42,46,0.6813570261001587,0.6848060832928631
selected_2025,42,47,0.6809196472167969,0.6848240455305825
selected_2025,42,48,0.6804847717285156,0.6848502907923238
selected_2025,42,49,0.6800463199615479,0.6848931701395033
selected_2025,42,50,0.6796090602874756,0.6849301351922329
selected_2025,42,51,0.6791785359382629,0.6849467291497734
selected_2025,42,52,0.6787528991699219,0.6849586492693109
selected_2025,42,53,0.6783296465873718,0.684983799139317
selected_2025,42,54,0.6779073476791382,0.6850089531406204
selected_2025,42,55,0.6774820685386658,0.6850513051666105
selected_2025,43,1,0.688532829284668,0.6877206660742876
selected_2025,43,2,0.6878066658973694,0.6881636137944704
selected_2025,43,3,0.6870543956756592,0.6885368606011916
selected_2025,43,4,0.6862738132476807,0.6884412049955464
selected_2025,43,5,0.6854667663574219,0.6883472367927022
selected_2025,43,6,0.6847326755523682,0.6883364019095897
selected_2025,43,7,0.6840246915817261,0.6882384218554751
selected_2025,43,8,0.6832745671272278,0.6881055313623963
selected_2025,43,9,0.6825273633003235,0.6881029754507836
selected_2025,43,10,0.6818128228187561,0.6880294915186537
selected_2025,43,11,0.6811083555221558,0.6881514930864686
selected_2025,43,12,0.680400013923645,0.6883984854395487
selected_2025,43,13,0.6797124743461609,0.6887469139098075
selected_2025,43,14,0.6790237426757812,0.6888524237602796
selected_2025,43,15,0.6783286929130554,0.6888709730462108
selected_2025,43,16,0.6776400208473206,0.6887090523121766
selected_2025,43,17,0.6769612431526184,0.688532358160595
selected_2025,43,18,0.6762949228286743,0.6883506341557076
selected_2025,43,19,0.6756542921066284,0.6881483802772645
selected_2025,43,20,0.675011932849884,0.6880004675786048
selected_2025,43,21,0.6743764877319336,0.6879672655398452
selected_2025,43,22,0.6737493872642517,0.6879906985380696
selected_2025,43,23,0.673130989074707,0.688036055511919
selected_2025,43,24,0.6725245118141174,0.6880187412689178
selected_2025,43,25,0.6719153523445129,0.68796057647057
selected_2025,43,26,0.6713124513626099,0.6877940299538013
selected_2025,43,27,0.6707155108451843,0.6875857729647776
selected_2025,43,28,0.6701309084892273,0.6874644043772237
selected_2025,43,29,0.6695515513420105,0.6873830982676054
selected_2025,43,30,0.6689754128456116,0.6872791037021838
selected_2025,43,31,0.6684080362319946,0.6871933033234995
selected_2025,43,32,0.6678451895713806,0.6871051904906128
selected_2025,43,33,0.6672840714454651,0.6869608818479978
selected_2025,43,34,0.6667205095291138,0.6868532694224094
selected_2025,43,35,0.6661685705184937,0.6867814470615633
selected_2025,43,36,0.665621817111969,0.6867063763449236
selected_2025,43,37,0.665072500705719,0.6866608442623211
selected_2025,43,38,0.6645248532295227,0.6866664830778384
selected_2025,43,39,0.6639739274978638,0.6866974982628148
selected_2025,43,40,0.6634214520454407,0.6867070566577714
selected_2025,43,41,0.6628775000572205,0.6867473263654106
selected_2025,43,42,0.6623342037200928,0.6868434812208773
selected_2025,43,43,0.661788284778595,0.6869515953850819
selected_2025,43,44,0.6612434983253479,0.6870637850755453
selected_2025,43,45,0.6607056856155396,0.6872299932673847
selected_2025,43,46,0.6601815223693848,0.6874255871690762
selected_2025,43,47,0.6596604585647583,0.687643928842154
selected_2025,43,48,0.6591387391090393,0.687854439662929
selected_2025,43,49,0.6586239337921143,0.688084691795229
selected_2025,43,50,0.6581130027770996,0.6883460627910498
selected_2025,43,51,0.6576072573661804,0.6886265666117464
selected_2025,43,52,0.6571038961410522,0.68888232299777
selected_2025,43,53,0.6566058993339539,0.6891344082650629
selected_2025,43,54,0.6561124324798584,0.6894041562416491
selected_2025,43,55,0.655626654624939,0.6897312171414879
selected_2025,43,56,0.6551468372344971,0.690078568584843
selected_2025,43,57,0.6546681523323059,0.6904403903239787
selected_2025,43,58,0.6541906595230103,0.6908126648378247
selected_2025,43,59,0.6537175178527832,0.691224966147144
selected_2025,43,60,0.6532490253448486,0.6916649540174218
selected_2025,43,61,0.6527828574180603,0.6921201460255368
selected_2025,43,62,0.6523188948631287,0.6925840721362903
selected_2025,43,63,0.6518569588661194,0.693052893124894
selected_2025,43,64,0.6513957381248474,0.6935223026657433
selected_2025,43,65,0.650938093662262,0.6939970545293461
selected_2025,43,66,0.6504831910133362,0.694507638749771
selected_2025,43,67,0.6500295996665955,0.6950325309874819
selected_2025,44,1,0.6938160061836243,0.6930261465327661
selected_2025,44,2,0.6936837434768677,0.6929122072482953
selected_2025,44,3,0.6935420632362366,0.692750817200146
selected_2025,44,4,0.6933888792991638,0.6925562609301784
selected_2025,44,5,0.6932312250137329,0.6923952816862787
selected_2025,44,6,0.6930782794952393,0.6922068065699267
selected_2025,44,7,0.692933201789856,0.6920666461289271
selected_2025,44,8,0.6928043365478516,0.6919862200101906
selected_2025,44,9,0.6926823854446411,0.6919359866134968
selected_2025,44,10,0.6925607323646545,0.691897958891153
selected_2025,44,11,0.6924449801445007,0.6918213327010853
selected_2025,44,12,0.6923338770866394,0.691739750087645
selected_2025,44,13,0.692223846912384,0.6916746827349366
selected_2025,44,14,0.6921099424362183,0.6916552623701104
selected_2025,44,15,0.6919937133789062,0.6916430077409401
selected_2025,44,16,0.6918748021125793,0.6916375238231636
selected_2025,44,17,0.6917551159858704,0.6916558481853547
selected_2025,44,18,0.691632091999054,0.6916770002100284
selected_2025,44,19,0.6915034651756287,0.6916921748854306
selected_2025,44,20,0.691368579864502,0.6916988855699987
selected_2025,44,21,0.6912274956703186,0.6916957063776727
selected_2025,44,22,0.6910790801048279,0.6916875292904361
selected_2025,44,23,0.6909223198890686,0.6916753972924488
selected_2025,44,24,0.6907568573951721,0.6916586013885787
selected_2025,44,25,0.6905840039253235,0.6916396478186515
selected_2025,44,26,0.6904029250144958,0.6916239775225871
selected_2025,44,27,0.6902118921279907,0.691595281763196
selected_2025,44,28,0.6900126338005066,0.6915515181935834
selected_2025,44,29,0.6898021101951599,0.6915045549910653
selected_2025,44,30,0.6895816922187805,0.6914583878292316
selected_2025,44,31,0.6893486976623535,0.691415552707586
selected_2025,44,32,0.6891045570373535,0.691377787043126
selected_2025,44,33,0.6888478994369507,0.6913083211875706
selected_2025,44,34,0.6885787844657898,0.6912273023613925
selected_2025,44,35,0.6882942914962769,0.6911758222030232
selected_2025,44,36,0.6879971623420715,0.6911196455235845
selected_2025,44,37,0.6876972913742065,0.6911040559905732
selected_2025,44,38,0.6873956918716431,0.6911023406866609
selected_2025,44,39,0.6870830059051514,0.6910820431217849
selected_2025,44,40,0.6867616772651672,0.6910735321541811
selected_2025,44,41,0.6864309310913086,0.691005886260159
selected_2025,44,42,0.6860899925231934,0.6909099777296163
selected_2025,44,43,0.6857495903968811,0.690801649492854
selected_2025,44,44,0.6853976249694824,0.6907436228292388
selected_2025,44,45,0.6850359439849854,0.6907654031368179
selected_2025,44,46,0.6846703290939331,0.6907717140653515
selected_2025,44,47,0.6842933893203735,0.6907031598460438
selected_2025,44,48,0.6838963031768799,0.690615031528464
selected_2025,44,49,0.6834854483604431,0.690502795868393
selected_2025,44,50,0.6830602884292603,0.6903470481308734
selected_2025,44,51,0.6826248168945312,0.6901617697275408
selected_2025,44,52,0.6821738481521606,0.6899704745137025
selected_2025,44,53,0.6817052960395813,0.6897885239233484
selected_2025,44,54,0.6812173128128052,0.6895996001846141
selected_2025,44,55,0.6807128190994263,0.6894098375797982
selected_2025,44,56,0.680189847946167,0.689218425155806
selected_2025,44,57,0.679654598236084,0.6890358254757418
selected_2025,44,58,0.6791021823883057,0.6888397144198198
selected_2025,44,59,0.6785333156585693,0.688638665539966
selected_2025,44,60,0.677943766117096,0.6884434034379823
selected_2025,44,61,0.6773328185081482,0.6882451102258452
selected_2025,44,62,0.6767011880874634,0.6880478881589135
selected_2025,44,63,0.6760488748550415,0.6878277707350531
selected_2025,44,64,0.6753768920898438,0.6876293249747828
selected_2025,44,65,0.6746892929077148,0.6874233289283185
selected_2025,44,66,0.673983633518219,0.6872205240571292
selected_2025,44,67,0.6732547879219055,0.6870099707093402
selected_2025,44,68,0.6725039482116699,0.6867686077133691
selected_2025,44,69,0.6717327833175659,0.6865349071716487
selected_2025,44,70,0.6709439158439636,0.6863402519159798
selected_2025,44,71,0.6701396703720093,0.6861588922012033
selected_2025,44,72,0.6693160533905029,0.6860013185097871
selected_2025,44,73,0.6684742569923401,0.6859142143987903
selected_2025,44,74,0.667611837387085,0.6858205151056163
selected_2025,44,75,0.6667273044586182,0.685724896756863
selected_2025,44,76,0.6658225655555725,0.6856806906160596
selected_2025,44,77,0.6649072766304016,0.6856519266050827
selected_2025,44,78,0.6639851927757263,0.6856330917994077
selected_2025,44,79,0.66306072473526,0.6856441955202561
selected_2025,44,80,0.662128210067749,0.6857118317415032
selected_2025,44,81,0.6611833572387695,0.6858175129905235
selected_2025,44,82,0.6602280735969543,0.6858833284601136
selected_2025,44,83,0.6592668294906616,0.6859582679941199
selected_2025,44,84,0.6582996845245361,0.6860663540668788
selected_2025,44,85,0.6573271751403809,0.6862389112748238
selected_2025,44,86,0.6563490033149719,0.686436960477269
selected_2025,44,87,0.6553769111633301,0.6866860558822548
selected_2025,44,88,0.6544131636619568,0.6870095267194849
selected_2025,44,89,0.653455376625061,0.6874356484023397
selected_2025,44,90,0.65250563621521,0.6879403877851423
selected_2025,44,91,0.6515609622001648,0.6884922122807052
selected_2025,44,92,0.6506323218345642,0.6890178227055923
selected_2025,44,93,0.6497097611427307,0.6895354072371118
selected_2025,44,94,0.6488023400306702,0.6900724084826974
selected_2025,44,95,0.6479038596153259,0.6907133763996319
selected_2025,44,96,0.6470307111740112,0.6914614852000477
selected_2025,44,97,0.6461745500564575,0.6923424971412393
selected_2025,44,98,0.6453573703765869,0.6932887417793498
selected_2025,44,99,0.6445749998092651,0.6942709612767409
selected_2025,44,100,0.6438362002372742,0.6953972361372617
selected_2025,44,101,0.643134593963623,0.6965950038704296
selected_2025,44,102,0.6424552202224731,0.6978074596810253
selected_2025,44,103,0.6418006420135498,0.6991044529196895
selected_2025,44,104,0.6412028670310974,0.7006202222656733
selected_2025,44,105,0.6406715512275696,0.7023100504027665
selected_2025,44,106,0.6402037143707275,0.7041002144753583
selected_2025,44,107,0.6397882699966431,0.7058639961535849
selected_2025,44,108,0.6393879055976868,0.7075823098230724
selected_2024_2025,42,1,0.701028048992157,0.6888310384240828
selected_2024_2025,42,2,0.700557291507721,0.6889277327470218
selected_2024_2025,42,3,0.7000890970230103,0.6890314465519679
selected_2024_2025,42,4,0.6996281147003174,0.6891109131811889
selected_2024_2025,42,5,0.6991761922836304,0.6891103720380106
selected_2024_2025,42,6,0.6987308859825134,0.6889867289645988
selected_2024_2025,42,7,0.6982884407043457,0.6888721196697641
selected_2024_2025,42,8,0.6978477835655212,0.6887610810499107
selected_2024_2025,42,9,0.6974113583564758,0.6886019125792643
selected_2024_2025,42,10,0.6969860792160034,0.6884764028458114
selected_2024_2025,42,11,0.6965705156326294,0.6883691180912918
selected_2024_2025,42,12,0.6961684823036194,0.6882710853402719
selected_2024_2025,42,13,0.6957987546920776,0.6880040636946884
selected_2024_2025,42,14,0.6954648494720459,0.6879136843432739
selected_2024_2025,42,15,0.6951391100883484,0.6877363137090534
selected_2024_2025,42,16,0.6948240399360657,0.6875238864364595
selected_2024_2025,42,17,0.694502055644989,0.687113064375457
selected_2024_2025,42,18,0.6941819190979004,0.6866587651982317
selected_2024_2025,42,19,0.6938688158988953,0.6863506802802924
selected_2024_2025,42,20,0.693550169467926,0.6861109780494711
selected_2024_2025,42,21,0.6932320594787598,0.6859136181880764
selected_2024_2025,42,22,0.6929275393486023,0.6857598514159624
selected_2024_2025,42,23,0.6926357746124268,0.6856187667295225
selected_2024_2025,42,24,0.6923438906669617,0.6855364789769097
selected_2024_2025,42,25,0.6920540928840637,0.6854649587214952
selected_2024_2025,42,26,0.6917532086372375,0.6853750183869278
selected_2024_2025,42,27,0.6914494037628174,0.6852559719161143
selected_2024_2025,42,28,0.691142737865448,0.685150724266923
selected_2024_2025,42,29,0.6908257007598877,0.6850375404944715
selected_2024_2025,42,30,0.6904982924461365,0.6849432388838604
selected_2024_2025,42,31,0.6901630759239197,0.6849695037495052
selected_2024_2025,42,32,0.6898226737976074,0.6850001925429796
selected_2024_2025,42,33,0.6894809603691101,0.6850275715539553
selected_2024_2025,42,34,0.689134955406189,0.6850844507517546
selected_2024_2025,42,35,0.6887710094451904,0.6851640787119955
selected_2024_2025,42,36,0.6883925795555115,0.6852801095626166
selected_2024_2025,42,37,0.6880083680152893,0.6853586414754371
selected_2024_2025,42,38,0.6876235008239746,0.6853744210723952
selected_2024_2025,42,39,0.6872286200523376,0.6854484002822978
selected_2024_2025,42,40,0.6868149042129517,0.6855332551566952
selected_2024_2025,42,41,0.6863940358161926,0.6855584468050824
selected_2024_2025,42,42,0.6859614253044128,0.6855642106389312
selected_2024_2025,42,43,0.685518205165863,0.6855028823820672
selected_2024_2025,42,44,0.6850588321685791,0.6854457468526298
selected_2024_2025,42,45,0.6845883727073669,0.6854304949349944
selected_2024_2025,42,46,0.684095561504364,0.6853971162283412
selected_2024_2025,42,47,0.6835795044898987,0.6853425769304967
selected_2024_2025,42,48,0.6830363273620605,0.685289931975946
selected_2024_2025,42,49,0.6824904084205627,0.6852276835016062
selected_2024_2025,42,50,0.6819398999214172,0.685139331716261
selected_2024_2025,42,51,0.6813696622848511,0.6850224581247254
selected_2024_2025,42,52,0.6807782053947449,0.6848516841599107
selected_2024_2025,42,53,0.6801773309707642,0.6847094764312711
selected_2024_2025,42,54,0.679557740688324,0.6845545158077547
selected_2024_2025,42,55,0.6789063811302185,0.6843617779053394
selected_2024_2025,42,56,0.6782317161560059,0.6842270697015946
selected_2024_2025,42,57,0.6775264143943787,0.6841541114367591
selected_2024_2025,42,58,0.6767776608467102,0.6840830536971954
selected_2024_2025,42,59,0.6759742498397827,0.6840939464279852
selected_2024_2025,42,60,0.6751364469528198,0.6841902787462725
selected_2024_2025,42,61,0.6742570400238037,0.6842901113522365
selected_2024_2025,42,62,0.6733466386795044,0.6844039953431379
selected_2024_2025,42,63,0.6724041700363159,0.6845899065262265
selected_2024_2025,42,64,0.6714138388633728,0.6848388304129363
selected_2024_2025,42,65,0.6703999042510986,0.6850651319351317
selected_2024_2025,42,66,0.6693804860115051,0.6853386572154342
selected_2024_2025,42,67,0.6683669090270996,0.6856613357118068
selected_2024_2025,42,68,0.6673519015312195,0.6859070266404947
selected_2024_2025,42,69,0.6663220524787903,0.68611413369421
selected_2024_2025,42,70,0.6652765870094299,0.686403668376989
selected_2024_2025,42,71,0.6642225980758667,0.6867290976943589
selected_2024_2025,42,72,0.6631597280502319,0.6870175606275092
selected_2024_2025,42,73,0.66209477186203,0.6873180169566678
selected_2024_2025,42,74,0.6610159873962402,0.6876012571805112
selected_2024_2025,42,75,0.6599255204200745,0.6879114879508587
selected_2024_2025,42,76,0.6588341593742371,0.6882626266365542
selected_2024_2025,42,77,0.6577314138412476,0.6886539237759151
selected_2024_2025,42,78,0.6566247344017029,0.689127148013048
selected_2024_2025,42,79,0.6555094718933105,0.6895782352509953
selected_2024_2025,42,80,0.6543892025947571,0.6900304967080009
selected_2024_2025,42,81,0.6532630324363708,0.6904883945318846
selected_2024_2025,42,82,0.6521376967430115,0.6910235652432251
selected_2024_2025,42,83,0.6510104537010193,0.6915311742800672
selected_2024_2025,42,84,0.6498850584030151,0.6919681143903812
selected_2024_2025,42,85,0.6487681269645691,0.6924210340671665
selected_2024_2025,42,86,0.6476536989212036,0.6928612468695318
selected_2024_2025,42,87,0.6465426087379456,0.6933296268644987
selected_2024_2025,42,88,0.6454395651817322,0.6937746676637404
selected_2024_2025,43,1,0.6878576874732971,0.6859800610099303
selected_2024_2025,43,2,0.6869104504585266,0.6861617727279967
selected_2024_2025,43,3,0.6859694123268127,0.686459468662355
selected_2024_2025,43,4,0.6850465536117554,0.686808660920936
selected_2024_2025,43,5,0.6841590404510498,0.687098099660282
selected_2024_2025,43,6,0.683271586894989,0.6872169746503696
selected_2024_2025,43,7,0.6823873519897461,0.6874569856008806
selected_2024_2025,43,8,0.6815105676651001,0.6876635303335458
selected_2024_2025,43,9,0.6806233525276184,0.6875263803328857
selected_2024_2025,43,10,0.6797729730606079,0.6874917106800758
selected_2024_2025,43,11,0.678947389125824,0.687612509204298
selected_2024_2025,43,12,0.6781437397003174,0.687802513126071
selected_2024_2025,43,13,0.6773417592048645,0.6881485989082652
selected_2024_2025,43,14,0.6765556335449219,0.6883717057240076
selected_2024_2025,43,15,0.6757871508598328,0.6886220635921086
selected_2024_2025,43,16,0.6750150322914124,0.688882059924528
selected_2024_2025,43,17,0.6742590665817261,0.6889240211128871
selected_2024_2025,43,18,0.6735225319862366,0.6888458757931039
selected_2024_2025,43,19,0.6727880835533142,0.6886868196386485
selected_2024_2025,43,20,0.6720550060272217,0.6885328285018799
selected_2024_2025,43,21,0.671323299407959,0.6883938171718597
selected_2024_2025,43,22,0.6705918908119202,0.6883149891442784
selected_2024_2025,43,23,0.6698641180992126,0.688266214907255
selected_2024_2025,43,24,0.669135332107544,0.6882261884535241
selected_2024_2025,43,25,0.6684048771858215,0.6882157133534061
selected_2024_2025,43,26,0.6676644682884216,0.688222531317847
selected_2024_2025,43,27,0.6669204235076904,0.6882160637817372
selected_2024_2025,43,28,0.6661766171455383,0.68822565080095
selected_2024_2025,43,29,0.6654317378997803,0.6883376805181366
selected_2024_2025,43,30,0.6646822690963745,0.6884992635288412
selected_2024_2025,43,31,0.6639323234558105,0.6886737807260841
selected_2024_2025,44,1,0.693881630897522,0.6928038901928282
selected_2024_2025,44,2,0.69371098279953,0.6926982322126406
selected_2024_2025,44,3,0.6935386061668396,0.6925358400787603
selected_2024_2025,44,4,0.6933660507202148,0.6923612695938322
selected_2024_2025,44,5,0.6931878328323364,0.6922050694202758
selected_2024_2025,44,6,0.6930109262466431,0.6920674370810576
selected_2024_2025,44,7,0.6928356289863586,0.6919540179702417
selected_2024_2025,44,8,0.692660391330719,0.6918894834297488
selected_2024_2025,44,9,0.692487895488739,0.6917864446856418
selected_2024_2025,44,10,0.6923193335533142,0.6916828825807456
selected_2024_2025,44,11,0.6921557784080505,0.6915971185747252
selected_2024_2025,44,12,0.6919916272163391,0.6915450088894937
selected_2024_2025,44,13,0.6918224096298218,0.691500130173002
selected_2024_2025,44,14,0.691650390625,0.6914521342854228
selected_2024_2025,44,15,0.6914741396903992,0.6913930778199495
selected_2024_2025,44,16,0.6912900805473328,0.6913547959688925
selected_2024_2025,44,17,0.6911008954048157,0.6913158323734668
selected_2024_2025,44,18,0.6909063458442688,0.6912597117027792
selected_2024_2025,44,19,0.690701961517334,0.6911934068776522
selected_2024_2025,44,20,0.6904856562614441,0.6911139965409064
selected_2024_2025,44,21,0.6902568936347961,0.6910435126189438
selected_2024_2025,44,22,0.6900178790092468,0.6909675968318542
selected_2024_2025,44,23,0.6897680759429932,0.6908927715139089
selected_2024_2025,44,24,0.6895045042037964,0.690816747748654
selected_2024_2025,44,25,0.6892276406288147,0.6907403603497462
selected_2024_2025,44,26,0.6889365911483765,0.69066490083744
selected_2024_2025,44,27,0.6886335611343384,0.6905902380850796
selected_2024_2025,44,28,0.6883155107498169,0.6905359027528811
selected_2024_2025,44,29,0.6879821419715881,0.6904405089475404
selected_2024_2025,44,30,0.6876310110092163,0.6902967865165737
selected_2024_2025,44,31,0.6872609853744507,0.6901208385360146
selected_2024_2025,44,32,0.6868744492530823,0.6899143758534212
selected_2024_2025,44,33,0.6864681839942932,0.68971052362545
selected_2024_2025,44,34,0.6860489249229431,0.6895625752959235
selected_2024_2025,44,35,0.685616672039032,0.6894645283735761
selected_2024_2025,44,36,0.6851637363433838,0.6894004097597121
selected_2024_2025,44,37,0.6846852898597717,0.6893218049573794
selected_2024_2025,44,38,0.6841859817504883,0.6892278373005073
selected_2024_2025,44,39,0.6836662888526917,0.6889985756648982
selected_2024_2025,44,40,0.6831247806549072,0.6887164726383942
selected_2024_2025,44,41,0.6825597882270813,0.6884942738835541
selected_2024_2025,44,42,0.6819732189178467,0.6882514679042427
selected_2024_2025,44,43,0.6813613176345825,0.6880045041600139
selected_2024_2025,44,44,0.6807278990745544,0.6876945136651915
selected_2024_2025,44,45,0.6800615787506104,0.6873061475861172
selected_2024_2025,44,46,0.6793661713600159,0.6868707920445264
selected_2024_2025,44,47,0.6786413788795471,0.6864206157963606
selected_2024_2025,44,48,0.6778819561004639,0.6859060299332029
selected_2024_2025,44,49,0.6770857572555542,0.6853027192289007
selected_2024_2025,44,50,0.6762628555297852,0.6845865862678118
selected_2024_2025,44,51,0.675399124622345,0.6837799669988939
selected_2024_2025,44,52,0.6744881272315979,0.6829574010529783
selected_2024_2025,44,53,0.6735273599624634,0.6822190986001971
selected_2024_2025,44,54,0.672524631023407,0.6815404431224898
selected_2024_2025,44,55,0.6714826822280884,0.6809368739921776
selected_2024_2025,44,56,0.6704033017158508,0.6803983355250097
selected_2024_2025,44,57,0.669274091720581,0.6798617243132047
selected_2024_2025,44,58,0.6681079268455505,0.6793655387847518
selected_2024_2025,44,59,0.6669074296951294,0.6788532886622615
selected_2024_2025,44,60,0.6656686067581177,0.6784046069082823
selected_2024_2025,44,61,0.6643913388252258,0.6779840617167893
selected_2024_2025,44,62,0.6630726456642151,0.6776206159037427
selected_2024_2025,44,63,0.6617302894592285,0.6772157664209509
selected_2024_2025,44,64,0.6603699326515198,0.6768855459783835
selected_2024_2025,44,65,0.658983051776886,0.6766193349755069
selected_2024_2025,44,66,0.6575753092765808,0.6764309259752233
selected_2024_2025,44,67,0.6561498045921326,0.676222334385816
selected_2024_2025,44,68,0.6547002792358398,0.6760810428227422
selected_2024_2025,44,69,0.6532312631607056,0.6760603483176323
selected_2024_2025,44,70,0.6517466902732849,0.6761183676012917
selected_2024_2025,44,71,0.6502500772476196,0.6763182092537687
selected_2024_2025,44,72,0.6487419605255127,0.6766511435781777
selected_2024_2025,44,73,0.6472342610359192,0.6770537244733887
selected_2024_2025,44,74,0.6457414031028748,0.6775800616622362
selected_2024_2025,44,75,0.6442528367042542,0.6782075472223856
selected_2024_2025,44,76,0.6427706480026245,0.6789237156740878
selected_2024_2025,44,77,0.6413028836250305,0.6797756951045607
selected_2024_2025,44,78,0.639856219291687,0.680766053856592
selected_2024_2025,44,79,0.6384279727935791,0.6818893779725548
selected_2024_2025,44,80,0.63701993227005,0.6831252456983663
selected_2024_2025,44,81,0.6356369256973267,0.6844195768081328
selected_2024_2025,44,82,0.6342813372612,0.6858750957469119
selected_2024_2025,44,83,0.6329624056816101,0.6874414768149378
selected_2024_2025,44,84,0.6316865086555481,0.6891218216104104
selected_2024_2025,44,85,0.6304574012756348,0.6908792113854944
selected_2024_2025,44,86,0.629272997379303,0.6927524358255311
selected_2024_2025,44,87,0.6281375885009766,0.6947425285636104
selected_2024_2025,44,88,0.6270602345466614,0.6968293725959364
selected_2024_2025,44,89,0.6260403990745544,0.6990129768017314
selected_2024_2025,44,90,0.6250824928283691,0.7013138650142675
selected_2024_2025,44,91,0.6241881251335144,0.7037044750987471
selected_2024_2025,44,92,0.6233589053153992,0.7061900898442928
selected_2024_2025,44,93,0.622592568397522,0.7087632172045267
selected_2024_2025,44,94,0.6218870282173157,0.7113463773060698
selected_2024_2025,44,95,0.621245801448822,0.7139745092599913
selected_2024_2025,44,96,0.6206651926040649,0.7166143605746214
selected_2024_2025,44,97,0.6201462745666504,0.7192660011234118
selected_2024_2025,44,98,0.6196801662445068,0.7219308261600429
selected_2024_2025,44,99,0.6192646026611328,0.7245604767364126
selected_2023_2025,42,1,0.7002249956130981,0.6891777215424197
selected_2023_2025,42,2,0.6998071074485779,0.689199399284965
selected_2023_2025,42,3,0.6993895173072815,0.6890839641464584
selected_2023_2025,42,4,0.6989732384681702,0.6889449777427504
selected_2023_2025,42,5,0.6985539793968201,0.6888140154411851
selected_2023_2025,42,6,0.6981276869773865,0.6885873465679184
selected_2023_2025,42,7,0.6976961493492126,0.6883927842643393
selected_2023_2025,42,8,0.6972487568855286,0.6881511432004502
selected_2023_2025,42,9,0.6967939138412476,0.6878517789133272
selected_2023_2025,42,10,0.6963576674461365,0.6875007171527179
selected_2023_2025,42,11,0.6959264874458313,0.6872418698870703
selected_2023_2025,42,12,0.6954851150512695,0.6870105811150002
selected_2023_2025,42,13,0.6950553059577942,0.686787875245895
selected_2023_2025,42,14,0.6946398615837097,0.6865712090249109
selected_2023_2025,42,15,0.6942440867424011,0.6863566279682118
selected_2023_2025,42,16,0.6938458681106567,0.6860820782554706
selected_2023_2025,42,17,0.6934629082679749,0.6859288898106956
selected_2023_2025,42,18,0.6930827498435974,0.6858291408949322
selected_2023_2025,42,19,0.692716658115387,0.6858182898645567
selected_2023_2025,42,20,0.6923460960388184,0.6857815952018237
selected_2023_2025,42,21,0.691985011100769,0.6858281721700425
selected_2023_2025,42,22,0.6916251182556152,0.6858079056866724
selected_2023_2025,42,23,0.6912581324577332,0.6858416748702961
selected_2023_2025,42,24,0.6908780336380005,0.6859527759144173
selected_2023_2025,42,25,0.6904878616333008,0.6860369717974597
selected_2023_2025,42,26,0.6901040077209473,0.6860213149724437
selected_2023_2025,42,27,0.6897258162498474,0.6859977665618796
selected_2023_2025,42,28,0.6893503665924072,0.6860533677797858
selected_2023_2025,42,29,0.6889697313308716,0.6861296924408481
selected_2023_2025,42,30,0.6885814070701599,0.6862297270683183
selected_2023_2025,42,31,0.6881795525550842,0.6863918006486376
selected_2023_2025,42,32,0.6877632737159729,0.6865310781158132
selected_2023_2025,42,33,0.6873446106910706,0.6866171280777041
selected_2023_2025,42,34,0.6869211792945862,0.6867191709944681
selected_2023_2025,42,35,0.6864899396896362,0.6868748879840207
selected_2023_2025,42,36,0.6860486268997192,0.6869599921063866
selected_2023_2025,42,37,0.6855963468551636,0.6870008423809405
selected_2023_2025,42,38,0.6851349472999573,0.6869838025351971
selected_2023_2025,42,39,0.6846684813499451,0.6869683968342161
selected_2023_2025,42,40,0.684187650680542,0.6869209115718374
selected_2023_2025,42,41,0.6836961507797241,0.6868981038069126
selected_2023_2025,42,42,0.6831886768341064,0.6868062396273702
selected_2023_2025,42,43,0.682666540145874,0.6867562942975799
selected_2023_2025,42,44,0.6821308732032776,0.6866879839972426
selected_2023_2025,42,45,0.6815787553787231,0.6866060039730959
selected_2023_2025,42,46,0.681007444858551,0.6865060320397043
selected_2023_2025,42,47,0.6804220676422119,0.6864752521330603
selected_2023_2025,42,48,0.679828405380249,0.6864675602727198
selected_2023_2025,42,49,0.6792135238647461,0.6864495889662514
selected_2023_2025,42,50,0.6785876750946045,0.6865094949972192
selected_2023_2025,43,1,0.6882575750350952,0.6856698254691197
selected_2023_2025,43,2,0.6873235106468201,0.6857939146123005
selected_2023_2025,43,3,0.6863868236541748,0.686109684206502
selected_2023_2025,43,4,0.6854709982872009,0.6864482063970332
selected_2023_2025,43,5,0.6845714449882507,0.6866054114399085
selected_2023_2025,43,6,0.6836879849433899,0.6868746866027788
selected_2023_2025,43,7,0.6828107237815857,0.6871379171396006
selected_2023_2025,43,8,0.6819434762001038,0.6873442352142141
selected_2023_2025,43,9,0.681084156036377,0.6873269431559028
selected_2023_2025,43,10,0.6802381873130798,0.6873452918903471
selected_2023_2025,43,11,0.6794015765190125,0.6875212806096057
selected_2023_2025,43,12,0.6785870790481567,0.6877915853775597
selected_2023_2025,43,13,0.6777881979942322,0.6881045667576604
selected_2023_2025,43,14,0.6769920587539673,0.6884558298231925
selected_2023_2025,43,15,0.6762149333953857,0.6887196429820416
selected_2023_2025,43,16,0.6754602193832397,0.6889513754759152
selected_2023_2025,43,17,0.6747238039970398,0.6890390081369188
selected_2023_2025,43,18,0.67400723695755,0.6889569088636407
selected_2023_2025,43,19,0.6733126640319824,0.6888249600856067
selected_2023_2025,43,20,0.6726228594779968,0.6886483381327053
selected_2023_2025,43,21,0.6719307899475098,0.6885867640198614
selected_2023_2025,43,22,0.6712350249290466,0.6885419638016654
selected_2023_2025,43,23,0.6705468893051147,0.6885254795941564
selected_2023_2025,43,24,0.6698618531227112,0.6885595843449588
selected_2023_2025,43,25,0.6691744327545166,0.6885946039124604
selected_2023_2025,43,26,0.6684913635253906,0.6886551937150326
selected_2023_2025,43,27,0.6678126454353333,0.6887245198509397
selected_2023_2025,43,28,0.6671366691589355,0.6887949526328064
selected_2023_2025,43,29,0.6664566397666931,0.6889462499378335
selected_2023_2025,43,30,0.6657801866531372,0.6891279793505201
selected_2023_2025,43,31,0.6651033163070679,0.6892667413758491
selected_2023_2025,44,1,0.6939020156860352,0.6928739597912653
selected_2023_2025,44,2,0.6937448978424072,0.6928136048597834
selected_2023_2025,44,3,0.6935781836509705,0.6926971534204318
selected_2023_2025,44,4,0.693414568901062,0.6925690312695939
selected_2023_2025,44,5,0.6932490468025208,0.69244144510977
selected_2023_2025,44,6,0.6930792331695557,0.6922927135498863
selected_2023_2025,44,7,0.6929105520248413,0.6921773151073148
selected_2023_2025,44,8,0.6927487850189209,0.6920089403341202
selected_2023_2025,44,9,0.6925877928733826,0.6919106629523658
selected_2023_2025,44,10,0.6924301981925964,0.6918170178996556
selected_2023_2025,44,11,0.6922735571861267,0.6917387445338576
selected_2023_2025,44,12,0.6921108365058899,0.6917005226159416
selected_2023_2025,44,13,0.6919470429420471,0.6916577632574361
selected_2023_2025,44,14,0.6917816996574402,0.691622702478515
selected_2023_2025,44,15,0.6916112303733826,0.6915713579597297
selected_2023_2025,44,16,0.6914355754852295,0.6914874644361279
selected_2023_2025,44,17,0.6912539601325989,0.6914115484636971
selected_2023_2025,44,18,0.6910624504089355,0.69135983220865
selected_2023_2025,44,19,0.6908616423606873,0.6913111517375794
selected_2023_2025,44,20,0.6906515955924988,0.6912565540276903
selected_2023_2025,44,21,0.6904312968254089,0.6911895821767916
selected_2023_2025,44,22,0.6902013421058655,0.6911026819280615
selected_2023_2025,44,23,0.6899616718292236,0.691032023990255
selected_2023_2025,44,24,0.6897097826004028,0.6909709154635283
selected_2023_2025,44,25,0.6894455552101135,0.6909055405231843
selected_2023_2025,44,26,0.6891661286354065,0.690834789173538
selected_2023_2025,44,27,0.6888707280158997,0.6907849365672205
selected_2023_2025,44,28,0.6885621547698975,0.6906983804084853
selected_2023_2025,44,29,0.6882374286651611,0.6905920040407
selected_2023_2025,44,30,0.6878988146781921,0.690486716611746
selected_2023_2025,44,31,0.6875467896461487,0.6903596573430858
selected_2023_2025,44,32,0.6871805191040039,0.6902272826168403
selected_2023_2025,44,33,0.6867983937263489,0.6900931167918471
selected_2023_2025,44,34,0.6863992810249329,0.6899470705930073
selected_2023_2025,44,35,0.6859861612319946,0.6898044807550447
selected_2023_2025,44,36,0.6855592131614685,0.6895807767526332
selected_2023_2025,44,37,0.685113251209259,0.6893147122127918
selected_2023_2025,44,38,0.684650719165802,0.6890945878365211
selected_2023_2025,44,39,0.6841681003570557,0.6888633338151617
selected_2023_2025,44,40,0.6836566925048828,0.6886653069011216
selected_2023_2025,44,41,0.6831204891204834,0.68846431439642
selected_2023_2025,44,42,0.6825588941574097,0.6882021399681252
selected_2023_2025,44,43,0.6819746494293213,0.6878679958277918
selected_2023_2025,44,44,0.6813666224479675,0.6874818293316896
selected_2023_2025,44,45,0.6807354688644409,0.6869775059585289
selected_2023_2025,44,46,0.6800788044929504,0.6864817438288103
selected_2023_2025,44,47,0.6793923377990723,0.6858568260664434
selected_2023_2025,44,48,0.6786792278289795,0.685153599181199
selected_2023_2025,44,49,0.6779314279556274,0.6844721838465488
selected_2023_2025,44,50,0.6771448254585266,0.6837444384083005
selected_2023_2025,44,51,0.676323652267456,0.6830024963283055
selected_2023_2025,44,52,0.6754749417304993,0.6822682167415769
selected_2023_2025,44,53,0.6745913624763489,0.6815591862683363
selected_2023_2025,44,54,0.6736729145050049,0.6808873909195077
selected_2023_2025,44,55,0.6727139949798584,0.6802153515493051
selected_2023_2025,44,56,0.6717210412025452,0.6796397599539291
selected_2023_2025,44,57,0.6707012057304382,0.6791395769580131
selected_2023_2025,44,58,0.6696488261222839,0.6785965486250986
selected_2023_2025,44,59,0.6685559153556824,0.6781845239011891
selected_2023_2025,44,60,0.6674293279647827,0.677847637027839
selected_2023_2025,44,61,0.6662734150886536,0.6775714758406437
selected_2023_2025,44,62,0.665091872215271,0.6772996109586473
selected_2023_2025,44,63,0.6638917922973633,0.6770829201104303
selected_2023_2025,44,64,0.6626678109169006,0.6769136835693648
selected_2023_2025,44,65,0.6614202260971069,0.6767164223337854
selected_2023_2025,44,66,0.660153865814209,0.67658186906485
selected_2023_2025,44,67,0.6588689088821411,0.6764728742125834
selected_2023_2025,44,68,0.6575697660446167,0.6764843646893577
selected_2023_2025,44,69,0.6562584638595581,0.676619447112843
selected_2023_2025,44,70,0.6549375653266907,0.6767628474214132
selected_2023_2025,44,71,0.6536291837692261,0.6769193438950952
selected_2023_2025,44,72,0.6523191928863525,0.6772036440841384
selected_2023_2025,44,73,0.6510085463523865,0.677614996761125
selected_2023_2025,44,74,0.6497011184692383,0.6781088315328349
selected_2023_2025,44,75,0.6483981013298035,0.6786985822832837
selected_2023_2025,44,76,0.6471039652824402,0.6793694618283485
selected_2023_2025,44,77,0.6458195447921753,0.680107367194645
selected_2023_2025,44,78,0.6445503830909729,0.6809380910945525
selected_2023_2025,44,79,0.643301784992218,0.6818736404853313
selected_2023_2025,44,80,0.6420705318450928,0.6829372095438555
selected_2023_2025,44,81,0.640862762928009,0.6841155618902309
selected_2023_2025,44,82,0.6396818161010742,0.6854087628742546
selected_2023_2025,44,83,0.6385321617126465,0.6868117109436938
selected_2023_2025,44,84,0.6374152898788452,0.6883315648168205
selected_2023_2025,44,85,0.6363372206687927,0.6899495890541598
selected_2023_2025,44,86,0.6352997422218323,0.6916698023634061
selected_2023_2025,44,87,0.6343037486076355,0.6935006710245775
selected_2023_2025,44,88,0.6333531141281128,0.6954268607067458
selected_2023_2025,44,89,0.6324491500854492,0.6974285051542002
selected_2023_2025,44,90,0.6315938830375671,0.6995316777052624
selected_2023_2025,44,91,0.6307888627052307,0.7017269040267123
selected_2023_2025,44,92,0.6300374269485474,0.7040292741375415
selected_2023_2025,44,93,0.6293402910232544,0.7064043086147881
selected_2023_2025,44,94,0.6286972761154175,0.7088328999907006
selected_2023_2025,44,95,0.6281047463417053,0.7112998893352535
selected_2023_2025,44,96,0.6275609731674194,0.7137991342115916
selected_2023_2025,44,97,0.6270643472671509,0.7163154697602745
