variant,period,n,correct,accuracy,roc_auc,log_loss,brier_score,probability_min,probability_max
always_50,all_311,311,159,0.5112540192926045,0.5,0.6931471805599454,0.25,0.5,0.5
always_50,development_232,232,115,0.4956896551724138,0.5,0.6931471805599452,0.25,0.5,0.5
always_50,recent_79,79,44,0.5569620253164557,0.5,0.6931471805599455,0.25,0.5,0.5
base_7,all_311,311,178,0.572347266881029,0.576961271102284,0.6945463438442805,0.24942554320367802,0.19832082589467367,0.9166533549626669
base_7,development_232,232,136,0.5862068965517241,0.5994797473058343,0.6836528687737367,0.24509666978146452,0.26887576778729755,0.7556096514066061
base_7,recent_79,79,42,0.5316455696202531,0.5610389610389611,0.7265373086084094,0.2621381841397987,0.19832082589467367,0.9166533549626669
fit_winrate,all_311,311,152,0.4887459807073955,0.5172335319430652,0.7110920501012195,0.2587582255899323,0.375,0.4796747967479675
fit_winrate,development_232,232,117,0.5043103448275862,0.489223337049424,0.7153431851573208,0.26081140229357314,0.375,0.47474747474747475
fit_winrate,recent_79,79,35,0.4430379746835443,0.5,0.6986077041136812,0.2527286433716452,0.4796747967479675,0.4796747967479675
lead10_baron_9,all_311,311,177,0.5691318327974276,0.6033184376034426,0.6761757659209685,0.2416511011667456,0.2085497279961904,0.8406569163004557
lead10_baron_9,development_232,232,134,0.5775862068965517,0.6156819026384245,0.6704216436394712,0.2389572420581133,0.22402121623357138,0.7446938951810201
lead10_baron_9,recent_79,79,43,0.5443037974683544,0.587012987012987,0.6930739478109358,0.2495621810807038,0.2085497279961904,0.8406569163004557
lead15_baron_9,all_311,311,176,0.5659163987138264,0.6004634227077127,0.6774453216751707,0.24210669641170654,0.23927209774653116,0.8322256803512573
lead15_baron_9,development_232,232,133,0.5732758620689655,0.6039390561129692,0.6754279511973633,0.24127134657766963,0.2500719130039215,0.7572077512741089
lead15_baron_9,recent_79,79,43,0.5443037974683544,0.5883116883116883,0.6833697514327821,0.2445598756711566,0.23927209774653116,0.8322256803512573
lead20_baron_9,all_311,311,177,0.5691318327974276,0.6035253227408143,0.6769092895338065,0.24185166995291607,0.19733415047327676,0.8340167800585429
lead20_baron_9,development_232,232,134,0.5775862068965517,0.61917502787068,0.672589466179647,0.2398688593289221,0.19733415047327676,0.7662584185600281
lead20_baron_9,recent_79,79,43,0.5443037974683544,0.5772727272727273,0.6895953530548822,0.24767460748160725,0.2477677265803019,0.8340167800585429
logistic_6,all_311,311,171,0.5498392282958199,0.6262826878517047,0.6629836539892314,0.23655698678844853,0.09903823624774916,0.8494827157809304
logistic_6,development_232,232,131,0.5646551724137931,0.6488294314381271,0.6475309110549152,0.2297128018990905,0.09903823624774916,0.8494827157809304
logistic_6,recent_79,79,40,0.5063291139240507,0.5558441558441558,0.7083638610874758,0.2566563651977025,0.23976246859641198,0.8378719831708935
minimal_3,all_311,311,191,0.6141479099678456,0.6224346242965906,0.6715854819463158,0.2394267245379219,0.19765213131904602,0.8288766145706177
minimal_3,development_232,232,148,0.6379310344827587,0.6548494983277593,0.6634918630443719,0.23549735384809264,0.21163381139437357,0.7757749557495117
minimal_3,recent_79,79,43,0.5443037974683544,0.5610389610389611,0.6953540842912649,0.2509661422599522,0.19765213131904602,0.8288766145706177
original_lead15_9,all_311,311,172,0.5530546623794212,0.5684376034425687,0.6865406951034171,0.24655230166403558,0.23306149244308472,0.8498406012852987
original_lead15_9,development_232,232,132,0.5689655172413793,0.580304719435154,0.6855640047374917,0.24616774019258195,0.2550201614697774,0.7814544240633646
original_lead15_9,recent_79,79,40,0.5063291139240507,0.5772727272727273,0.6894089503552482,0.24768164674476026,0.23306149244308472,0.8498406012852987
search_02,all_311,311,185,0.594855305466238,0.6186279377689508,0.6744134327441735,0.24059158151047574,0.20712950825691223,0.8465843200683594
search_02,development_232,232,147,0.6336206896551724,0.6577108881456707,0.6605497996764718,0.2340255053430227,0.20712950825691223,0.8465843200683594
search_02,recent_79,79,38,0.4810126582278481,0.5399350649350649,0.7151268868164115,0.25987423557185685,0.22442414363225302,0.8194538553555807
search_03,all_311,311,180,0.5787781350482315,0.6129179079774909,0.6782159676905318,0.24241912294741164,0.1930840015411377,0.8203520178794861
search_03,development_232,232,140,0.603448275862069,0.6430323299888516,0.666785863686942,0.23702655364344807,0.1930840015411377,0.8203520178794861
search_03,recent_79,79,40,0.5063291139240507,0.5571428571428572,0.7117828553972764,0.25825552900462106,0.2458558976650238,0.7963703473409017
search_04,all_311,311,187,0.6012861736334405,0.6217312148295266,0.6711759001813001,0.2391996095920324,0.19620317220687866,0.8443820476531982
search_04,development_232,232,147,0.6336206896551724,0.6498699368264585,0.6627266076573616,0.23524440063774193,0.19620317220687866,0.7953277627627054
search_04,recent_79,79,40,0.5063291139240507,0.5688311688311689,0.6959890124034994,0.2508149067742526,0.2029429872830709,0.8443820476531982
search_05,all_311,311,186,0.5980707395498392,0.627523998675935,0.6702950031357643,0.23847584884797962,0.20433510343233743,0.8416605591773987
search_05,development_232,232,145,0.625,0.6621330360460795,0.6569507081994373,0.23211095377188495,0.23757205406824747,0.7917229731877645
search_05,recent_79,79,41,0.5189873417721519,0.5590909090909091,0.7094833123158639,0.25716769261575123,0.20433510343233743,0.8416605591773987
search_06,all_311,311,192,0.617363344051447,0.6274205561072493,0.6757507797275034,0.24090093560281678,0.14944138129552206,0.8516206542650858
search_06,development_232,232,150,0.646551724137931,0.663730955035303,0.6627861367514475,0.23504266528503434,0.20636069774627686,0.7647000948588053
search_06,recent_79,79,42,0.5316455696202531,0.5616883116883117,0.7138241616318701,0.2581049699537729,0.14944138129552206,0.8516206542650858
search_07,all_311,311,188,0.6045016077170418,0.622372558755379,0.677776093581802,0.24182963266522955,0.17748780051867166,0.8504446744918823
search_07,development_232,232,142,0.6120689655172413,0.6461538461538463,0.6660678183185633,0.23665524018802137,0.17748780051867166,0.7886137763659159
search_07,recent_79,79,46,0.5822784810126582,0.5724025974025975,0.7121598892915666,0.2570253169020942,0.19221078356107077,0.8504446744918823
search_08,all_311,311,184,0.5916398713826366,0.6145316120489904,0.6776557080940964,0.24184487188939197,0.16162937879562378,0.888804018497467
search_08,development_232,232,146,0.6293103448275862,0.6452619843924191,0.6697871308178409,0.23834754670961686,0.22578434149424234,0.7581464648246765
search_08,recent_79,79,38,0.4810126582278481,0.5707792207792208,0.700763428702847,0.252115497733795,0.16162937879562378,0.888804018497467
search_09,all_311,311,185,0.594855305466238,0.6223104932141674,0.6757319628622019,0.24109496313702397,0.19306668639183044,0.8394522070884705
search_09,development_232,232,141,0.6077586206896551,0.6558156819026384,0.6674587755042978,0.2371132173450873,0.19801688194274902,0.7899887363115946
search_09,recent_79,79,44,0.5569620253164557,0.5636363636363636,0.7000279054828822,0.25278819128549623,0.19306668639183044,0.8394522070884705
search_10,all_311,311,183,0.5884244372990354,0.6276067527308837,0.6722403324394957,0.23937086115874537,0.18648213148117065,0.865691085656484
search_10,development_232,232,141,0.6077586206896551,0.662876254180602,0.6604146115872914,0.23384053788001927,0.20324204365412393,0.794247587521871
search_10,recent_79,79,42,0.5316455696202531,0.5603896103896103,0.7069690316510326,0.2556118105342449,0.18648213148117065,0.865691085656484
search_11,all_311,311,185,0.594855305466238,0.6150695134061568,0.674588196726935,0.24060634966082933,0.20504385232925415,0.8006176352500916
search_11,development_232,232,144,0.6206896551724138,0.6462653288740245,0.6609932622141544,0.23416116359906733,0.20504385232925415,0.7579032182693481
search_11,recent_79,79,41,0.5189873417721519,0.5542207792207793,0.7145125613720623,0.25953398467764927,0.23819419741630554,0.8006176352500916
search_12,all_311,311,184,0.5916398713826366,0.617717643164515,0.6787967480635869,0.24191651614735613,0.18590137362480164,0.8913525342941284
search_12,development_232,232,143,0.6163793103448276,0.6518766257896693,0.6625740402803534,0.23493394099340148,0.1987139085928599,0.7779379089673361
search_12,recent_79,79,41,0.5189873417721519,0.5532467532467532,0.7264381177561207,0.2624223064728939,0.18590137362480164,0.8913525342941284
search_13,all_311,311,185,0.594855305466238,0.6192899702085403,0.6770680595980504,0.2411683895883427,0.12174215912818909,0.9052905241648356
search_13,development_232,232,143,0.6163793103448276,0.646079524340394,0.6649070385894259,0.23577539493084962,0.18048725525538126,0.8046117822329203
search_13,recent_79,79,42,0.5316455696202531,0.5551948051948051,0.7127814377499606,0.2570060447850309,0.12174215912818909,0.9052905241648356
search_14,all_311,311,180,0.5787781350482315,0.6134971863621317,0.6800649985103373,0.2431494594467787,0.09975627064704895,0.8186626434326172
search_14,development_232,232,142,0.6120689655172413,0.6432924563359346,0.6728567327216483,0.23966040161403787,0.09975627064704895,0.7912680705388387
search_14,recent_79,79,38,0.4810126582278481,0.5594155844155844,0.70123357652269,0.2533958064998911,0.22371130188306174,0.8186626434326172
search_15,all_311,311,177,0.5691318327974276,0.5895812644819596,0.6825911134656437,0.24449737962194684,0.20838495095570883,0.8226389090220133
search_15,development_232,232,135,0.5818965517241379,0.6108509847640283,0.6731489424610153,0.24020688492297845,0.24453585346539816,0.7864603201548258
search_15,recent_79,79,42,0.5316455696202531,0.5571428571428572,0.710320020719742,0.2570973134214492,0.20838495095570883,0.8226389090220133
search_16,all_311,311,179,0.5755627009646302,0.6022426348891096,0.6829233140771315,0.2439055099663966,0.17834501465161642,0.9031493663787842
search_16,development_232,232,137,0.5905172413793104,0.6237086584912672,0.6761596862536499,0.24125378013107174,0.2729748785495758,0.8141907453536987
search_16,recent_79,79,42,0.5316455696202531,0.5766233766233767,0.7027861198372299,0.2516928684701354,0.17834501465161642,0.9031493663787842
search_17,all_311,311,180,0.5787781350482315,0.610890433631248,0.6767286983765636,0.24155954342901195,0.18915958205858865,0.868405838807424
search_17,development_232,232,139,0.5991379310344828,0.6342623560014865,0.6706962760523955,0.23897129622910443,0.22141270836194357,0.8269817034403483
search_17,recent_79,79,41,0.5189873417721519,0.5746753246753247,0.6944441664677917,0.24916047191481644,0.18915958205858865,0.868405838807424
search_18,all_311,311,176,0.5659163987138264,0.6128351539225422,0.6758728877828312,0.24141954234992755,0.19858221213022867,0.8382779161135355
search_18,development_232,232,136,0.5862068965517241,0.6309178743961352,0.6697872650703753,0.23845589734427283,0.19858221213022867,0.7662517031033834
search_18,recent_79,79,40,0.5063291139240507,0.5785714285714285,0.6937445899257396,0.2501229048981793,0.20170674721399942,0.8382779161135355
search_19,all_311,311,182,0.5852090032154341,0.598953161204899,0.688898636273775,0.24709058024092082,0.21117871006329855,0.8148999015490214
search_19,development_232,232,138,0.5948275862068966,0.6222222222222223,0.678217679311249,0.24213966854800323,0.22031402587890625,0.8072150349617004
search_19,recent_79,79,44,0.5569620253164557,0.5487012987012987,0.7202654972270159,0.26162996647834974,0.21117871006329855,0.8148999015490214
search_20,all_311,311,194,0.6237942122186495,0.6367510758027143,0.67145806352422,0.23944770709093663,0.19219366709391275,0.7804010510444641
search_20,development_232,232,153,0.6594827586206896,0.6862876254180601,0.6690591597694454,0.23809097806593477,0.35322465499242145,0.599598209063212
search_20,recent_79,79,41,0.5189873417721519,0.577922077922078,0.6785029454369753,0.24343202524030919,0.19219366709391275,0.7804010510444641
search_21,all_311,311,190,0.6109324758842444,0.6111180072823568,0.6901728254354907,0.2476258657274381,0.175828754901886,0.8829649289449056
search_21,development_232,232,151,0.6508620689655172,0.6598662207357859,0.6750352669352858,0.24108791868304813,0.3417602876822154,0.7084503769874573
search_21,recent_79,79,39,0.4936708860759494,0.5038961038961038,0.734627427613308,0.26682591274387457,0.175828754901886,0.8829649289449056
search_22,all_311,311,176,0.5659163987138264,0.595705064548163,0.6828291363648978,0.24464085284078743,0.1889764666557312,0.853673001130422
search_22,development_232,232,134,0.5775862068965517,0.6118171683389074,0.6792829514153156,0.24310187423621768,0.1889764666557312,0.835243801275889
search_22,recent_79,79,42,0.5316455696202531,0.5805194805194804,0.6932432491282285,0.2491603849453467,0.20054779450098673,0.853673001130422
search_23,all_311,311,194,0.6237942122186495,0.633254716981132,0.6737803313199098,0.23940997838227931,0.16403034329414368,0.8453632791837057
search_23,development_232,232,146,0.6293103448275862,0.6603493125232256,0.6538179088018456,0.23084982712414345,0.18584319949150085,0.7731534441312155
search_23,recent_79,79,48,0.6075949367088608,0.5727272727272726,0.7324041544109332,0.26454865043148834,0.16403034329414368,0.8453632791837057
search_24,all_311,311,175,0.5627009646302251,0.5579692154915591,0.6948332094313446,0.25043733968370313,0.20856704314549765,0.8586364189783732
search_24,development_232,232,134,0.5775862068965517,0.5752508361204013,0.6908608900074676,0.2486400490079619,0.20856704314549765,0.8170187075932821
search_24,recent_79,79,41,0.5189873417721519,0.5506493506493507,0.7064987550812112,0.2557154591365128,0.2108368178208669,0.8586364189783732
search_25,all_311,311,183,0.5884244372990354,0.5932017543859649,0.6881561855594975,0.24752850015468342,0.29398082693417865,0.7060191432634989
search_25,development_232,232,139,0.5991379310344828,0.6180230397621702,0.6891864288603029,0.2480224719036477,0.40315284331639606,0.5968471467494965
search_25,recent_79,79,44,0.5569620253164557,0.5847402597402598,0.6851306609292841,0.24607784894253532,0.29398082693417865,0.7060191432634989
search_27,all_311,311,174,0.5594855305466238,0.5716650115855677,0.6854218173107928,0.24617403050183842,0.33853981892267865,0.6614601810773214
search_27,development_232,232,135,0.5818965517241379,0.5946859903381643,0.6834820866334044,0.24518854928136757,0.4057568709055583,0.5942431092262268
search_27,recent_79,79,39,0.4936708860759494,0.5224025974025974,0.6911182415785664,0.249068101934107,0.33853981892267865,0.6614601810773214
search_28,all_311,311,180,0.5787781350482315,0.6103318437603442,0.6763267690169034,0.2418834054900865,0.1574330429236094,0.842566967010498
search_28,development_232,232,141,0.6077586206896551,0.6474173169825344,0.6637089912909878,0.23560964647657429,0.17214070757230124,0.749828020731608
search_28,recent_79,79,39,0.4936708860759494,0.5412337662337662,0.7133815086676931,0.26030760917533763,0.1574330429236094,0.842566967010498
search_29,all_311,311,182,0.5852090032154341,0.5858573320092686,0.688314833767837,0.24762047856973438,0.28172506888707477,0.7182749509811401
search_29,development_232,232,139,0.5991379310344828,0.5948346339650687,0.69006201105579,0.24846094554557402,0.4132128655910492,0.5817685921986898
search_29,recent_79,79,43,0.5443037974683544,0.5857142857142857,0.6831838827449878,0.24515227175461043,0.28172506888707477,0.7182749509811401
search_30,all_311,311,185,0.594855305466238,0.6179245283018868,0.67948400625036,0.24300408636155565,0.1616640587647756,0.8825294375419617
search_30,development_232,232,142,0.6120689655172413,0.6581939799331104,0.667065833335477,0.237212324381413,0.28858184814453125,0.7756663759549459
search_30,recent_79,79,43,0.5443037974683544,0.5577922077922077,0.7159525646839402,0.26001280508805064,0.1616640587647756,0.8825294375419617
search_32,all_311,311,176,0.5659163987138264,0.5909053293611386,0.680617845755589,0.24365515457988457,0.213508407274882,0.8468066255251566
search_32,development_232,232,137,0.5905172413793104,0.6165737643998513,0.6746758013456343,0.24093622675853085,0.2740330398082733,0.7421019474665324
search_32,recent_79,79,39,0.4936708860759494,0.5727272727272728,0.6980679002253296,0.25163985400461947,0.213508407274882,0.8468066255251566
search_33,all_311,311,144,0.4630225080385852,0.4823940748096657,0.6940575712822494,0.25045555843127837,0.4367174406846364,0.5495480597019196
search_33,development_232,232,106,0.45689655172413796,0.47075436640654034,0.6944830640414617,0.25066842471354983,0.4367174406846364,0.5495480597019196
search_33,recent_79,79,38,0.4810126582278481,0.5191558441558441,0.6928080229260822,0.24983043213397477,0.4914029737313588,0.5085970362027487
search_34,all_311,311,183,0.5884244372990354,0.6086560741476332,0.6790236584828454,0.24295909030097085,0.16953514019648233,0.8613057335217794
search_34,development_232,232,140,0.603448275862069,0.643998513563731,0.669387069531554,0.23815096873861868,0.24664060274759927,0.7628958622614542
search_34,recent_79,79,43,0.5443037974683544,0.5616883116883117,0.7073235146435994,0.2570791434967393,0.16953514019648233,0.8613057335217794
search_36,all_311,311,179,0.5755627009646302,0.6186900033101622,0.6753721061992114,0.24127056462682575,0.2566111882527669,0.7087641358375549
search_36,development_232,232,138,0.5948275862068966,0.6519509476031218,0.6686097867365861,0.23815116311890214,0.2924043536186218,0.7075956463813782
search_36,recent_79,79,41,0.5189873417721519,0.5366883116883118,0.6952310696843895,0.2504313386754115,0.2566111882527669,0.7087641358375549
search_37,all_311,311,184,0.5916398713826366,0.6116145316120489,0.6894806740423175,0.24804694711119124,0.21531354387601218,0.7757646242777506
search_37,development_232,232,136,0.5862068965517241,0.6330732069862505,0.6873218586703345,0.24707194371835603,0.21531354387601218,0.7045534451802572
search_37,recent_79,79,48,0.6075949367088608,0.5824675324675325,0.6958204862739638,0.25091024821420105,0.22423536578814188,0.7757646242777506
search_39,all_311,311,163,0.5241157556270096,0.5626861966236345,0.689885923992903,0.24807588027578648,0.16433456540107727,0.8663493593533834
search_39,development_232,232,118,0.5086206896551724,0.5609810479375698,0.6827418921324654,0.24497833603697516,0.23977740605672201,0.8039578795433044
search_39,recent_79,79,45,0.569620253164557,0.5577922077922077,0.7108658656589983,0.25717246588849824,0.16433456540107727,0.8663493593533834
search_40,all_311,311,184,0.5916398713826366,0.6271102284011917,0.6845924738544295,0.24573302273340628,0.4300457239151001,0.5540226896603903
search_40,development_232,232,139,0.5991379310344828,0.6494983277591975,0.6827445560064669,0.24481372897472053,0.44597727060317993,0.5540226896603903
search_40,recent_79,79,45,0.569620253164557,0.5389610389610391,0.6900192705724969,0.24843272086017953,0.4300457239151001,0.54008682568868
search_41,all_311,311,179,0.5755627009646302,0.6083664349553128,0.6832456721783964,0.24464164447326728,0.14838072657585144,0.8733121355374655
search_41,development_232,232,138,0.5948275862068966,0.6508361204013378,0.6700471046260146,0.23862598690948633,0.3196091155211131,0.7337242364883423
search_41,recent_79,79,41,0.5189873417721519,0.5532467532467533,0.7220060224588092,0.26230787934411753,0.14838072657585144,0.8733121355374655
search_42,all_311,311,182,0.5852090032154341,0.6199933796756041,0.6759726331045269,0.2410359780385378,0.15325260162353516,0.873323937257131
search_42,development_232,232,139,0.5991379310344828,0.6538089929394277,0.6603079250075935,0.23397729703467812,0.2870481113592784,0.7430306871732076
search_42,recent_79,79,43,0.5443037974683544,0.5642857142857143,0.7219753201740027,0.261765269087847,0.15325260162353516,0.873323937257131
search_43,all_311,311,184,0.5916398713826366,0.5881330685203575,0.6888662504072754,0.2472748798315918,0.14461993177731833,0.8923893570899963
search_43,development_232,232,140,0.603448275862069,0.6051282051282052,0.6771054706483972,0.24213133024446354,0.30190421144167584,0.7512547771135966
search_43,recent_79,79,44,0.5569620253164557,0.5506493506493506,0.7234042365346137,0.2623799874798671,0.14461993177731833,0.8923893570899963
search_44,all_311,311,180,0.5787781350482315,0.5997600132406489,0.6863752591978621,0.2458713545145082,0.08749829729398091,0.9037399888038635
search_44,development_232,232,138,0.5948275862068966,0.6418431809736158,0.6654473011588621,0.23647714271681833,0.27477221687634784,0.7540916601816813
search_44,recent_79,79,42,0.5316455696202531,0.535064935064935,0.7478345790085965,0.2734594195406356,0.08749829729398091,0.9037399888038635
search_45,all_311,311,182,0.5852090032154341,0.5933465739821251,0.6862109507000229,0.24598470945375542,0.15029897292455038,0.9029277960459391
search_45,development_232,232,142,0.6120689655172413,0.6426607209215905,0.6704707641434833,0.2388373999813925,0.3135916491349538,0.7666091322898865
search_45,recent_79,79,40,0.5063291139240507,0.5493506493506494,0.7324352960306202,0.26697427651183386,0.15029897292455038,0.9029277960459391
search_46,all_311,311,183,0.5884244372990354,0.5989324726911619,0.6851149181464767,0.24545649011259954,0.12220657865206401,0.8960529963175455
search_46,development_232,232,143,0.6163793103448276,0.6338907469342251,0.67094809482984,0.23909681208940037,0.25236881772677106,0.8063723842302958
search_46,recent_79,79,40,0.5063291139240507,0.5435064935064935,0.7267187537092588,0.264133012914906,0.12220657865206401,0.8960529963175455
search_47,all_311,311,185,0.594855305466238,0.6084491890102616,0.6829703206209318,0.2444672288585659,0.15311256051063538,0.8852062424023946
search_47,development_232,232,145,0.625,0.6574507617985879,0.6670036020214746,0.23713077086398274,0.29166637857755023,0.7677258650461832
search_47,recent_79,79,40,0.5063291139240507,0.5402597402597402,0.7298599246092108,0.26601227005784794,0.15311256051063538,0.8852062424023946
search_48,all_311,311,182,0.5852090032154341,0.594877523998676,0.6845305970736648,0.24521740599425895,0.15851996342341104,0.8886750539143881
search_48,development_232,232,138,0.5948275862068966,0.6217762913415087,0.6699206200365897,0.2386734568298605,0.27573998769124347,0.711538831392924
search_48,recent_79,79,44,0.5569620253164557,0.5532467532467533,0.7274358460939356,0.26443507948970757,0.15851996342341104,0.8886750539143881
search_49,all_311,311,183,0.5884244372990354,0.5911949685534591,0.6870538714046427,0.24652382628231903,0.1329872707525889,0.8933842976888021
search_49,development_232,232,142,0.6120689655172413,0.632627276105537,0.6700353985961304,0.23875014911327633,0.29025304317474365,0.7823648850123087
search_49,recent_79,79,41,0.5189873417721519,0.5402597402597402,0.7370321712979953,0.2693528529053305,0.1329872707525889,0.8933842976888021
strong_lead15_8,all_311,311,166,0.5337620578778135,0.5633482290632241,0.689579041559993,0.24777164887151312,0.20023702581723532,0.8482673366864523
strong_lead15_8,development_232,232,129,0.5560344827586207,0.5965811965811966,0.6804826233174646,0.2437315910163054,0.3362908959388733,0.6844980120658875
strong_lead15_8,recent_79,79,37,0.46835443037974683,0.5668831168831169,0.7162925736140003,0.2596361225728827,0.20023702581723532,0.8482673366864523
