variant,seed,accuracy,roc_auc,log_loss,brier_score,probability_min,probability_max
always_50,0,0.5112540192926045,0.5,0.6931471805599454,0.25,0.5,0.5
base_7,42,0.5048231511254019,0.5487007613373055,0.6903774095272246,0.24704617769092774,0.08398455381393433,0.9661845564842224
base_7,43,0.5498392282958199,0.540756372062231,0.7245083160636756,0.26209315941582945,0.09999421238899231,0.9158936738967896
base_7,44,0.5241157556270096,0.5699685534591195,0.6935424469908601,0.24876706812264274,0.16231834888458252,0.9087181687355042
fit_winrate,0,0.4887459807073955,0.5172335319430652,0.7110920501012195,0.2587582255899323,0.375,0.4796747967479675
lead10_baron_9,42,0.5691318327974276,0.6038563389606091,0.6738735161025444,0.24065173891137107,0.2773784101009369,0.7234477996826172
lead10_baron_9,43,0.5787781350482315,0.6027391592188017,0.6803674204720463,0.24342702410811928,0.13779598474502563,0.8871297836303711
lead10_baron_9,44,0.5562700964630225,0.5912363455809335,0.6832394651421315,0.244499995943267,0.1527979075908661,0.9132987260818481
lead15_baron_9,42,0.5659163987138264,0.5727821913273751,0.689739059029475,0.24794201534393098,0.22454920411109924,0.7770552635192871
lead15_baron_9,43,0.5852090032154341,0.6072492552135054,0.6769445857028534,0.24177104081831227,0.18604639172554016,0.8642160892486572
lead15_baron_9,44,0.5466237942122186,0.589746772591857,0.6795538142371643,0.24250512537675326,0.1886063516139984,0.9114841222763062
lead20_baron_9,42,0.5916398713826366,0.6059665673618007,0.6759056409000649,0.2414089632941276,0.2437305450439453,0.7419929504394531
lead20_baron_9,43,0.5016077170418006,0.565003310162198,0.6850439180818485,0.24571055068533373,0.19121146202087402,0.8526344895362854
lead20_baron_9,44,0.5369774919614148,0.5784922211188348,0.6829759036725108,0.24429005853572072,0.0746074914932251,0.9214265942573547
logistic_6,0,0.5498392282958199,0.6262826878517047,0.6629836539892313,0.23655698678844853,0.09903823624774916,0.8494827157809304
minimal_3,42,0.617363344051447,0.6181314134392586,0.6733211154600919,0.24036131522263024,0.22343623638153076,0.8025276064872742
minimal_3,43,0.6109324758842444,0.6174280039721947,0.6761580945936323,0.24149339244936757,0.14785894751548767,0.8712199330329895
minimal_3,44,0.5852090032154341,0.6271102284011916,0.6687198409268678,0.2380142375299838,0.2140951156616211,0.8128823041915894
original_lead15_9,42,0.5498392282958199,0.5676100628930818,0.6872643761202106,0.2472078897103221,0.27529048919677734,0.7281408905982971
original_lead15_9,43,0.5241157556270096,0.5584657398212513,0.6874799383863837,0.24672476045245142,0.20565524697303772,0.8785128593444824
original_lead15_9,44,0.5530546623794212,0.5614862628268785,0.702056173907054,0.2522818573455735,0.10404184460639954,0.9428680539131165
search_02,42,0.5980707395498392,0.6112628268785171,0.6824106968131127,0.24437119512966232,0.20083504915237427,0.8608260750770569
search_02,43,0.5627009646302251,0.6061113869579609,0.675332903659338,0.24150780748177017,0.08940717577934265,0.8574788570404053
search_02,44,0.6141479099678456,0.6210071168487256,0.6746647976912576,0.2407549144304217,0.2203000783920288,0.8533447980880737
search_03,42,0.5691318327974276,0.6014150943396226,0.6825521047416271,0.24455694047175747,0.19513386487960815,0.855707049369812
search_03,43,0.5755627009646302,0.6098560079443892,0.6799247585102274,0.2433839236994418,0.1756487786769867,0.8066846132278442
search_03,44,0.6045016077170418,0.6220622310493213,0.675051997797582,0.24071697025202848,0.20803499221801758,0.8141855597496033
search_04,42,0.5144694533762058,0.5762992386626945,0.6775897953194746,0.24240657537133975,0.1938980519771576,0.839492678642273
search_04,43,0.6045016077170418,0.6551638530287984,0.6541955142286483,0.23119440314922282,0.18321070075035095,0.8576992154121399
search_04,44,0.5016077170418006,0.5562313803376365,0.6868241164972348,0.24657085522111857,0.18776720762252808,0.8359542489051819
search_05,42,0.6077170418006431,0.6033184376034425,0.6849704686310043,0.24542901090524713,0.14837807416915894,0.8242230415344238
search_05,43,0.5884244372990354,0.6424611055941741,0.6609535490331077,0.23424847640203084,0.202388733625412,0.8630273938179016
search_05,44,0.5980707395498392,0.6263654419066534,0.6694436239039152,0.23816990104096672,0.19661426544189453,0.8462144136428833
search_06,42,0.6012861736334405,0.6098353194306521,0.6816399168798075,0.24400732002086592,0.19440674781799316,0.8117519021034241
search_06,43,0.6237942122186495,0.6327168156239655,0.6702193333306171,0.23828148103794808,0.08798038959503174,0.8957623839378357
search_06,44,0.5562700964630225,0.5902639854352864,0.6830285119551314,0.2444363901973735,0.16593700647354126,0.8473476767539978
search_07,42,0.6077170418006431,0.6226828864614367,0.6817869376882283,0.243721182110955,0.16998642683029175,0.8481776118278503
search_07,43,0.594855305466238,0.6390888778550149,0.6697314090977673,0.2378427709398019,0.18061614036560059,0.8455179333686829
search_07,44,0.4919614147909968,0.5424114531612049,0.6846989525463841,0.2454248922090122,0.18186083436012268,0.8576384782791138
search_08,42,0.5884244372990354,0.6255379013571665,0.6763213727197992,0.24090012992326768,0.1361733078956604,0.9133074283599854
search_08,43,0.594855305466238,0.6253723932472691,0.6737494970620879,0.24021186826431612,0.1903630793094635,0.8464800715446472
search_08,44,0.5466237942122186,0.5764647467725919,0.6898334904954282,0.24732971610699087,0.14687713980674744,0.9066245555877686
search_09,42,0.5755627009646302,0.597029129427342,0.6838507230348004,0.2449382427838018,0.1822020709514618,0.8465335369110107
search_09,43,0.617363344051447,0.6478401191658392,0.6597333421883073,0.23361347604183713,0.18882492184638977,0.8429771065711975
search_09,44,0.5241157556270096,0.5606587222773916,0.6890903241695787,0.24762139177675035,0.19109377264976501,0.8288459777832031
search_10,42,0.5916398713826366,0.625124131082423,0.6724738998713095,0.23935622305288246,0.17364594340324402,0.889619767665863
search_10,43,0.6237942122186495,0.6382820258192652,0.6680436540203177,0.2373667596073979,0.17698487639427185,0.8556874394416809
search_10,44,0.5852090032154341,0.6132489241972856,0.6792993499188238,0.24279037398723277,0.1836414635181427,0.8555375933647156
search_11,42,0.6012861736334405,0.6158970539556439,0.6767531279216222,0.24145557880530727,0.2021600902080536,0.8173563480377197
search_11,43,0.6045016077170418,0.6182555445216815,0.675638780559903,0.24105692717542854,0.1608128547668457,0.8289657831192017
search_11,44,0.617363344051447,0.6173866269447204,0.6740563325460479,0.24036688343031065,0.2288273274898529,0.7757622599601746
search_12,42,0.6141479099678456,0.6319513406156901,0.6843159854710802,0.24277168188248072,0.10230234265327454,0.9340288043022156
search_12,43,0.5691318327974276,0.5847401522674611,0.6892643055329596,0.24714555342942196,0.161557137966156,0.8929599523544312
search_12,44,0.5916398713826366,0.6202002648129759,0.6750456825572007,0.24064111345328426,0.20766562223434448,0.8470688462257385
search_13,42,0.5401929260450161,0.5772509102946044,0.6905560697781636,0.24759029498339552,0.1409662365913391,0.8992671966552734
search_13,43,0.6109324758842444,0.6376613704071499,0.6697833055580982,0.237909193464077,0.1557665765285492,0.8676916360855103
search_13,44,0.5466237942122186,0.5726166832174777,0.692822422951725,0.24783208853525898,0.057456523180007935,0.9580904245376587
search_14,42,0.5659163987138264,0.6137040714995035,0.6875898192941798,0.24602921496877903,0.06759008765220642,0.8793354034423828
search_14,43,0.5884244372990354,0.6197037404832837,0.6778023905655433,0.24215688603146143,0.07600569725036621,0.8335853219032288
search_14,44,0.5755627009646302,0.6094422376696459,0.6792435685010809,0.24291264051702455,0.15567302703857422,0.7933333516120911
search_15,42,0.5530546623794212,0.601456471367097,0.6731924452127312,0.2405108548765936,0.23649564385414124,0.7494878172874451
search_15,43,0.5144694533762058,0.5323154584574643,0.7046194854908753,0.25454320703508215,0.15961924195289612,0.883755087852478
search_15,44,0.5498392282958199,0.5831264481959616,0.6850720584216151,0.24538073144245573,0.1643928587436676,0.8696207404136658
search_16,42,0.5787781350482315,0.610890433631248,0.68169521502257,0.24320516040085058,0.15575063228607178,0.9085990190505981
search_16,43,0.5112540192926045,0.5621482952664681,0.6886887680685403,0.24707928327871306,0.1833207607269287,0.890504777431488
search_16,44,0.5466237942122186,0.579237007613373,0.6866551750595568,0.24541871008706287,0.15255624055862427,0.9103443026542664
search_17,42,0.5819935691318328,0.6192485931810658,0.6678810138389778,0.23779189572856227,0.28115367889404297,0.7348331809043884
search_17,43,0.49517684887459806,0.5576381992717643,0.6977756471263434,0.25100150472106153,0.1341642439365387,0.9138507843017578
search_17,44,0.572347266881029,0.5987669645812644,0.684936330853507,0.24397854597288574,0.10119616985321045,0.9565335512161255
search_18,42,0.5659163987138264,0.5887537239324727,0.6857438466568061,0.24616855535265797,0.20504292845726013,0.8338369727134705
search_18,43,0.5916398713826366,0.63480635551142,0.6647623319589031,0.23607302996305188,0.1771036982536316,0.8413640260696411
search_18,44,0.5209003215434084,0.5679410791128765,0.6854240606453318,0.24597611980248052,0.17780974507331848,0.8396327495574951
search_19,42,0.5466237942122186,0.5901605428666006,0.6909421601561658,0.2480647099705428,0.16376397013664246,0.8291049599647522
search_19,43,0.5337620578778135,0.5567072161535915,0.7012507824956923,0.2526189020862821,0.20092904567718506,0.8836389780044556
search_19,44,0.594855305466238,0.6096491228070176,0.682875240862325,0.24407823650879135,0.16372552514076233,0.8034704327583313
search_20,42,0.6141479099678456,0.6304203905991395,0.6778405077348776,0.24255940810017337,0.1975647509098053,0.7751595973968506
search_20,43,0.6302250803858521,0.6457298907646475,0.6628622244629622,0.23536069428653905,0.18688151240348816,0.7850943803787231
search_20,44,0.45980707395498394,0.538604766633565,0.6777631583458016,0.2425833643765582,0.19213473796844482,0.7809491753578186
search_21,42,0.6109324758842444,0.6178210857332008,0.6808991727031649,0.2430819241834352,0.15332898497581482,0.9011295437812805
search_21,43,0.6077170418006431,0.5942154915590864,0.6972059648257406,0.2512982545381041,0.18654122948646545,0.8740225434303284
search_21,44,0.5016077170418006,0.512537239324727,0.6993462460379395,0.2522682107825672,0.18761605024337769,0.8737426996231079
search_22,42,0.5691318327974276,0.5928086726249586,0.6782728069720432,0.24270244464485066,0.2854481041431427,0.731979489326477
search_22,43,0.5144694533762058,0.5612793776895069,0.7114881045954071,0.2554908628857066,0.03287529945373535,0.9653155207633972
search_22,44,0.5627009646302251,0.5838712346904997,0.6842519428866698,0.24510084580252545,0.15708941221237183,0.9099242091178894
search_23,42,0.6109324758842444,0.6420680238331679,0.6714819250481286,0.23793845150491855,0.16370421648025513,0.8551499247550964
search_23,43,0.5819935691318328,0.5989945382323734,0.6882649987952401,0.2465697569447556,0.163941890001297,0.8446201086044312
search_23,44,0.6077170418006431,0.6282480966567362,0.6834807688707296,0.243769894583729,0.1428278684616089,0.8571721315383911
search_24,42,0.5466237942122186,0.5531074147633235,0.6964947624925941,0.2514949305315516,0.22637197375297546,0.7753391265869141
search_24,43,0.5048231511254019,0.5546590532936115,0.6909573776862565,0.24825837991423208,0.20473814010620117,0.9029746651649475
search_24,44,0.5144694533762058,0.5320671962926183,0.7281754245581746,0.2615465249293285,0.04100692272186279,0.9818460941314697
search_25,42,0.6012861736334405,0.600959947037405,0.6871480591439807,0.2469982542668493,0.2624429166316986,0.737557053565979
search_25,43,0.594855305466238,0.5863538563389608,0.6870469517821396,0.24696940887658447,0.32924124598503113,0.6707587242126465
search_25,44,0.4533762057877814,0.4442444554783184,0.6929486199814596,0.24992069432387912,0.2902583181858063,0.7097416520118713
search_27,42,0.5659163987138264,0.5840781198278716,0.6891628464238263,0.24800953970239814,0.46771886944770813,0.5385987758636475
search_27,43,0.5627009646302251,0.5705892088712348,0.6861596340471477,0.24663203793450486,0.21254423260688782,0.7874557375907898
search_27,44,0.5241157556270096,0.519736842105263,0.692272076308123,0.24958331697831132,0.28250572085380554,0.7174943089485168
search_28,42,0.5852090032154341,0.6118834822906322,0.6754985118117375,0.24134495626819724,0.18051478266716003,0.8194851875305176
search_28,43,0.617363344051447,0.6238828202581926,0.667940213566797,0.23821451832057194,0.06706234812736511,0.8753683567047119
search_28,44,0.6045016077170418,0.5990979808010594,0.6907850198209943,0.2484798278365391,0.16715267300605774,0.8328473567962646
search_29,42,0.5562700964630225,0.5796921549155909,0.6893565254947916,0.24813760905864005,0.28722700476646423,0.7127730250358582
search_29,43,0.5819935691318328,0.5833333333333334,0.689189247235568,0.24810162292372773,0.26463380455970764,0.7596867680549622
search_29,44,0.5273311897106109,0.5482456140350878,0.6891497213546426,0.248003577958607,0.2933143973350525,0.7066856026649475
search_30,42,0.594855305466238,0.6435369083085072,0.6620964158697844,0.23494642555282969,0.17692440748214722,0.8615192770957947
search_30,43,0.5273311897106109,0.5511006289308176,0.693034080520108,0.2494312109066037,0.10829082131385803,0.9076090455055237
search_30,44,0.5916398713826366,0.5944637537239323,0.690305054934319,0.24803181581024386,0.1693853735923767,0.8784599900245667
search_32,42,0.5787781350482315,0.6173866269447202,0.6732378578579609,0.240110334671291,0.24136701226234436,0.7441573143005371
search_32,43,0.5080385852090032,0.5479973518702417,0.6893179379519517,0.2478453445559639,0.20946377515792847,0.878390908241272
search_32,44,0.5466237942122186,0.5683962264150944,0.6937097380812492,0.2486452142359811,0.10075691342353821,0.9430163502693176
search_33,42,0.47266881028938906,0.48570423700761334,0.6944509650729109,0.2506521840619965,0.42467695474624634,0.5580062866210938
search_33,43,0.48231511254019294,0.5100959947037405,0.6927274578414276,0.24979050111195272,0.4609740078449249,0.5336156487464905
search_33,44,0.48231511254019294,0.48278715657067195,0.6966601125373988,0.25175177912412877,0.3584204614162445,0.6161621809005737
search_34,42,0.5787781350482315,0.5991807348560079,0.6834890507831608,0.24514654226317298,0.18005087971687317,0.8487533330917358
search_34,43,0.5852090032154341,0.6215657067196292,0.6746319224104573,0.24070171754584635,0.163582444190979,0.8705123066902161
search_34,44,0.5916398713826366,0.5996772591857001,0.6822153749719485,0.24456936403629415,0.16497209668159485,0.8646515607833862
search_36,42,0.5980707395498392,0.6290756372062231,0.6760287041533178,0.24159043090260163,0.26901668310165405,0.702092170715332
search_36,43,0.6109324758842444,0.6264688844753392,0.6740864871359626,0.2406540858360213,0.2420465648174286,0.7480086088180542
search_36,44,0.5016077170418006,0.5157853359814631,0.6794852603297062,0.24331493615199354,0.25877031683921814,0.7064164280891418
search_37,42,0.5980707395498392,0.6028632903012248,0.6881076452396043,0.2473235228671312,0.2188079059123993,0.7687990665435791
search_37,43,0.5916398713826366,0.6034425686858655,0.6884681005917189,0.2475822771041407,0.21547117829322815,0.764739990234375
search_37,44,0.47266881028938906,0.48849718636213174,0.6925783407130414,0.24955885122992008,0.20624515414237976,0.7937548160552979
search_39,42,0.5434083601286174,0.545059582919563,0.7060875585888606,0.2554928588593253,0.2230943739414215,0.7779278755187988
search_39,43,0.5241157556270096,0.5455974842767295,0.699657982460742,0.25214717423081406,0.1322534680366516,0.9356250166893005
search_39,44,0.5659163987138264,0.6098973849718636,0.6790334684523743,0.2422731547328111,0.12866109609603882,0.8937346935272217
search_40,42,0.594855305466238,0.6282894736842105,0.6823164036081218,0.24461476106237742,0.41845938563346863,0.581540584564209
search_40,43,0.5916398713826366,0.5999668983780204,0.6889144716709741,0.2478463047848511,0.3090384006500244,0.6049319505691528
search_40,44,0.5241157556270096,0.5272053955643826,0.6853653462988751,0.24613564374128477,0.42875078320503235,0.5712491869926453
search_41,42,0.5884244372990354,0.6011254551473022,0.6852158082732721,0.2453560184112571,0.13835594058036804,0.8973975777626038
search_41,43,0.5691318327974276,0.6031529294935452,0.679192007846418,0.2429681441964205,0.12454116344451904,0.907057523727417
search_41,44,0.5562700964630225,0.5722029129427342,0.6926459709334797,0.2492489362637793,0.14224061369895935,0.8736553192138672
search_42,42,0.5787781350482315,0.6220622310493213,0.6731454907899259,0.23967716535912412,0.13650107383728027,0.8820586204528809
search_42,43,0.5755627009646302,0.5897053955643826,0.68745103101222,0.24639548021583021,0.1274406611919403,0.8879028558731079
search_42,44,0.6012861736334405,0.6246689837802053,0.6726762855402592,0.23972386591432207,0.18607541918754578,0.850010335445404
search_43,42,0.5852090032154341,0.6162280701754386,0.6759311986040539,0.24112855705067132,0.13854137063026428,0.9082689881324768
search_43,43,0.5819935691318328,0.5439424031777557,0.7073136038634157,0.25600265119313226,0.11138206720352173,0.9001761078834534
search_43,44,0.5755627009646302,0.5818437603442569,0.6903963667099496,0.24810477139771434,0.17764979600906372,0.8764865398406982
search_44,42,0.5916398713826366,0.6271929824561404,0.6742350811259668,0.24013228457472827,0.09034895896911621,0.930165708065033
search_44,43,0.5755627009646302,0.56740317775571,0.7054368009931296,0.25414527826667366,0.06939113140106201,0.935515820980072
search_44,44,0.5852090032154341,0.5912363455809335,0.6908184075031089,0.24803464898689642,0.10275480151176453,0.8780630230903625
search_45,42,0.5659163987138264,0.6177590201919894,0.6742457452723559,0.24036461713065124,0.1548852026462555,0.8983468413352966
search_45,43,0.43086816720257237,0.4434376034425687,0.7145755725237491,0.25937802954981454,0.1378176510334015,0.9287835955619812
search_45,44,0.5852090032154341,0.6106007944389276,0.679750965783722,0.24283883896262892,0.15587377548217773,0.8880753517150879
search_46,42,0.5980707395498392,0.6314961933134724,0.6662200540587996,0.23696323482321238,0.14795595407485962,0.8798657655715942
search_46,43,0.4919614147909968,0.5032687851704734,0.7126964938551424,0.257606399709682,0.0655238926410675,0.9511353373527527
search_46,44,0.5852090032154341,0.5926017874875869,0.6886861313366676,0.24710222775263757,0.14274945855140686,0.8870030641555786
search_47,42,0.5884244372990354,0.6391923204237009,0.6670016372554486,0.23676810313440608,0.1436765491962433,0.8980889916419983
search_47,43,0.5498392282958199,0.5580105925190334,0.696055665104959,0.25087186387669186,0.14230701327323914,0.8836994767189026
search_47,44,0.5819935691318328,0.5867262495862297,0.692088753626654,0.24887904033615169,0.1647123098373413,0.8764429688453674
search_48,42,0.6012861736334405,0.6110973187686196,0.6745285236805539,0.24076497482435763,0.1467934250831604,0.8749764561653137
search_48,43,0.49517684887459806,0.510385633896061,0.7105028479814721,0.2573689197483338,0.13122594356536865,0.910566508769989
search_48,44,0.6045016077170418,0.6179245283018868,0.6769193641458594,0.2415126824610046,0.1259339451789856,0.8911810517311096
search_49,42,0.5787781350482315,0.6190417080436941,0.6771013862849615,0.2412580456260625,0.113970547914505,0.9236962199211121
search_49,43,0.4662379421221865,0.5261089043363125,0.6998520926885742,0.25278514360636434,0.12077143788337708,0.9012271761894226
search_49,44,0.5819935691318328,0.5948775239986759,0.6952017254066601,0.25043835194968006,0.14991804957389832,0.8675276637077332
strong_lead15_8,42,0.5080385852090032,0.5376944720291295,0.694981338171318,0.2503866892443633,0.14939311146736145,0.8383744955062866
strong_lead15_8,43,0.5562700964630225,0.5703409467063887,0.6893347707152979,0.24768754723159425,0.22435516119003296,0.8505197167396545
strong_lead15_8,44,0.5434083601286174,0.5616517709367759,0.6997817012198647,0.25159052843511337,0.11246201395988464,0.9183552861213684
