variant,series_key,date,y,p
selected_baseline,2026|Cup|2026-01-14|DN SOOPers|KT Rolster,2026-01-14 08:13:43,0,0.4978529214859009
selected_baseline,2026|Cup|2026-01-14|Dplus Kia|HANJIN BRION,2026-01-14 11:22:18,1,0.512353777885437
selected_baseline,2026|Cup|2026-01-15|Gen.G|Kiwoom DRX,2026-01-15 08:05:23,1,0.56955885887146
selected_baseline,2026|Cup|2026-01-15|BNK FEARX|Nongshim RedForce,2026-01-15 10:15:24,1,0.5020025968551636
selected_baseline,2026|Cup|2026-01-16|DN SOOPers|Dplus Kia,2026-01-16 08:05:40,0,0.47378307580947876
selected_baseline,2026|Cup|2026-01-16|Hanwha Life Esports|T1,2026-01-16 10:08:16,0,0.5254405736923218
selected_baseline,2026|Cup|2026-01-17|BNK FEARX|HANJIN BRION,2026-01-17 08:05:53,1,0.5467879772186279
selected_baseline,2026|Cup|2026-01-17|Gen.G|KT Rolster,2026-01-17 11:10:45,1,0.5544992685317993
selected_baseline,2026|Cup|2026-01-18|Hanwha Life Esports|Nongshim RedForce,2026-01-18 08:05:24,0,0.5113312602043152
selected_baseline,2026|Cup|2026-01-18|Kiwoom DRX|T1,2026-01-18 10:20:18,0,0.4660435616970062
selected_baseline,2026|Cup|2026-01-21|Dplus Kia|Nongshim RedForce,2026-01-21 08:05:24,1,0.5453857183456421
selected_baseline,2026|Cup|2026-01-21|DN SOOPers|Kiwoom DRX,2026-01-21 11:14:52,1,0.4993502199649811
selected_baseline,2026|Cup|2026-01-22|HANJIN BRION|Hanwha Life Esports,2026-01-22 08:05:25,0,0.5005722641944885
selected_baseline,2026|Cup|2026-01-22|BNK FEARX|Gen.G,2026-01-22 11:14:53,0,0.4451858401298523
selected_baseline,2026|Cup|2026-01-23|KT Rolster|T1,2026-01-23 08:04:55,0,0.4463346004486084
selected_baseline,2026|Cup|2026-01-23|Kiwoom DRX|Nongshim RedForce,2026-01-23 10:33:19,1,0.4841374158859253
selected_baseline,2026|Cup|2026-01-24|DN SOOPers|Hanwha Life Esports,2026-01-24 08:04:56,0,0.49290740489959717
selected_baseline,2026|Cup|2026-01-24|Dplus Kia|Gen.G,2026-01-24 11:24:48,0,0.45341652631759644
selected_baseline,2026|Cup|2026-01-25|BNK FEARX|T1,2026-01-25 08:05:39,0,0.4837782680988312
selected_baseline,2026|Cup|2026-01-25|HANJIN BRION|KT Rolster,2026-01-25 11:28:02,0,0.5166053771972656
selected_baseline,2026|Cup|2026-01-28|HANJIN BRION|Kiwoom DRX,2026-01-28 08:04:54,0,0.5029433965682983
selected_baseline,2026|Cup|2026-01-29|BNK FEARX|DN SOOPers,2026-01-29 08:07:19,1,0.47343242168426514
selected_baseline,2026|Cup|2026-01-30|KT Rolster|Nongshim RedForce,2026-01-30 08:05:48,0,0.4825264811515808
selected_baseline,2026|Cup|2026-01-31|Dplus Kia|T1,2026-01-31 08:17:53,0,0.4623836278915405
selected_baseline,2026|Cup|2026-02-01|Gen.G|Hanwha Life Esports,2026-02-01 08:08:08,1,0.5610736012458801
selected_baseline,2026|Cup|2026-02-06|HANJIN BRION|Kiwoom DRX,2026-02-06 08:05:10,0,0.485740065574646
selected_baseline,2026|Cup|2026-02-06|DN SOOPers|KT Rolster,2026-02-06 10:59:51,1,0.4890897274017334
selected_baseline,2026|Cup|2026-02-07|Dplus Kia|Kiwoom DRX,2026-02-07 08:07:00,1,0.4263054132461548
selected_baseline,2026|Cup|2026-02-07|DN SOOPers|Nongshim RedForce,2026-02-07 10:09:22,1,0.4877933859825134
selected_baseline,2026|Cup|2026-02-08|Kiwoom DRX|Nongshim RedForce,2026-02-08 08:06:06,1,0.4596071243286133
selected_baseline,2026|Cup|2026-02-12|BNK FEARX|DN SOOPers,2026-02-12 08:04:05,1,0.5057308077812195
selected_baseline,2026|Cup|2026-02-13|Dplus Kia|Kiwoom DRX,2026-02-13 08:06:47,1,0.5321083068847656
selected_baseline,2026|Cup|2026-02-14|Dplus Kia|Gen.G,2026-02-14 08:07:25,0,0.48259449005126953
selected_baseline,2026|Cup|2026-02-15|BNK FEARX|T1,2026-02-15 08:05:24,1,0.5098901987075806
selected_baseline,2026|Cup|2026-02-19|DN SOOPers|Kiwoom DRX,2026-02-19 08:06:05,1,0.5167717337608337
selected_baseline,2026|Cup|2026-02-20|DN SOOPers|Dplus Kia,2026-02-20 08:06:25,0,0.5459506511688232
selected_baseline,2026|Cup|2026-02-21|BNK FEARX|Gen.G,2026-02-21 08:08:52,0,0.5110487341880798
selected_baseline,2026|Cup|2026-02-22|Dplus Kia|T1,2026-02-22 08:08:41,1,0.529575765132904
selected_baseline,2026|Cup|2026-02-28|BNK FEARX|Dplus Kia,2026-02-28 08:23:00,1,0.5032719373703003
selected_baseline,2026|Cup|2026-03-01|BNK FEARX|Gen.G,2026-03-01 08:22:46,0,0.49893808364868164
selected_baseline,2026|Rounds 1-2|2026-04-01|HANJIN BRION|Hanwha Life Esports,2026-04-01 08:11:43,0,0.4933932423591614
selected_baseline,2026|Rounds 1-2|2026-04-01|KT Rolster|T1,2026-04-01 10:23:34,1,0.5051601529121399
selected_baseline,2026|Rounds 1-2|2026-04-02|Dplus Kia|Nongshim RedForce,2026-04-02 08:08:29,0,0.4977587163448334
selected_baseline,2026|Rounds 1-2|2026-04-02|DN SOOPers|Kiwoom DRX,2026-04-02 10:15:16,1,0.5187729597091675
selected_baseline,2026|Rounds 1-2|2026-04-03|Gen.G|KT Rolster,2026-04-03 08:10:24,0,0.5510193109512329
selected_baseline,2026|Rounds 1-2|2026-04-03|BNK FEARX|HANJIN BRION,2026-04-03 11:10:37,0,0.5132064819335938
selected_baseline,2026|Rounds 1-2|2026-04-04|Hanwha Life Esports|T1,2026-04-04 08:08:38,0,0.5192388892173767
selected_baseline,2026|Rounds 1-2|2026-04-04|Dplus Kia|Kiwoom DRX,2026-04-04 10:30:33,1,0.48974400758743286
selected_baseline,2026|Rounds 1-2|2026-04-05|DN SOOPers|Nongshim RedForce,2026-04-05 08:10:33,0,0.4870189428329468
selected_baseline,2026|Rounds 1-2|2026-04-05|BNK FEARX|Gen.G,2026-04-05 10:22:53,0,0.4639938175678253
selected_baseline,2026|Rounds 1-2|2026-04-08|Dplus Kia|Hanwha Life Esports,2026-04-08 08:06:29,0,0.47914013266563416
selected_baseline,2026|Rounds 1-2|2026-04-08|Gen.G|T1,2026-04-08 10:19:02,1,0.534686803817749
selected_baseline,2026|Rounds 1-2|2026-04-09|HANJIN BRION|Kiwoom DRX,2026-04-09 08:06:21,0,0.5200469493865967
selected_baseline,2026|Rounds 1-2|2026-04-09|KT Rolster|Nongshim RedForce,2026-04-09 11:25:00,1,0.45676830410957336
selected_baseline,2026|Rounds 1-2|2026-04-10|DN SOOPers|T1,2026-04-10 08:09:34,0,0.5179671049118042
selected_baseline,2026|Rounds 1-2|2026-04-10|BNK FEARX|Hanwha Life Esports,2026-04-10 10:10:47,0,0.45283234119415283
selected_baseline,2026|Rounds 1-2|2026-04-11|Kiwoom DRX|Nongshim RedForce,2026-04-11 08:06:17,1,0.45114171504974365
selected_baseline,2026|Rounds 1-2|2026-04-11|Dplus Kia|Gen.G,2026-04-11 10:14:53,1,0.4229879081249237
selected_baseline,2026|Rounds 1-2|2026-04-12|BNK FEARX|DN SOOPers,2026-04-12 08:05:05,1,0.48638248443603516
selected_baseline,2026|Rounds 1-2|2026-04-12|HANJIN BRION|KT Rolster,2026-04-12 10:09:24,0,0.4935947060585022
selected_baseline,2026|Rounds 1-2|2026-04-15|BNK FEARX|Nongshim RedForce,2026-04-15 08:04:27,0,0.5392956733703613
selected_baseline,2026|Rounds 1-2|2026-04-15|Dplus Kia|KT Rolster,2026-04-15 10:10:22,0,0.4324799180030823
selected_baseline,2026|Rounds 1-2|2026-04-16|Gen.G|HANJIN BRION,2026-04-16 08:07:45,1,0.5497890710830688
selected_baseline,2026|Rounds 1-2|2026-04-16|DN SOOPers|Hanwha Life Esports,2026-04-16 10:19:53,0,0.4330492615699768
selected_baseline,2026|Rounds 1-2|2026-04-17|BNK FEARX|Kiwoom DRX,2026-04-17 08:09:20,1,0.45859628915786743
selected_baseline,2026|Rounds 1-2|2026-04-17|Dplus Kia|T1,2026-04-17 10:18:08,1,0.49259448051452637
selected_baseline,2026|Rounds 1-2|2026-04-18|Gen.G|Hanwha Life Esports,2026-04-18 08:07:24,0,0.4828394055366516
selected_baseline,2026|Rounds 1-2|2026-04-18|DN SOOPers|KT Rolster,2026-04-18 10:19:42,0,0.4327782988548279
selected_baseline,2026|Rounds 1-2|2026-04-19|HANJIN BRION|Nongshim RedForce,2026-04-19 08:06:04,0,0.4713716506958008
selected_baseline,2026|Rounds 1-2|2026-04-19|Kiwoom DRX|T1,2026-04-19 11:23:50,0,0.48625504970550537
selected_baseline,2026|Rounds 1-2|2026-04-22|KT Rolster|Kiwoom DRX,2026-04-22 08:04:37,1,0.5484038591384888
selected_baseline,2026|Rounds 1-2|2026-04-22|Hanwha Life Esports|Nongshim RedForce,2026-04-22 10:16:00,1,0.5509124994277954
selected_baseline,2026|Rounds 1-2|2026-04-23|Dplus Kia|HANJIN BRION,2026-04-23 08:05:27,1,0.5065729022026062
selected_baseline,2026|Rounds 1-2|2026-04-23|DN SOOPers|Gen.G,2026-04-23 10:15:14,0,0.4767483174800873
selected_baseline,2026|Rounds 1-2|2026-04-24|BNK FEARX|KT Rolster,2026-04-24 08:07:08,0,0.44069886207580566
selected_baseline,2026|Rounds 1-2|2026-04-24|Hanwha Life Esports|Kiwoom DRX,2026-04-24 10:32:53,1,0.5685617923736572
selected_baseline,2026|Rounds 1-2|2026-04-25|HANJIN BRION|T1,2026-04-25 08:07:29,0,0.4676210880279541
selected_baseline,2026|Rounds 1-2|2026-04-25|DN SOOPers|Dplus Kia,2026-04-25 10:52:42,0,0.4470423460006714
selected_baseline,2026|Rounds 1-2|2026-04-26|BNK FEARX|T1,2026-04-26 08:06:17,0,0.45668622851371765
selected_baseline,2026|Rounds 1-2|2026-04-26|Gen.G|Nongshim RedForce,2026-04-26 10:15:14,1,0.5193383693695068
selected_baseline,2026|Rounds 1-2|2026-04-29|Nongshim RedForce|T1,2026-04-29 08:05:12,0,0.4521353840827942
selected_baseline,2026|Rounds 1-2|2026-04-29|Hanwha Life Esports|KT Rolster,2026-04-29 10:15:19,1,0.4620428681373596
selected_baseline,2026|Rounds 1-2|2026-04-30|Gen.G|Kiwoom DRX,2026-04-30 08:06:44,1,0.5734285116195679
selected_baseline,2026|Rounds 1-2|2026-04-30|BNK FEARX|Dplus Kia,2026-04-30 11:13:48,0,0.44294482469558716
selected_baseline,2026|Rounds 1-2|2026-05-01|DN SOOPers|HANJIN BRION,2026-05-01 08:06:11,0,0.49383121728897095
selected_baseline,2026|Rounds 1-2|2026-05-01|Hanwha Life Esports|T1,2026-05-01 10:22:34,1,0.4925953149795532
selected_baseline,2026|Rounds 1-2|2026-05-02|Dplus Kia|Gen.G,2026-05-02 08:06:29,0,0.4894871711730957
selected_baseline,2026|Rounds 1-2|2026-05-02|Kiwoom DRX|Nongshim RedForce,2026-05-02 11:03:54,1,0.5144846439361572
selected_baseline,2026|Rounds 1-2|2026-05-03|HANJIN BRION|KT Rolster,2026-05-03 08:05:43,1,0.4842330813407898
selected_baseline,2026|Rounds 1-2|2026-05-03|BNK FEARX|DN SOOPers,2026-05-03 10:24:27,1,0.5034551024436951
selected_baseline,2026|Rounds 1-2|2026-05-06|Gen.G|Nongshim RedForce,2026-05-06 08:06:15,1,0.5444984436035156
selected_baseline,2026|Rounds 1-2|2026-05-06|DN SOOPers|Hanwha Life Esports,2026-05-06 10:34:43,0,0.4344375729560852
selected_baseline,2026|Rounds 1-2|2026-05-07|Dplus Kia|KT Rolster,2026-05-07 08:07:34,0,0.5025894045829773
selected_baseline,2026|Rounds 1-2|2026-05-07|BNK FEARX|HANJIN BRION,2026-05-07 10:30:17,0,0.46218928694725037
selected_baseline,2026|Rounds 1-2|2026-05-08|DN SOOPers|T1,2026-05-08 08:05:48,0,0.4626113772392273
selected_baseline,2026|Rounds 1-2|2026-05-08|Gen.G|Kiwoom DRX,2026-05-08 10:40:52,1,0.49747908115386963
selected_baseline,2026|Rounds 1-2|2026-05-09|BNK FEARX|KT Rolster,2026-05-09 08:06:41,1,0.4968373477458954
selected_baseline,2026|Rounds 1-2|2026-05-09|HANJIN BRION|Nongshim RedForce,2026-05-09 10:15:45,1,0.5620609521865845
selected_baseline,2026|Rounds 1-2|2026-05-10|Dplus Kia|T1,2026-05-10 08:09:29,0,0.4719569683074951
selected_baseline,2026|Rounds 1-2|2026-05-10|Hanwha Life Esports|Kiwoom DRX,2026-05-10 10:31:52,1,0.5297436118125916
selected_baseline,2026|Rounds 1-2|2026-05-13|Nongshim RedForce|T1,2026-05-13 08:06:21,0,0.4522674083709717
selected_baseline,2026|Rounds 1-2|2026-05-13|DN SOOPers|Dplus Kia,2026-05-13 10:12:11,0,0.4865967929363251
selected_baseline,2026|Rounds 1-2|2026-05-14|BNK FEARX|Gen.G,2026-05-14 08:07:03,0,0.46336203813552856
selected_baseline,2026|Rounds 1-2|2026-05-14|KT Rolster|Kiwoom DRX,2026-05-14 10:15:56,1,0.5145304203033447
selected_baseline,2026|Rounds 1-2|2026-05-15|Dplus Kia|Hanwha Life Esports,2026-05-15 08:07:51,0,0.4802001118659973
selected_baseline,2026|Rounds 1-2|2026-05-15|DN SOOPers|HANJIN BRION,2026-05-15 10:22:39,0,0.4427565634250641
selected_baseline,2026|Rounds 1-2|2026-05-16|Gen.G|T1,2026-05-16 08:05:55,0,0.5199853181838989
selected_baseline,2026|Rounds 1-2|2026-05-16|BNK FEARX|Nongshim RedForce,2026-05-16 11:30:05,1,0.5332586765289307
selected_baseline,2026|Rounds 1-2|2026-05-17|Hanwha Life Esports|KT Rolster,2026-05-17 08:05:58,0,0.5498161315917969
selected_baseline,2026|Rounds 1-2|2026-05-17|HANJIN BRION|Kiwoom DRX,2026-05-17 11:06:33,0,0.5721992254257202
selected_baseline,2026|Rounds 1-2|2026-05-20|Kiwoom DRX|T1,2026-05-20 08:05:29,0,0.47962749004364014
selected_baseline,2026|Rounds 1-2|2026-05-20|KT Rolster|Nongshim RedForce,2026-05-20 11:01:11,1,0.5167046785354614
selected_baseline,2026|Rounds 1-2|2026-05-21|BNK FEARX|Hanwha Life Esports,2026-05-21 08:06:57,0,0.49776962399482727
selected_baseline,2026|Rounds 1-2|2026-05-21|Dplus Kia|HANJIN BRION,2026-05-21 10:22:05,1,0.4815273880958557
selected_baseline,2026|Rounds 1-2|2026-05-22|DN SOOPers|Kiwoom DRX,2026-05-22 08:06:39,0,0.45666438341140747
selected_baseline,2026|Rounds 1-2|2026-05-22|Gen.G|KT Rolster,2026-05-22 10:20:35,1,0.527485728263855
selected_baseline,2026|Rounds 1-2|2026-05-23|BNK FEARX|Dplus Kia,2026-05-23 08:06:07,0,0.5039295554161072
selected_baseline,2026|Rounds 1-2|2026-05-23|Hanwha Life Esports|Nongshim RedForce,2026-05-23 11:15:14,1,0.5219835042953491
selected_baseline,2026|Rounds 1-2|2026-05-24|DN SOOPers|Gen.G,2026-05-24 08:06:42,0,0.45633649826049805
selected_baseline,2026|Rounds 1-2|2026-05-24|HANJIN BRION|T1,2026-05-24 10:10:10,0,0.44047826528549194
selected_baseline,2026|Rounds 1-2|2026-05-27|Gen.G|Hanwha Life Esports,2026-05-27 08:06:37,1,0.4932919144630432
selected_baseline,2026|Rounds 1-2|2026-05-27|BNK FEARX|Kiwoom DRX,2026-05-27 11:17:26,1,0.45170533657073975
selected_baseline,2026|Rounds 1-2|2026-05-28|DN SOOPers|Nongshim RedForce,2026-05-28 08:03:36,0,0.48695990443229675
selected_baseline,2026|Rounds 1-2|2026-05-28|KT Rolster|T1,2026-05-28 11:03:41,0,0.4584469497203827
selected_baseline,2026|Rounds 1-2|2026-05-29|Dplus Kia|Kiwoom DRX,2026-05-29 08:09:08,1,0.47345754504203796
selected_baseline,2026|Rounds 1-2|2026-05-29|Gen.G|HANJIN BRION,2026-05-29 11:07:01,1,0.5791506767272949
selected_baseline,2026|Rounds 1-2|2026-05-30|DN SOOPers|KT Rolster,2026-05-30 08:05:58,0,0.49387502670288086
selected_baseline,2026|Rounds 1-2|2026-05-30|BNK FEARX|T1,2026-05-30 10:20:58,0,0.4585818648338318
selected_baseline,2026|Rounds 1-2|2026-05-31|HANJIN BRION|Hanwha Life Esports,2026-05-31 08:06:48,0,0.45459744334220886
selected_baseline,2026|Rounds 1-2|2026-05-31|Dplus Kia|Nongshim RedForce,2026-05-31 10:17:32,1,0.5188708305358887
selected_baseline,2026|Rounds 1-2|2026-06-06|Dplus Kia|HANJIN BRION,2026-06-06 08:12:31,1,0.5877679586410522
selected_baseline,2026|Rounds 1-2|2026-06-07|Dplus Kia|KT Rolster,2026-06-07 08:09:33,0,0.5915626287460327
selected_baseline,2026|Rounds 1-2|2026-06-12|Hanwha Life Esports|T1,2026-06-12 08:25:00,1,0.4488007426261902
selected_baseline,2026|Rounds 1-2|2026-06-13|Gen.G|KT Rolster,2026-06-13 06:22:36,1,0.5776157379150391
selected_baseline,2026|Rounds 1-2|2026-06-14|Gen.G|T1,2026-06-14 06:27:21,0,0.5576711893081665
selected_baseline,2026|Rounds 3-4|2026-07-29|Kiwoom DRX|Nongshim RedForce,2026-07-29 08:05:41,0,0.5122554898262024
selected_baseline,2026|Rounds 3-4|2026-07-29|KT Rolster|T1,2026-07-29 10:14:12,1,0.500431478023529
selected_baseline,2026|Rounds 3-4|2026-07-30|BNK FEARX|DN SOOPers,2026-07-30 08:07:12,1,0.5010017156600952
selected_baseline,2026|Rounds 3-4|2026-07-30|Dplus Kia|Hanwha Life Esports,2026-07-30 10:17:39,1,0.4742106795310974
selected_baseline,2026|Rounds 3-4|2026-07-31|Gen.G|T1,2026-07-31 08:15:35,0,0.5173584222793579
selected_baseline,2026|Rounds 3-4|2026-07-31|HANJIN BRION|Kiwoom DRX,2026-07-31 10:28:31,0,0.4855421781539917
selected_baseline,2026|Rounds 3-4|2026-08-01|BNK FEARX|Nongshim RedForce,2026-08-01 08:05:28,0,0.494560569524765
selected_baseline,2026|Rounds 3-4|2026-08-02|DN SOOPers|HANJIN BRION,2026-08-02 08:07:10,1,0.5078657269477844
selected_baseline,2026|Rounds 3-4|2026-08-02|Hanwha Life Esports|KT Rolster,2026-08-02 11:27:57,0,0.5184578895568848
selected_baseline,2026|Rounds 3-4|2026-08-05|HANJIN BRION|Nongshim RedForce,2026-08-05 08:04:53,1,0.4176386892795563
selected_baseline,2026|Rounds 3-4|2026-08-05|Gen.G|Hanwha Life Esports,2026-08-05 11:19:04,1,0.47461849451065063
selected_baseline,2026|Rounds 3-4|2026-08-06|DN SOOPers|Kiwoom DRX,2026-08-06 08:07:39,0,0.49293282628059387
selected_baseline,2026|Rounds 3-4|2026-08-06|Dplus Kia|T1,2026-08-06 10:15:34,0,0.4932732582092285
selected_baseline,2026|Rounds 3-4|2026-08-07|Gen.G|KT Rolster,2026-08-07 08:07:40,1,0.4828947186470032
selected_baseline,2026|Rounds 3-4|2026-08-07|BNK FEARX|HANJIN BRION,2026-08-07 10:11:30,0,0.508152961730957
selected_baseline,2026|Rounds 3-4|2026-08-08|Hanwha Life Esports|T1,2026-08-08 08:08:11,1,0.47530597448349
selected_baseline,2026|Rounds 3-4|2026-08-08|DN SOOPers|Nongshim RedForce,2026-08-08 11:16:34,1,0.49088385701179504
selected_baseline,2026|Rounds 3-4|2026-08-09|Dplus Kia|KT Rolster,2026-08-09 08:07:07,1,0.4940797686576843
selected_baseline,2026|Rounds 3-4|2026-08-09|BNK FEARX|Kiwoom DRX,2026-08-09 11:01:09,1,0.4403620958328247
selected_baseline,2026|Rounds 3-4|2026-08-12|DN SOOPers|Nongshim RedForce,2026-08-12 08:07:18,1,0.4915720224380493
selected_baseline,2026|Rounds 3-4|2026-08-12|Dplus Kia|KT Rolster,2026-08-12 11:02:08,1,0.5146310329437256
selected_baseline,2026|Rounds 3-4|2026-08-13|BNK FEARX|Kiwoom DRX,2026-08-13 08:06:50,1,0.4679293632507324
selected_baseline,2026|Rounds 3-4|2026-08-13|Gen.G|Hanwha Life Esports,2026-08-13 11:04:48,1,0.5378239154815674
selected_baseline,2026|Rounds 3-4|2026-08-14|Dplus Kia|T1,2026-08-14 08:08:00,1,0.5202776789665222
selected_baseline,2026|Rounds 3-4|2026-08-14|HANJIN BRION|Nongshim RedForce,2026-08-14 11:28:48,0,0.5170938968658447
selected_baseline,2026|Rounds 3-4|2026-08-15|Hanwha Life Esports|KT Rolster,2026-08-15 08:08:03,1,0.5165778398513794
selected_baseline,2026|Rounds 3-4|2026-08-15|BNK FEARX|DN SOOPers,2026-08-15 11:08:43,0,0.5248316526412964
selected_baseline,2026|Rounds 3-4|2026-08-16|Gen.G|T1,2026-08-16 08:07:26,1,0.559355616569519
selected_baseline,2026|Rounds 3-4|2026-08-16|HANJIN BRION|Kiwoom DRX,2026-08-16 10:44:01,1,0.5265966653823853
selected_baseline,2026|Rounds 3-4|2026-08-19|Gen.G|KT Rolster,2026-08-19 08:05:49,1,0.565422534942627
selected_baseline,2026|Rounds 3-4|2026-08-19|DN SOOPers|HANJIN BRION,2026-08-19 11:22:14,0,0.5316740274429321
selected_baseline,2026|Rounds 3-4|2026-08-20|Dplus Kia|Hanwha Life Esports,2026-08-20 08:07:41,0,0.5207128524780273
selected_baseline,2026|Rounds 3-4|2026-08-20|Kiwoom DRX|Nongshim RedForce,2026-08-20 10:33:18,0,0.4366786777973175
selected_baseline,2026|Rounds 3-4|2026-08-21|BNK FEARX|HANJIN BRION,2026-08-21 08:07:26,1,0.4674023985862732
selected_baseline,2026|Rounds 3-4|2026-08-21|KT Rolster|T1,2026-08-21 11:24:11,0,0.5005086660385132
selected_baseline,2026|Rounds 3-4|2026-08-22|Dplus Kia|Gen.G,2026-08-22 08:08:17,1,0.4735099673271179
selected_baseline,2026|Rounds 3-4|2026-08-22|DN SOOPers|Kiwoom DRX,2026-08-22 11:31:02,1,0.5125719904899597
selected_baseline,2026|Rounds 3-4|2026-08-23|Hanwha Life Esports|T1,2026-08-23 08:07:42,1,0.5396493673324585
selected_baseline,2026|Rounds 3-4|2026-08-23|BNK FEARX|Nongshim RedForce,2026-08-23 10:20:23,0,0.47328048944473267
selected_baseline,2026|Rounds 3-4|2026-08-26|HANJIN BRION|KT Rolster,2026-08-26 08:08:21,0,0.5199317336082458
selected_baseline,2026|Rounds 3-4|2026-08-27|BNK FEARX|Nongshim RedForce,2026-08-27 08:07:15,1,0.4501468539237976
selected_baseline,2026|Rounds 3-4|2026-08-28|BNK FEARX|HANJIN BRION,2026-08-28 08:06:46,1,0.5153274536132812
selected_baseline,2026|Rounds 3-4|2026-08-29|BNK FEARX|T1,2026-08-29 08:07:39,0,0.5431947708129883
selected_baseline,2026|Rounds 3-4|2026-08-30|Dplus Kia|KT Rolster,2026-08-30 08:10:04,0,0.477622389793396
selected_baseline,2026|Rounds 3-4|2026-09-01|Gen.G|KT Rolster,2026-09-01 08:11:13,1,0.464020699262619
selected_baseline,2026|Rounds 3-4|2026-09-02|Hanwha Life Esports|T1,2026-09-02 08:11:08,1,0.5445235967636108
selected_baseline,2026|Rounds 3-4|2026-09-03|BNK FEARX|Dplus Kia,2026-09-03 08:07:55,0,0.46722254157066345
selected_baseline,2026|Rounds 3-4|2026-09-04|Dplus Kia|KT Rolster,2026-09-04 08:07:52,1,0.5239681005477905
selected_baseline,2026|Rounds 3-4|2026-09-05|Gen.G|Hanwha Life Esports,2026-09-05 08:08:15,1,0.4861816167831421
selected_baseline,2026|Rounds 3-4|2026-09-06|Dplus Kia|T1,2026-09-06 08:09:36,0,0.5665547847747803
selected_baseline,2026|Rounds 3-4|2026-09-12|Hanwha Life Esports|T1,2026-09-12 05:21:16,1,0.4847766160964966
player_leads,2026|Cup|2026-01-14|DN SOOPers|KT Rolster,2026-01-14 08:13:43,0,0.5097619891166687
player_leads,2026|Cup|2026-01-14|Dplus Kia|HANJIN BRION,2026-01-14 11:22:18,1,0.517345130443573
player_leads,2026|Cup|2026-01-15|Gen.G|Kiwoom DRX,2026-01-15 08:05:23,1,0.5329949259757996
player_leads,2026|Cup|2026-01-15|BNK FEARX|Nongshim RedForce,2026-01-15 10:15:24,1,0.5257352590560913
player_leads,2026|Cup|2026-01-16|DN SOOPers|Dplus Kia,2026-01-16 08:05:40,0,0.50861656665802
player_leads,2026|Cup|2026-01-16|Hanwha Life Esports|T1,2026-01-16 10:08:16,0,0.5199345350265503
player_leads,2026|Cup|2026-01-17|BNK FEARX|HANJIN BRION,2026-01-17 08:05:53,1,0.547278881072998
player_leads,2026|Cup|2026-01-17|Gen.G|KT Rolster,2026-01-17 11:10:45,1,0.5319378972053528
player_leads,2026|Cup|2026-01-18|Hanwha Life Esports|Nongshim RedForce,2026-01-18 08:05:24,0,0.5038455724716187
player_leads,2026|Cup|2026-01-18|Kiwoom DRX|T1,2026-01-18 10:20:18,0,0.49098852276802063
player_leads,2026|Cup|2026-01-21|Dplus Kia|Nongshim RedForce,2026-01-21 08:05:24,1,0.5259610414505005
player_leads,2026|Cup|2026-01-21|DN SOOPers|Kiwoom DRX,2026-01-21 11:14:52,1,0.5114122629165649
player_leads,2026|Cup|2026-01-22|HANJIN BRION|Hanwha Life Esports,2026-01-22 08:05:25,0,0.4895155429840088
player_leads,2026|Cup|2026-01-22|BNK FEARX|Gen.G,2026-01-22 11:14:53,0,0.47285377979278564
player_leads,2026|Cup|2026-01-23|KT Rolster|T1,2026-01-23 08:04:55,0,0.46417224407196045
player_leads,2026|Cup|2026-01-23|Kiwoom DRX|Nongshim RedForce,2026-01-23 10:33:19,1,0.501086950302124
player_leads,2026|Cup|2026-01-24|DN SOOPers|Hanwha Life Esports,2026-01-24 08:04:56,0,0.49034780263900757
player_leads,2026|Cup|2026-01-24|Dplus Kia|Gen.G,2026-01-24 11:24:48,0,0.486666738986969
player_leads,2026|Cup|2026-01-25|BNK FEARX|T1,2026-01-25 08:05:39,0,0.47691816091537476
player_leads,2026|Cup|2026-01-25|HANJIN BRION|KT Rolster,2026-01-25 11:28:02,0,0.5034239292144775
player_leads,2026|Cup|2026-01-28|HANJIN BRION|Kiwoom DRX,2026-01-28 08:04:54,0,0.5072976350784302
player_leads,2026|Cup|2026-01-29|BNK FEARX|DN SOOPers,2026-01-29 08:07:19,1,0.4939945340156555
player_leads,2026|Cup|2026-01-30|KT Rolster|Nongshim RedForce,2026-01-30 08:05:48,0,0.49802619218826294
player_leads,2026|Cup|2026-01-31|Dplus Kia|T1,2026-01-31 08:17:53,0,0.4955731928348541
player_leads,2026|Cup|2026-02-01|Gen.G|Hanwha Life Esports,2026-02-01 08:08:08,1,0.507087767124176
player_leads,2026|Cup|2026-02-06|HANJIN BRION|Kiwoom DRX,2026-02-06 08:05:10,0,0.48755207657814026
player_leads,2026|Cup|2026-02-06|DN SOOPers|KT Rolster,2026-02-06 10:59:51,1,0.4767562747001648
player_leads,2026|Cup|2026-02-07|Dplus Kia|Kiwoom DRX,2026-02-07 08:07:00,1,0.47624534368515015
player_leads,2026|Cup|2026-02-07|DN SOOPers|Nongshim RedForce,2026-02-07 10:09:22,1,0.5146700143814087
player_leads,2026|Cup|2026-02-08|Kiwoom DRX|Nongshim RedForce,2026-02-08 08:06:06,1,0.4604267179965973
player_leads,2026|Cup|2026-02-12|BNK FEARX|DN SOOPers,2026-02-12 08:04:05,1,0.4954431653022766
player_leads,2026|Cup|2026-02-13|Dplus Kia|Kiwoom DRX,2026-02-13 08:06:47,1,0.5181717872619629
player_leads,2026|Cup|2026-02-14|Dplus Kia|Gen.G,2026-02-14 08:07:25,0,0.49153709411621094
player_leads,2026|Cup|2026-02-15|BNK FEARX|T1,2026-02-15 08:05:24,1,0.4979514479637146
player_leads,2026|Cup|2026-02-19|DN SOOPers|Kiwoom DRX,2026-02-19 08:06:05,1,0.5277116298675537
player_leads,2026|Cup|2026-02-20|DN SOOPers|Dplus Kia,2026-02-20 08:06:25,0,0.5321210622787476
player_leads,2026|Cup|2026-02-21|BNK FEARX|Gen.G,2026-02-21 08:08:52,0,0.49706512689590454
player_leads,2026|Cup|2026-02-22|Dplus Kia|T1,2026-02-22 08:08:41,1,0.5342716574668884
player_leads,2026|Cup|2026-02-28|BNK FEARX|Dplus Kia,2026-02-28 08:23:00,1,0.5044993758201599
player_leads,2026|Cup|2026-03-01|BNK FEARX|Gen.G,2026-03-01 08:22:46,0,0.43368038535118103
player_leads,2026|Rounds 1-2|2026-04-01|HANJIN BRION|Hanwha Life Esports,2026-04-01 08:11:43,0,0.4979349374771118
player_leads,2026|Rounds 1-2|2026-04-01|KT Rolster|T1,2026-04-01 10:23:34,1,0.48725536465644836
player_leads,2026|Rounds 1-2|2026-04-02|Dplus Kia|Nongshim RedForce,2026-04-02 08:08:29,0,0.5034388303756714
player_leads,2026|Rounds 1-2|2026-04-02|DN SOOPers|Kiwoom DRX,2026-04-02 10:15:16,1,0.5300723910331726
player_leads,2026|Rounds 1-2|2026-04-03|Gen.G|KT Rolster,2026-04-03 08:10:24,0,0.5291953086853027
player_leads,2026|Rounds 1-2|2026-04-03|BNK FEARX|HANJIN BRION,2026-04-03 11:10:37,0,0.5104886293411255
player_leads,2026|Rounds 1-2|2026-04-04|Hanwha Life Esports|T1,2026-04-04 08:08:38,0,0.5230218768119812
player_leads,2026|Rounds 1-2|2026-04-04|Dplus Kia|Kiwoom DRX,2026-04-04 10:30:33,1,0.49530690908432007
player_leads,2026|Rounds 1-2|2026-04-05|DN SOOPers|Nongshim RedForce,2026-04-05 08:10:33,0,0.5210522413253784
player_leads,2026|Rounds 1-2|2026-04-05|BNK FEARX|Gen.G,2026-04-05 10:22:53,0,0.4647938311100006
player_leads,2026|Rounds 1-2|2026-04-08|Dplus Kia|Hanwha Life Esports,2026-04-08 08:06:29,0,0.47791725397109985
player_leads,2026|Rounds 1-2|2026-04-08|Gen.G|T1,2026-04-08 10:19:02,1,0.5158172845840454
player_leads,2026|Rounds 1-2|2026-04-09|HANJIN BRION|Kiwoom DRX,2026-04-09 08:06:21,0,0.4924484193325043
player_leads,2026|Rounds 1-2|2026-04-09|KT Rolster|Nongshim RedForce,2026-04-09 11:25:00,1,0.5039138793945312
player_leads,2026|Rounds 1-2|2026-04-10|DN SOOPers|T1,2026-04-10 08:09:34,0,0.5355237722396851
player_leads,2026|Rounds 1-2|2026-04-10|BNK FEARX|Hanwha Life Esports,2026-04-10 10:10:47,0,0.4836307764053345
player_leads,2026|Rounds 1-2|2026-04-11|Kiwoom DRX|Nongshim RedForce,2026-04-11 08:06:17,1,0.4879889488220215
player_leads,2026|Rounds 1-2|2026-04-11|Dplus Kia|Gen.G,2026-04-11 10:14:53,1,0.472300261259079
player_leads,2026|Rounds 1-2|2026-04-12|BNK FEARX|DN SOOPers,2026-04-12 08:05:05,1,0.47096866369247437
player_leads,2026|Rounds 1-2|2026-04-12|HANJIN BRION|KT Rolster,2026-04-12 10:09:24,0,0.48363757133483887
player_leads,2026|Rounds 1-2|2026-04-15|BNK FEARX|Nongshim RedForce,2026-04-15 08:04:27,0,0.5207288265228271
player_leads,2026|Rounds 1-2|2026-04-15|Dplus Kia|KT Rolster,2026-04-15 10:10:22,0,0.464780330657959
player_leads,2026|Rounds 1-2|2026-04-16|Gen.G|HANJIN BRION,2026-04-16 08:07:45,1,0.5403702855110168
player_leads,2026|Rounds 1-2|2026-04-16|DN SOOPers|Hanwha Life Esports,2026-04-16 10:19:53,0,0.4851147532463074
player_leads,2026|Rounds 1-2|2026-04-17|BNK FEARX|Kiwoom DRX,2026-04-17 08:09:20,1,0.4871373176574707
player_leads,2026|Rounds 1-2|2026-04-17|Dplus Kia|T1,2026-04-17 10:18:08,1,0.5276411771774292
player_leads,2026|Rounds 1-2|2026-04-18|Gen.G|Hanwha Life Esports,2026-04-18 08:07:24,0,0.49096643924713135
player_leads,2026|Rounds 1-2|2026-04-18|DN SOOPers|KT Rolster,2026-04-18 10:19:42,0,0.48363685607910156
player_leads,2026|Rounds 1-2|2026-04-19|HANJIN BRION|Nongshim RedForce,2026-04-19 08:06:04,0,0.47946617007255554
player_leads,2026|Rounds 1-2|2026-04-19|Kiwoom DRX|T1,2026-04-19 11:23:50,0,0.49955201148986816
player_leads,2026|Rounds 1-2|2026-04-22|KT Rolster|Kiwoom DRX,2026-04-22 08:04:37,1,0.51258385181427
player_leads,2026|Rounds 1-2|2026-04-22|Hanwha Life Esports|Nongshim RedForce,2026-04-22 10:16:00,1,0.5024335384368896
player_leads,2026|Rounds 1-2|2026-04-23|Dplus Kia|HANJIN BRION,2026-04-23 08:05:27,1,0.5123939514160156
player_leads,2026|Rounds 1-2|2026-04-23|DN SOOPers|Gen.G,2026-04-23 10:15:14,0,0.4893399775028229
player_leads,2026|Rounds 1-2|2026-04-24|BNK FEARX|KT Rolster,2026-04-24 08:07:08,0,0.4820953905582428
player_leads,2026|Rounds 1-2|2026-04-24|Hanwha Life Esports|Kiwoom DRX,2026-04-24 10:32:53,1,0.5072968006134033
player_leads,2026|Rounds 1-2|2026-04-25|HANJIN BRION|T1,2026-04-25 08:07:29,0,0.4717741012573242
player_leads,2026|Rounds 1-2|2026-04-25|DN SOOPers|Dplus Kia,2026-04-25 10:52:42,0,0.5061370134353638
player_leads,2026|Rounds 1-2|2026-04-26|BNK FEARX|T1,2026-04-26 08:06:17,0,0.4686275124549866
player_leads,2026|Rounds 1-2|2026-04-26|Gen.G|Nongshim RedForce,2026-04-26 10:15:14,1,0.4915738105773926
player_leads,2026|Rounds 1-2|2026-04-29|Nongshim RedForce|T1,2026-04-29 08:05:12,0,0.4757325351238251
player_leads,2026|Rounds 1-2|2026-04-29|Hanwha Life Esports|KT Rolster,2026-04-29 10:15:19,1,0.48527517914772034
player_leads,2026|Rounds 1-2|2026-04-30|Gen.G|Kiwoom DRX,2026-04-30 08:06:44,1,0.5013154745101929
player_leads,2026|Rounds 1-2|2026-04-30|BNK FEARX|Dplus Kia,2026-04-30 11:13:48,0,0.47259289026260376
player_leads,2026|Rounds 1-2|2026-05-01|DN SOOPers|HANJIN BRION,2026-05-01 08:06:11,0,0.5082138776779175
player_leads,2026|Rounds 1-2|2026-05-01|Hanwha Life Esports|T1,2026-05-01 10:22:34,1,0.5056211948394775
player_leads,2026|Rounds 1-2|2026-05-02|Dplus Kia|Gen.G,2026-05-02 08:06:29,0,0.5276283025741577
player_leads,2026|Rounds 1-2|2026-05-02|Kiwoom DRX|Nongshim RedForce,2026-05-02 11:03:54,1,0.49975839257240295
player_leads,2026|Rounds 1-2|2026-05-03|HANJIN BRION|KT Rolster,2026-05-03 08:05:43,1,0.4718717932701111
player_leads,2026|Rounds 1-2|2026-05-03|BNK FEARX|DN SOOPers,2026-05-03 10:24:27,1,0.478746235370636
player_leads,2026|Rounds 1-2|2026-05-06|Gen.G|Nongshim RedForce,2026-05-06 08:06:15,1,0.5276509523391724
player_leads,2026|Rounds 1-2|2026-05-06|DN SOOPers|Hanwha Life Esports,2026-05-06 10:34:43,0,0.4961404800415039
player_leads,2026|Rounds 1-2|2026-05-07|Dplus Kia|KT Rolster,2026-05-07 08:07:34,0,0.4939403533935547
player_leads,2026|Rounds 1-2|2026-05-07|BNK FEARX|HANJIN BRION,2026-05-07 10:30:17,0,0.479836642742157
player_leads,2026|Rounds 1-2|2026-05-08|DN SOOPers|T1,2026-05-08 08:05:48,0,0.5085155963897705
player_leads,2026|Rounds 1-2|2026-05-08|Gen.G|Kiwoom DRX,2026-05-08 10:40:52,1,0.5436226725578308
player_leads,2026|Rounds 1-2|2026-05-09|BNK FEARX|KT Rolster,2026-05-09 08:06:41,1,0.4989728629589081
player_leads,2026|Rounds 1-2|2026-05-09|HANJIN BRION|Nongshim RedForce,2026-05-09 10:15:45,1,0.5356521606445312
player_leads,2026|Rounds 1-2|2026-05-10|Dplus Kia|T1,2026-05-10 08:09:29,0,0.5056811571121216
player_leads,2026|Rounds 1-2|2026-05-10|Hanwha Life Esports|Kiwoom DRX,2026-05-10 10:31:52,1,0.5312694311141968
player_leads,2026|Rounds 1-2|2026-05-13|Nongshim RedForce|T1,2026-05-13 08:06:21,0,0.46335461735725403
player_leads,2026|Rounds 1-2|2026-05-13|DN SOOPers|Dplus Kia,2026-05-13 10:12:11,0,0.4787800908088684
player_leads,2026|Rounds 1-2|2026-05-14|BNK FEARX|Gen.G,2026-05-14 08:07:03,0,0.45917683839797974
player_leads,2026|Rounds 1-2|2026-05-14|KT Rolster|Kiwoom DRX,2026-05-14 10:15:56,1,0.5100407600402832
player_leads,2026|Rounds 1-2|2026-05-15|Dplus Kia|Hanwha Life Esports,2026-05-15 08:07:51,0,0.48299640417099
player_leads,2026|Rounds 1-2|2026-05-15|DN SOOPers|HANJIN BRION,2026-05-15 10:22:39,0,0.4575779438018799
player_leads,2026|Rounds 1-2|2026-05-16|Gen.G|T1,2026-05-16 08:05:55,0,0.5059678554534912
player_leads,2026|Rounds 1-2|2026-05-16|BNK FEARX|Nongshim RedForce,2026-05-16 11:30:05,1,0.5117618441581726
player_leads,2026|Rounds 1-2|2026-05-17|Hanwha Life Esports|KT Rolster,2026-05-17 08:05:58,0,0.5182880759239197
player_leads,2026|Rounds 1-2|2026-05-17|HANJIN BRION|Kiwoom DRX,2026-05-17 11:06:33,0,0.5379230976104736
player_leads,2026|Rounds 1-2|2026-05-20|Kiwoom DRX|T1,2026-05-20 08:05:29,0,0.5038255453109741
player_leads,2026|Rounds 1-2|2026-05-20|KT Rolster|Nongshim RedForce,2026-05-20 11:01:11,1,0.5029051303863525
player_leads,2026|Rounds 1-2|2026-05-21|BNK FEARX|Hanwha Life Esports,2026-05-21 08:06:57,0,0.5122298002243042
player_leads,2026|Rounds 1-2|2026-05-21|Dplus Kia|HANJIN BRION,2026-05-21 10:22:05,1,0.4924886226654053
player_leads,2026|Rounds 1-2|2026-05-22|DN SOOPers|Kiwoom DRX,2026-05-22 08:06:39,0,0.48122894763946533
player_leads,2026|Rounds 1-2|2026-05-22|Gen.G|KT Rolster,2026-05-22 10:20:35,1,0.5275604724884033
player_leads,2026|Rounds 1-2|2026-05-23|BNK FEARX|Dplus Kia,2026-05-23 08:06:07,0,0.5065902471542358
player_leads,2026|Rounds 1-2|2026-05-23|Hanwha Life Esports|Nongshim RedForce,2026-05-23 11:15:14,1,0.4980907440185547
player_leads,2026|Rounds 1-2|2026-05-24|DN SOOPers|Gen.G,2026-05-24 08:06:42,0,0.4994828701019287
player_leads,2026|Rounds 1-2|2026-05-24|HANJIN BRION|T1,2026-05-24 10:10:10,0,0.4970458149909973
player_leads,2026|Rounds 1-2|2026-05-27|Gen.G|Hanwha Life Esports,2026-05-27 08:06:37,1,0.5096780061721802
player_leads,2026|Rounds 1-2|2026-05-27|BNK FEARX|Kiwoom DRX,2026-05-27 11:17:26,1,0.48465120792388916
player_leads,2026|Rounds 1-2|2026-05-28|DN SOOPers|Nongshim RedForce,2026-05-28 08:03:36,0,0.5054863691329956
player_leads,2026|Rounds 1-2|2026-05-28|KT Rolster|T1,2026-05-28 11:03:41,0,0.49052441120147705
player_leads,2026|Rounds 1-2|2026-05-29|Dplus Kia|Kiwoom DRX,2026-05-29 08:09:08,1,0.5074356198310852
player_leads,2026|Rounds 1-2|2026-05-29|Gen.G|HANJIN BRION,2026-05-29 11:07:01,1,0.530780553817749
player_leads,2026|Rounds 1-2|2026-05-30|DN SOOPers|KT Rolster,2026-05-30 08:05:58,0,0.46356144547462463
player_leads,2026|Rounds 1-2|2026-05-30|BNK FEARX|T1,2026-05-30 10:20:58,0,0.4965415298938751
player_leads,2026|Rounds 1-2|2026-05-31|HANJIN BRION|Hanwha Life Esports,2026-05-31 08:06:48,0,0.5076491236686707
player_leads,2026|Rounds 1-2|2026-05-31|Dplus Kia|Nongshim RedForce,2026-05-31 10:17:32,1,0.5160461664199829
player_leads,2026|Rounds 1-2|2026-06-06|Dplus Kia|HANJIN BRION,2026-06-06 08:12:31,1,0.5393636226654053
player_leads,2026|Rounds 1-2|2026-06-07|Dplus Kia|KT Rolster,2026-06-07 08:09:33,0,0.5030282735824585
player_leads,2026|Rounds 1-2|2026-06-12|Hanwha Life Esports|T1,2026-06-12 08:25:00,1,0.4785533845424652
player_leads,2026|Rounds 1-2|2026-06-13|Gen.G|KT Rolster,2026-06-13 06:22:36,1,0.5379472970962524
player_leads,2026|Rounds 1-2|2026-06-14|Gen.G|T1,2026-06-14 06:27:21,0,0.5522609353065491
player_leads,2026|Rounds 3-4|2026-07-29|Kiwoom DRX|Nongshim RedForce,2026-07-29 08:05:41,0,0.49916550517082214
player_leads,2026|Rounds 3-4|2026-07-29|KT Rolster|T1,2026-07-29 10:14:12,1,0.5234925746917725
player_leads,2026|Rounds 3-4|2026-07-30|BNK FEARX|DN SOOPers,2026-07-30 08:07:12,1,0.5049425959587097
player_leads,2026|Rounds 3-4|2026-07-30|Dplus Kia|Hanwha Life Esports,2026-07-30 10:17:39,1,0.4832969009876251
player_leads,2026|Rounds 3-4|2026-07-31|Gen.G|T1,2026-07-31 08:15:35,0,0.5233187675476074
player_leads,2026|Rounds 3-4|2026-07-31|HANJIN BRION|Kiwoom DRX,2026-07-31 10:28:31,0,0.49916911125183105
player_leads,2026|Rounds 3-4|2026-08-01|BNK FEARX|Nongshim RedForce,2026-08-01 08:05:28,0,0.505595326423645
player_leads,2026|Rounds 3-4|2026-08-02|DN SOOPers|HANJIN BRION,2026-08-02 08:07:10,1,0.4992554485797882
player_leads,2026|Rounds 3-4|2026-08-02|Hanwha Life Esports|KT Rolster,2026-08-02 11:27:57,0,0.5095904469490051
player_leads,2026|Rounds 3-4|2026-08-05|HANJIN BRION|Nongshim RedForce,2026-08-05 08:04:53,1,0.49380356073379517
player_leads,2026|Rounds 3-4|2026-08-05|Gen.G|Hanwha Life Esports,2026-08-05 11:19:04,1,0.5414602756500244
player_leads,2026|Rounds 3-4|2026-08-06|DN SOOPers|Kiwoom DRX,2026-08-06 08:07:39,0,0.5002667903900146
player_leads,2026|Rounds 3-4|2026-08-06|Dplus Kia|T1,2026-08-06 10:15:34,0,0.5179644823074341
player_leads,2026|Rounds 3-4|2026-08-07|Gen.G|KT Rolster,2026-08-07 08:07:40,1,0.5085828304290771
player_leads,2026|Rounds 3-4|2026-08-07|BNK FEARX|HANJIN BRION,2026-08-07 10:11:30,0,0.5191758275032043
player_leads,2026|Rounds 3-4|2026-08-08|Hanwha Life Esports|T1,2026-08-08 08:08:11,1,0.49089890718460083
player_leads,2026|Rounds 3-4|2026-08-08|DN SOOPers|Nongshim RedForce,2026-08-08 11:16:34,1,0.4998961091041565
player_leads,2026|Rounds 3-4|2026-08-09|Dplus Kia|KT Rolster,2026-08-09 08:07:07,1,0.503011167049408
player_leads,2026|Rounds 3-4|2026-08-09|BNK FEARX|Kiwoom DRX,2026-08-09 11:01:09,1,0.48593759536743164
player_leads,2026|Rounds 3-4|2026-08-12|DN SOOPers|Nongshim RedForce,2026-08-12 08:07:18,1,0.5118964910507202
player_leads,2026|Rounds 3-4|2026-08-12|Dplus Kia|KT Rolster,2026-08-12 11:02:08,1,0.4982791841030121
player_leads,2026|Rounds 3-4|2026-08-13|BNK FEARX|Kiwoom DRX,2026-08-13 08:06:50,1,0.5225565433502197
player_leads,2026|Rounds 3-4|2026-08-13|Gen.G|Hanwha Life Esports,2026-08-13 11:04:48,1,0.5116939544677734
player_leads,2026|Rounds 3-4|2026-08-14|Dplus Kia|T1,2026-08-14 08:08:00,1,0.5018395185470581
player_leads,2026|Rounds 3-4|2026-08-14|HANJIN BRION|Nongshim RedForce,2026-08-14 11:28:48,0,0.5075386762619019
player_leads,2026|Rounds 3-4|2026-08-15|Hanwha Life Esports|KT Rolster,2026-08-15 08:08:03,1,0.47316205501556396
player_leads,2026|Rounds 3-4|2026-08-15|BNK FEARX|DN SOOPers,2026-08-15 11:08:43,0,0.5071983337402344
player_leads,2026|Rounds 3-4|2026-08-16|Gen.G|T1,2026-08-16 08:07:26,1,0.5254921913146973
player_leads,2026|Rounds 3-4|2026-08-16|HANJIN BRION|Kiwoom DRX,2026-08-16 10:44:01,1,0.5078393220901489
player_leads,2026|Rounds 3-4|2026-08-19|Gen.G|KT Rolster,2026-08-19 08:05:49,1,0.5309542417526245
player_leads,2026|Rounds 3-4|2026-08-19|DN SOOPers|HANJIN BRION,2026-08-19 11:22:14,0,0.515752911567688
player_leads,2026|Rounds 3-4|2026-08-20|Dplus Kia|Hanwha Life Esports,2026-08-20 08:07:41,0,0.4917062520980835
player_leads,2026|Rounds 3-4|2026-08-20|Kiwoom DRX|Nongshim RedForce,2026-08-20 10:33:18,0,0.49680736660957336
player_leads,2026|Rounds 3-4|2026-08-21|BNK FEARX|HANJIN BRION,2026-08-21 08:07:26,1,0.5056084394454956
player_leads,2026|Rounds 3-4|2026-08-21|KT Rolster|T1,2026-08-21 11:24:11,0,0.4838012158870697
player_leads,2026|Rounds 3-4|2026-08-22|Dplus Kia|Gen.G,2026-08-22 08:08:17,1,0.4626350998878479
player_leads,2026|Rounds 3-4|2026-08-22|DN SOOPers|Kiwoom DRX,2026-08-22 11:31:02,1,0.5205090641975403
player_leads,2026|Rounds 3-4|2026-08-23|Hanwha Life Esports|T1,2026-08-23 08:07:42,1,0.5449529886245728
player_leads,2026|Rounds 3-4|2026-08-23|BNK FEARX|Nongshim RedForce,2026-08-23 10:20:23,0,0.4936131238937378
player_leads,2026|Rounds 3-4|2026-08-26|HANJIN BRION|KT Rolster,2026-08-26 08:08:21,0,0.4900440573692322
player_leads,2026|Rounds 3-4|2026-08-27|BNK FEARX|Nongshim RedForce,2026-08-27 08:07:15,1,0.44179338216781616
player_leads,2026|Rounds 3-4|2026-08-28|BNK FEARX|HANJIN BRION,2026-08-28 08:06:46,1,0.47332629561424255
player_leads,2026|Rounds 3-4|2026-08-29|BNK FEARX|T1,2026-08-29 08:07:39,0,0.49011164903640747
player_leads,2026|Rounds 3-4|2026-08-30|Dplus Kia|KT Rolster,2026-08-30 08:10:04,0,0.47658035159111023
player_leads,2026|Rounds 3-4|2026-09-01|Gen.G|KT Rolster,2026-09-01 08:11:13,1,0.4791567921638489
player_leads,2026|Rounds 3-4|2026-09-02|Hanwha Life Esports|T1,2026-09-02 08:11:08,1,0.5546093583106995
player_leads,2026|Rounds 3-4|2026-09-03|BNK FEARX|Dplus Kia,2026-09-03 08:07:55,0,0.52935791015625
player_leads,2026|Rounds 3-4|2026-09-04|Dplus Kia|KT Rolster,2026-09-04 08:07:52,1,0.5297664999961853
player_leads,2026|Rounds 3-4|2026-09-05|Gen.G|Hanwha Life Esports,2026-09-05 08:08:15,1,0.5267363786697388
player_leads,2026|Rounds 3-4|2026-09-06|Dplus Kia|T1,2026-09-06 08:09:36,0,0.543657660484314
player_leads,2026|Rounds 3-4|2026-09-12|Hanwha Life Esports|T1,2026-09-12 05:21:16,1,0.47108879685401917
team_lead_frequency,2026|Cup|2026-01-14|DN SOOPers|KT Rolster,2026-01-14 08:13:43,0,0.4835871458053589
team_lead_frequency,2026|Cup|2026-01-14|Dplus Kia|HANJIN BRION,2026-01-14 11:22:18,1,0.3550742268562317
team_lead_frequency,2026|Cup|2026-01-15|Gen.G|Kiwoom DRX,2026-01-15 08:05:23,1,0.6551094055175781
team_lead_frequency,2026|Cup|2026-01-15|BNK FEARX|Nongshim RedForce,2026-01-15 10:15:24,1,0.5406991243362427
team_lead_frequency,2026|Cup|2026-01-16|DN SOOPers|Dplus Kia,2026-01-16 08:05:40,0,0.4931938052177429
team_lead_frequency,2026|Cup|2026-01-16|Hanwha Life Esports|T1,2026-01-16 10:08:16,0,0.5610300302505493
team_lead_frequency,2026|Cup|2026-01-17|BNK FEARX|HANJIN BRION,2026-01-17 08:05:53,1,0.4878678023815155
team_lead_frequency,2026|Cup|2026-01-17|Gen.G|KT Rolster,2026-01-17 11:10:45,1,0.5213032960891724
team_lead_frequency,2026|Cup|2026-01-18|Hanwha Life Esports|Nongshim RedForce,2026-01-18 08:05:24,0,0.5318783521652222
team_lead_frequency,2026|Cup|2026-01-18|Kiwoom DRX|T1,2026-01-18 10:20:18,0,0.4864789843559265
team_lead_frequency,2026|Cup|2026-01-21|Dplus Kia|Nongshim RedForce,2026-01-21 08:05:24,1,0.5634018778800964
team_lead_frequency,2026|Cup|2026-01-21|DN SOOPers|Kiwoom DRX,2026-01-21 11:14:52,1,0.47347623109817505
team_lead_frequency,2026|Cup|2026-01-22|HANJIN BRION|Hanwha Life Esports,2026-01-22 08:05:25,0,0.5206162929534912
team_lead_frequency,2026|Cup|2026-01-22|BNK FEARX|Gen.G,2026-01-22 11:14:53,0,0.555304765701294
team_lead_frequency,2026|Cup|2026-01-23|KT Rolster|T1,2026-01-23 08:04:55,0,0.42640039324760437
team_lead_frequency,2026|Cup|2026-01-23|Kiwoom DRX|Nongshim RedForce,2026-01-23 10:33:19,1,0.5801507234573364
team_lead_frequency,2026|Cup|2026-01-24|DN SOOPers|Hanwha Life Esports,2026-01-24 08:04:56,0,0.5760339498519897
team_lead_frequency,2026|Cup|2026-01-24|Dplus Kia|Gen.G,2026-01-24 11:24:48,0,0.535502552986145
team_lead_frequency,2026|Cup|2026-01-25|BNK FEARX|T1,2026-01-25 08:05:39,0,0.37452274560928345
team_lead_frequency,2026|Cup|2026-01-25|HANJIN BRION|KT Rolster,2026-01-25 11:28:02,0,0.4644993245601654
team_lead_frequency,2026|Cup|2026-01-28|HANJIN BRION|Kiwoom DRX,2026-01-28 08:04:54,0,0.4663333296775818
team_lead_frequency,2026|Cup|2026-01-29|BNK FEARX|DN SOOPers,2026-01-29 08:07:19,1,0.2695533037185669
team_lead_frequency,2026|Cup|2026-01-30|KT Rolster|Nongshim RedForce,2026-01-30 08:05:48,0,0.4645775258541107
team_lead_frequency,2026|Cup|2026-01-31|Dplus Kia|T1,2026-01-31 08:17:53,0,0.44424912333488464
team_lead_frequency,2026|Cup|2026-02-01|Gen.G|Hanwha Life Esports,2026-02-01 08:08:08,1,0.5971845388412476
team_lead_frequency,2026|Cup|2026-02-06|HANJIN BRION|Kiwoom DRX,2026-02-06 08:05:10,0,0.3082948923110962
team_lead_frequency,2026|Cup|2026-02-06|DN SOOPers|KT Rolster,2026-02-06 10:59:51,1,0.5361246466636658
team_lead_frequency,2026|Cup|2026-02-07|Dplus Kia|Kiwoom DRX,2026-02-07 08:07:00,1,0.32331448793411255
team_lead_frequency,2026|Cup|2026-02-07|DN SOOPers|Nongshim RedForce,2026-02-07 10:09:22,1,0.6164411306381226
team_lead_frequency,2026|Cup|2026-02-08|Kiwoom DRX|Nongshim RedForce,2026-02-08 08:06:06,1,0.4544649124145508
team_lead_frequency,2026|Cup|2026-02-12|BNK FEARX|DN SOOPers,2026-02-12 08:04:05,1,0.43758583068847656
team_lead_frequency,2026|Cup|2026-02-13|Dplus Kia|Kiwoom DRX,2026-02-13 08:06:47,1,0.41570597887039185
team_lead_frequency,2026|Cup|2026-02-14|Dplus Kia|Gen.G,2026-02-14 08:07:25,0,0.283639132976532
team_lead_frequency,2026|Cup|2026-02-15|BNK FEARX|T1,2026-02-15 08:05:24,1,0.22136381268501282
team_lead_frequency,2026|Cup|2026-02-19|DN SOOPers|Kiwoom DRX,2026-02-19 08:06:05,1,0.38792693614959717
team_lead_frequency,2026|Cup|2026-02-20|DN SOOPers|Dplus Kia,2026-02-20 08:06:25,0,0.33508849143981934
team_lead_frequency,2026|Cup|2026-02-21|BNK FEARX|Gen.G,2026-02-21 08:08:52,0,0.44655001163482666
team_lead_frequency,2026|Cup|2026-02-22|Dplus Kia|T1,2026-02-22 08:08:41,1,0.540203869342804
team_lead_frequency,2026|Cup|2026-02-28|BNK FEARX|Dplus Kia,2026-02-28 08:23:00,1,0.5010441541671753
team_lead_frequency,2026|Cup|2026-03-01|BNK FEARX|Gen.G,2026-03-01 08:22:46,0,0.5958232879638672
team_lead_frequency,2026|Rounds 1-2|2026-04-01|HANJIN BRION|Hanwha Life Esports,2026-04-01 08:11:43,0,0.4085463285446167
team_lead_frequency,2026|Rounds 1-2|2026-04-01|KT Rolster|T1,2026-04-01 10:23:34,1,0.32009953260421753
team_lead_frequency,2026|Rounds 1-2|2026-04-02|Dplus Kia|Nongshim RedForce,2026-04-02 08:08:29,0,0.5625417828559875
team_lead_frequency,2026|Rounds 1-2|2026-04-02|DN SOOPers|Kiwoom DRX,2026-04-02 10:15:16,1,0.5476900339126587
team_lead_frequency,2026|Rounds 1-2|2026-04-03|Gen.G|KT Rolster,2026-04-03 08:10:24,0,0.5805991888046265
team_lead_frequency,2026|Rounds 1-2|2026-04-03|BNK FEARX|HANJIN BRION,2026-04-03 11:10:37,0,0.5473161339759827
team_lead_frequency,2026|Rounds 1-2|2026-04-04|Hanwha Life Esports|T1,2026-04-04 08:08:38,0,0.46881264448165894
team_lead_frequency,2026|Rounds 1-2|2026-04-04|Dplus Kia|Kiwoom DRX,2026-04-04 10:30:33,1,0.5743297338485718
team_lead_frequency,2026|Rounds 1-2|2026-04-05|DN SOOPers|Nongshim RedForce,2026-04-05 08:10:33,0,0.6249220371246338
team_lead_frequency,2026|Rounds 1-2|2026-04-05|BNK FEARX|Gen.G,2026-04-05 10:22:53,0,0.3867967128753662
team_lead_frequency,2026|Rounds 1-2|2026-04-08|Dplus Kia|Hanwha Life Esports,2026-04-08 08:06:29,0,0.46466490626335144
team_lead_frequency,2026|Rounds 1-2|2026-04-08|Gen.G|T1,2026-04-08 10:19:02,1,0.3756822347640991
team_lead_frequency,2026|Rounds 1-2|2026-04-09|HANJIN BRION|Kiwoom DRX,2026-04-09 08:06:21,0,0.5305168032646179
team_lead_frequency,2026|Rounds 1-2|2026-04-09|KT Rolster|Nongshim RedForce,2026-04-09 11:25:00,1,0.5416967868804932
team_lead_frequency,2026|Rounds 1-2|2026-04-10|DN SOOPers|T1,2026-04-10 08:09:34,0,0.3957407474517822
team_lead_frequency,2026|Rounds 1-2|2026-04-10|BNK FEARX|Hanwha Life Esports,2026-04-10 10:10:47,0,0.5249078273773193
team_lead_frequency,2026|Rounds 1-2|2026-04-11|Kiwoom DRX|Nongshim RedForce,2026-04-11 08:06:17,1,0.49144861102104187
team_lead_frequency,2026|Rounds 1-2|2026-04-11|Dplus Kia|Gen.G,2026-04-11 10:14:53,1,0.3754561245441437
team_lead_frequency,2026|Rounds 1-2|2026-04-12|BNK FEARX|DN SOOPers,2026-04-12 08:05:05,1,0.5145835876464844
team_lead_frequency,2026|Rounds 1-2|2026-04-12|HANJIN BRION|KT Rolster,2026-04-12 10:09:24,0,0.43795499205589294
team_lead_frequency,2026|Rounds 1-2|2026-04-15|BNK FEARX|Nongshim RedForce,2026-04-15 08:04:27,0,0.6001188158988953
team_lead_frequency,2026|Rounds 1-2|2026-04-15|Dplus Kia|KT Rolster,2026-04-15 10:10:22,0,0.5341848134994507
team_lead_frequency,2026|Rounds 1-2|2026-04-16|Gen.G|HANJIN BRION,2026-04-16 08:07:45,1,0.6231681108474731
team_lead_frequency,2026|Rounds 1-2|2026-04-16|DN SOOPers|Hanwha Life Esports,2026-04-16 10:19:53,0,0.6931021809577942
team_lead_frequency,2026|Rounds 1-2|2026-04-17|BNK FEARX|Kiwoom DRX,2026-04-17 08:09:20,1,0.5315113663673401
team_lead_frequency,2026|Rounds 1-2|2026-04-17|Dplus Kia|T1,2026-04-17 10:18:08,1,0.5107278823852539
team_lead_frequency,2026|Rounds 1-2|2026-04-18|Gen.G|Hanwha Life Esports,2026-04-18 08:07:24,0,0.5561814308166504
team_lead_frequency,2026|Rounds 1-2|2026-04-18|DN SOOPers|KT Rolster,2026-04-18 10:19:42,0,0.4679524302482605
team_lead_frequency,2026|Rounds 1-2|2026-04-19|HANJIN BRION|Nongshim RedForce,2026-04-19 08:06:04,0,0.5426948070526123
team_lead_frequency,2026|Rounds 1-2|2026-04-19|Kiwoom DRX|T1,2026-04-19 11:23:50,0,0.5358533263206482
team_lead_frequency,2026|Rounds 1-2|2026-04-22|KT Rolster|Kiwoom DRX,2026-04-22 08:04:37,1,0.6024186611175537
team_lead_frequency,2026|Rounds 1-2|2026-04-22|Hanwha Life Esports|Nongshim RedForce,2026-04-22 10:16:00,1,0.479636549949646
team_lead_frequency,2026|Rounds 1-2|2026-04-23|Dplus Kia|HANJIN BRION,2026-04-23 08:05:27,1,0.543758749961853
team_lead_frequency,2026|Rounds 1-2|2026-04-23|DN SOOPers|Gen.G,2026-04-23 10:15:14,0,0.5367531776428223
team_lead_frequency,2026|Rounds 1-2|2026-04-24|BNK FEARX|KT Rolster,2026-04-24 08:07:08,0,0.5443925857543945
team_lead_frequency,2026|Rounds 1-2|2026-04-24|Hanwha Life Esports|Kiwoom DRX,2026-04-24 10:32:53,1,0.5652023553848267
team_lead_frequency,2026|Rounds 1-2|2026-04-25|HANJIN BRION|T1,2026-04-25 08:07:29,0,0.6475633382797241
team_lead_frequency,2026|Rounds 1-2|2026-04-25|DN SOOPers|Dplus Kia,2026-04-25 10:52:42,0,0.4771268963813782
team_lead_frequency,2026|Rounds 1-2|2026-04-26|BNK FEARX|T1,2026-04-26 08:06:17,0,0.6234126091003418
team_lead_frequency,2026|Rounds 1-2|2026-04-26|Gen.G|Nongshim RedForce,2026-04-26 10:15:14,1,0.3233221173286438
team_lead_frequency,2026|Rounds 1-2|2026-04-29|Nongshim RedForce|T1,2026-04-29 08:05:12,0,0.5314967036247253
team_lead_frequency,2026|Rounds 1-2|2026-04-29|Hanwha Life Esports|KT Rolster,2026-04-29 10:15:19,1,0.6736739873886108
team_lead_frequency,2026|Rounds 1-2|2026-04-30|Gen.G|Kiwoom DRX,2026-04-30 08:06:44,1,0.5309303998947144
team_lead_frequency,2026|Rounds 1-2|2026-04-30|BNK FEARX|Dplus Kia,2026-04-30 11:13:48,0,0.4342716634273529
team_lead_frequency,2026|Rounds 1-2|2026-05-01|DN SOOPers|HANJIN BRION,2026-05-01 08:06:11,0,0.48504728078842163
team_lead_frequency,2026|Rounds 1-2|2026-05-01|Hanwha Life Esports|T1,2026-05-01 10:22:34,1,0.7296313047409058
team_lead_frequency,2026|Rounds 1-2|2026-05-02|Dplus Kia|Gen.G,2026-05-02 08:06:29,0,0.531428337097168
team_lead_frequency,2026|Rounds 1-2|2026-05-02|Kiwoom DRX|Nongshim RedForce,2026-05-02 11:03:54,1,0.4215715825557709
team_lead_frequency,2026|Rounds 1-2|2026-05-03|HANJIN BRION|KT Rolster,2026-05-03 08:05:43,1,0.6110714673995972
team_lead_frequency,2026|Rounds 1-2|2026-05-03|BNK FEARX|DN SOOPers,2026-05-03 10:24:27,1,0.3849562704563141
team_lead_frequency,2026|Rounds 1-2|2026-05-06|Gen.G|Nongshim RedForce,2026-05-06 08:06:15,1,0.5836382508277893
team_lead_frequency,2026|Rounds 1-2|2026-05-06|DN SOOPers|Hanwha Life Esports,2026-05-06 10:34:43,0,0.4013019800186157
team_lead_frequency,2026|Rounds 1-2|2026-05-07|Dplus Kia|KT Rolster,2026-05-07 08:07:34,0,0.5955206751823425
team_lead_frequency,2026|Rounds 1-2|2026-05-07|BNK FEARX|HANJIN BRION,2026-05-07 10:30:17,0,0.32543298602104187
team_lead_frequency,2026|Rounds 1-2|2026-05-08|DN SOOPers|T1,2026-05-08 08:05:48,0,0.4708758294582367
team_lead_frequency,2026|Rounds 1-2|2026-05-08|Gen.G|Kiwoom DRX,2026-05-08 10:40:52,1,0.5545747876167297
team_lead_frequency,2026|Rounds 1-2|2026-05-09|BNK FEARX|KT Rolster,2026-05-09 08:06:41,1,0.5220851898193359
team_lead_frequency,2026|Rounds 1-2|2026-05-09|HANJIN BRION|Nongshim RedForce,2026-05-09 10:15:45,1,0.6098636388778687
team_lead_frequency,2026|Rounds 1-2|2026-05-10|Dplus Kia|T1,2026-05-10 08:09:29,0,0.42454594373703003
team_lead_frequency,2026|Rounds 1-2|2026-05-10|Hanwha Life Esports|Kiwoom DRX,2026-05-10 10:31:52,1,0.48833152651786804
team_lead_frequency,2026|Rounds 1-2|2026-05-13|Nongshim RedForce|T1,2026-05-13 08:06:21,0,0.5514862537384033
team_lead_frequency,2026|Rounds 1-2|2026-05-13|DN SOOPers|Dplus Kia,2026-05-13 10:12:11,0,0.5505778789520264
team_lead_frequency,2026|Rounds 1-2|2026-05-14|BNK FEARX|Gen.G,2026-05-14 08:07:03,0,0.48132169246673584
team_lead_frequency,2026|Rounds 1-2|2026-05-14|KT Rolster|Kiwoom DRX,2026-05-14 10:15:56,1,0.5365105867385864
team_lead_frequency,2026|Rounds 1-2|2026-05-15|Dplus Kia|Hanwha Life Esports,2026-05-15 08:07:51,0,0.41447436809539795
team_lead_frequency,2026|Rounds 1-2|2026-05-15|DN SOOPers|HANJIN BRION,2026-05-15 10:22:39,0,0.49366265535354614
team_lead_frequency,2026|Rounds 1-2|2026-05-16|Gen.G|T1,2026-05-16 08:05:55,0,0.463564932346344
team_lead_frequency,2026|Rounds 1-2|2026-05-16|BNK FEARX|Nongshim RedForce,2026-05-16 11:30:05,1,0.4151831865310669
team_lead_frequency,2026|Rounds 1-2|2026-05-17|Hanwha Life Esports|KT Rolster,2026-05-17 08:05:58,0,0.4764227271080017
team_lead_frequency,2026|Rounds 1-2|2026-05-17|HANJIN BRION|Kiwoom DRX,2026-05-17 11:06:33,0,0.5403454899787903
team_lead_frequency,2026|Rounds 1-2|2026-05-20|Kiwoom DRX|T1,2026-05-20 08:05:29,0,0.660399317741394
team_lead_frequency,2026|Rounds 1-2|2026-05-20|KT Rolster|Nongshim RedForce,2026-05-20 11:01:11,1,0.6474975943565369
team_lead_frequency,2026|Rounds 1-2|2026-05-21|BNK FEARX|Hanwha Life Esports,2026-05-21 08:06:57,0,0.5527138710021973
team_lead_frequency,2026|Rounds 1-2|2026-05-21|Dplus Kia|HANJIN BRION,2026-05-21 10:22:05,1,0.4862765967845917
team_lead_frequency,2026|Rounds 1-2|2026-05-22|DN SOOPers|Kiwoom DRX,2026-05-22 08:06:39,0,0.5228880643844604
team_lead_frequency,2026|Rounds 1-2|2026-05-22|Gen.G|KT Rolster,2026-05-22 10:20:35,1,0.5624080300331116
team_lead_frequency,2026|Rounds 1-2|2026-05-23|BNK FEARX|Dplus Kia,2026-05-23 08:06:07,0,0.5445982217788696
team_lead_frequency,2026|Rounds 1-2|2026-05-23|Hanwha Life Esports|Nongshim RedForce,2026-05-23 11:15:14,1,0.6940373778343201
team_lead_frequency,2026|Rounds 1-2|2026-05-24|DN SOOPers|Gen.G,2026-05-24 08:06:42,0,0.5166572332382202
team_lead_frequency,2026|Rounds 1-2|2026-05-24|HANJIN BRION|T1,2026-05-24 10:10:10,0,0.633538007736206
team_lead_frequency,2026|Rounds 1-2|2026-05-27|Gen.G|Hanwha Life Esports,2026-05-27 08:06:37,1,0.37449705600738525
team_lead_frequency,2026|Rounds 1-2|2026-05-27|BNK FEARX|Kiwoom DRX,2026-05-27 11:17:26,1,0.6221791505813599
team_lead_frequency,2026|Rounds 1-2|2026-05-28|DN SOOPers|Nongshim RedForce,2026-05-28 08:03:36,0,0.475652813911438
team_lead_frequency,2026|Rounds 1-2|2026-05-28|KT Rolster|T1,2026-05-28 11:03:41,0,0.3976459503173828
team_lead_frequency,2026|Rounds 1-2|2026-05-29|Dplus Kia|Kiwoom DRX,2026-05-29 08:09:08,1,0.5644071102142334
team_lead_frequency,2026|Rounds 1-2|2026-05-29|Gen.G|HANJIN BRION,2026-05-29 11:07:01,1,0.4391993284225464
team_lead_frequency,2026|Rounds 1-2|2026-05-30|DN SOOPers|KT Rolster,2026-05-30 08:05:58,0,0.6294350624084473
team_lead_frequency,2026|Rounds 1-2|2026-05-30|BNK FEARX|T1,2026-05-30 10:20:58,0,0.5796661376953125
team_lead_frequency,2026|Rounds 1-2|2026-05-31|HANJIN BRION|Hanwha Life Esports,2026-05-31 08:06:48,0,0.3535887598991394
team_lead_frequency,2026|Rounds 1-2|2026-05-31|Dplus Kia|Nongshim RedForce,2026-05-31 10:17:32,1,0.47290828824043274
team_lead_frequency,2026|Rounds 1-2|2026-06-06|Dplus Kia|HANJIN BRION,2026-06-06 08:12:31,1,0.42332911491394043
team_lead_frequency,2026|Rounds 1-2|2026-06-07|Dplus Kia|KT Rolster,2026-06-07 08:09:33,0,0.5029094219207764
team_lead_frequency,2026|Rounds 1-2|2026-06-12|Hanwha Life Esports|T1,2026-06-12 08:25:00,1,0.3825454115867615
team_lead_frequency,2026|Rounds 1-2|2026-06-13|Gen.G|KT Rolster,2026-06-13 06:22:36,1,0.38579535484313965
team_lead_frequency,2026|Rounds 1-2|2026-06-14|Gen.G|T1,2026-06-14 06:27:21,0,0.6346101760864258
team_lead_frequency,2026|Rounds 3-4|2026-07-29|Kiwoom DRX|Nongshim RedForce,2026-07-29 08:05:41,0,0.555648684501648
team_lead_frequency,2026|Rounds 3-4|2026-07-29|KT Rolster|T1,2026-07-29 10:14:12,1,0.37583088874816895
team_lead_frequency,2026|Rounds 3-4|2026-07-30|BNK FEARX|DN SOOPers,2026-07-30 08:07:12,1,0.6985175013542175
team_lead_frequency,2026|Rounds 3-4|2026-07-30|Dplus Kia|Hanwha Life Esports,2026-07-30 10:17:39,1,0.4897966980934143
team_lead_frequency,2026|Rounds 3-4|2026-07-31|Gen.G|T1,2026-07-31 08:15:35,0,0.43777531385421753
team_lead_frequency,2026|Rounds 3-4|2026-07-31|HANJIN BRION|Kiwoom DRX,2026-07-31 10:28:31,0,0.6272315979003906
team_lead_frequency,2026|Rounds 3-4|2026-08-01|BNK FEARX|Nongshim RedForce,2026-08-01 08:05:28,0,0.5693689584732056
team_lead_frequency,2026|Rounds 3-4|2026-08-02|DN SOOPers|HANJIN BRION,2026-08-02 08:07:10,1,0.4470908045768738
team_lead_frequency,2026|Rounds 3-4|2026-08-02|Hanwha Life Esports|KT Rolster,2026-08-02 11:27:57,0,0.47227880358695984
team_lead_frequency,2026|Rounds 3-4|2026-08-05|HANJIN BRION|Nongshim RedForce,2026-08-05 08:04:53,1,0.5945940017700195
team_lead_frequency,2026|Rounds 3-4|2026-08-05|Gen.G|Hanwha Life Esports,2026-08-05 11:19:04,1,0.4068088233470917
team_lead_frequency,2026|Rounds 3-4|2026-08-06|DN SOOPers|Kiwoom DRX,2026-08-06 08:07:39,0,0.680212140083313
team_lead_frequency,2026|Rounds 3-4|2026-08-06|Dplus Kia|T1,2026-08-06 10:15:34,0,0.5647919178009033
team_lead_frequency,2026|Rounds 3-4|2026-08-07|Gen.G|KT Rolster,2026-08-07 08:07:40,1,0.4352421462535858
team_lead_frequency,2026|Rounds 3-4|2026-08-07|BNK FEARX|HANJIN BRION,2026-08-07 10:11:30,0,0.2954658269882202
team_lead_frequency,2026|Rounds 3-4|2026-08-08|Hanwha Life Esports|T1,2026-08-08 08:08:11,1,0.5299999713897705
team_lead_frequency,2026|Rounds 3-4|2026-08-08|DN SOOPers|Nongshim RedForce,2026-08-08 11:16:34,1,0.5401902198791504
team_lead_frequency,2026|Rounds 3-4|2026-08-09|Dplus Kia|KT Rolster,2026-08-09 08:07:07,1,0.5499162673950195
team_lead_frequency,2026|Rounds 3-4|2026-08-09|BNK FEARX|Kiwoom DRX,2026-08-09 11:01:09,1,0.5961310863494873
team_lead_frequency,2026|Rounds 3-4|2026-08-12|DN SOOPers|Nongshim RedForce,2026-08-12 08:07:18,1,0.6641454696655273
team_lead_frequency,2026|Rounds 3-4|2026-08-12|Dplus Kia|KT Rolster,2026-08-12 11:02:08,1,0.5756939649581909
team_lead_frequency,2026|Rounds 3-4|2026-08-13|BNK FEARX|Kiwoom DRX,2026-08-13 08:06:50,1,0.46991878747940063
team_lead_frequency,2026|Rounds 3-4|2026-08-13|Gen.G|Hanwha Life Esports,2026-08-13 11:04:48,1,0.3657936155796051
team_lead_frequency,2026|Rounds 3-4|2026-08-14|Dplus Kia|T1,2026-08-14 08:08:00,1,0.5101455450057983
team_lead_frequency,2026|Rounds 3-4|2026-08-14|HANJIN BRION|Nongshim RedForce,2026-08-14 11:28:48,0,0.7205243706703186
team_lead_frequency,2026|Rounds 3-4|2026-08-15|Hanwha Life Esports|KT Rolster,2026-08-15 08:08:03,1,0.6449888348579407
team_lead_frequency,2026|Rounds 3-4|2026-08-15|BNK FEARX|DN SOOPers,2026-08-15 11:08:43,0,0.5062731504440308
team_lead_frequency,2026|Rounds 3-4|2026-08-16|Gen.G|T1,2026-08-16 08:07:26,1,0.49203434586524963
team_lead_frequency,2026|Rounds 3-4|2026-08-16|HANJIN BRION|Kiwoom DRX,2026-08-16 10:44:01,1,0.6831085681915283
team_lead_frequency,2026|Rounds 3-4|2026-08-19|Gen.G|KT Rolster,2026-08-19 08:05:49,1,0.5932848453521729
team_lead_frequency,2026|Rounds 3-4|2026-08-19|DN SOOPers|HANJIN BRION,2026-08-19 11:22:14,0,0.48666852712631226
team_lead_frequency,2026|Rounds 3-4|2026-08-20|Dplus Kia|Hanwha Life Esports,2026-08-20 08:07:41,0,0.6392431259155273
team_lead_frequency,2026|Rounds 3-4|2026-08-20|Kiwoom DRX|Nongshim RedForce,2026-08-20 10:33:18,0,0.5638794302940369
team_lead_frequency,2026|Rounds 3-4|2026-08-21|BNK FEARX|HANJIN BRION,2026-08-21 08:07:26,1,0.5158566236495972
team_lead_frequency,2026|Rounds 3-4|2026-08-21|KT Rolster|T1,2026-08-21 11:24:11,0,0.6327815055847168
team_lead_frequency,2026|Rounds 3-4|2026-08-22|Dplus Kia|Gen.G,2026-08-22 08:08:17,1,0.5024507641792297
team_lead_frequency,2026|Rounds 3-4|2026-08-22|DN SOOPers|Kiwoom DRX,2026-08-22 11:31:02,1,0.5141729116439819
team_lead_frequency,2026|Rounds 3-4|2026-08-23|Hanwha Life Esports|T1,2026-08-23 08:07:42,1,0.3906458616256714
team_lead_frequency,2026|Rounds 3-4|2026-08-23|BNK FEARX|Nongshim RedForce,2026-08-23 10:20:23,0,0.3649982511997223
team_lead_frequency,2026|Rounds 3-4|2026-08-26|HANJIN BRION|KT Rolster,2026-08-26 08:08:21,0,0.5249884128570557
team_lead_frequency,2026|Rounds 3-4|2026-08-27|BNK FEARX|Nongshim RedForce,2026-08-27 08:07:15,1,0.4722517728805542
team_lead_frequency,2026|Rounds 3-4|2026-08-28|BNK FEARX|HANJIN BRION,2026-08-28 08:06:46,1,0.5481284856796265
team_lead_frequency,2026|Rounds 3-4|2026-08-29|BNK FEARX|T1,2026-08-29 08:07:39,0,0.355060875415802
team_lead_frequency,2026|Rounds 3-4|2026-08-30|Dplus Kia|KT Rolster,2026-08-30 08:10:04,0,0.3720144033432007
team_lead_frequency,2026|Rounds 3-4|2026-09-01|Gen.G|KT Rolster,2026-09-01 08:11:13,1,0.22028855979442596
team_lead_frequency,2026|Rounds 3-4|2026-09-02|Hanwha Life Esports|T1,2026-09-02 08:11:08,1,0.3487382233142853
team_lead_frequency,2026|Rounds 3-4|2026-09-03|BNK FEARX|Dplus Kia,2026-09-03 08:07:55,0,0.4911390542984009
team_lead_frequency,2026|Rounds 3-4|2026-09-04|Dplus Kia|KT Rolster,2026-09-04 08:07:52,1,0.4302087724208832
team_lead_frequency,2026|Rounds 3-4|2026-09-05|Gen.G|Hanwha Life Esports,2026-09-05 08:08:15,1,0.4750807285308838
team_lead_frequency,2026|Rounds 3-4|2026-09-06|Dplus Kia|T1,2026-09-06 08:09:36,0,0.3659380376338959
team_lead_frequency,2026|Rounds 3-4|2026-09-12|Hanwha Life Esports|T1,2026-09-12 05:21:16,1,0.5101486444473267
team_lead_conversion,2026|Cup|2026-01-14|DN SOOPers|KT Rolster,2026-01-14 08:13:43,0,0.5504175424575806
team_lead_conversion,2026|Cup|2026-01-14|Dplus Kia|HANJIN BRION,2026-01-14 11:22:18,1,0.4104827046394348
team_lead_conversion,2026|Cup|2026-01-15|Gen.G|Kiwoom DRX,2026-01-15 08:05:23,1,0.7328400611877441
team_lead_conversion,2026|Cup|2026-01-15|BNK FEARX|Nongshim RedForce,2026-01-15 10:15:24,1,0.4109915494918823
team_lead_conversion,2026|Cup|2026-01-16|DN SOOPers|Dplus Kia,2026-01-16 08:05:40,0,0.5359289646148682
team_lead_conversion,2026|Cup|2026-01-16|Hanwha Life Esports|T1,2026-01-16 10:08:16,0,0.553625226020813
team_lead_conversion,2026|Cup|2026-01-17|BNK FEARX|HANJIN BRION,2026-01-17 08:05:53,1,0.5548020005226135
team_lead_conversion,2026|Cup|2026-01-17|Gen.G|KT Rolster,2026-01-17 11:10:45,1,0.5138551592826843
team_lead_conversion,2026|Cup|2026-01-18|Hanwha Life Esports|Nongshim RedForce,2026-01-18 08:05:24,0,0.5865117311477661
team_lead_conversion,2026|Cup|2026-01-18|Kiwoom DRX|T1,2026-01-18 10:20:18,0,0.4522412419319153
team_lead_conversion,2026|Cup|2026-01-21|Dplus Kia|Nongshim RedForce,2026-01-21 08:05:24,1,0.6759306788444519
team_lead_conversion,2026|Cup|2026-01-21|DN SOOPers|Kiwoom DRX,2026-01-21 11:14:52,1,0.5786893367767334
team_lead_conversion,2026|Cup|2026-01-22|HANJIN BRION|Hanwha Life Esports,2026-01-22 08:05:25,0,0.4871880114078522
team_lead_conversion,2026|Cup|2026-01-22|BNK FEARX|Gen.G,2026-01-22 11:14:53,0,0.4510173201560974
team_lead_conversion,2026|Cup|2026-01-23|KT Rolster|T1,2026-01-23 08:04:55,0,0.44051337242126465
team_lead_conversion,2026|Cup|2026-01-23|Kiwoom DRX|Nongshim RedForce,2026-01-23 10:33:19,1,0.5932458639144897
team_lead_conversion,2026|Cup|2026-01-24|DN SOOPers|Hanwha Life Esports,2026-01-24 08:04:56,0,0.6087058782577515
team_lead_conversion,2026|Cup|2026-01-24|Dplus Kia|Gen.G,2026-01-24 11:24:48,0,0.5364326238632202
team_lead_conversion,2026|Cup|2026-01-25|BNK FEARX|T1,2026-01-25 08:05:39,0,0.2618717551231384
team_lead_conversion,2026|Cup|2026-01-25|HANJIN BRION|KT Rolster,2026-01-25 11:28:02,0,0.4667607545852661
team_lead_conversion,2026|Cup|2026-01-28|HANJIN BRION|Kiwoom DRX,2026-01-28 08:04:54,0,0.4654286205768585
team_lead_conversion,2026|Cup|2026-01-29|BNK FEARX|DN SOOPers,2026-01-29 08:07:19,1,0.19074924290180206
team_lead_conversion,2026|Cup|2026-01-30|KT Rolster|Nongshim RedForce,2026-01-30 08:05:48,0,0.42055022716522217
team_lead_conversion,2026|Cup|2026-01-31|Dplus Kia|T1,2026-01-31 08:17:53,0,0.4078746438026428
team_lead_conversion,2026|Cup|2026-02-01|Gen.G|Hanwha Life Esports,2026-02-01 08:08:08,1,0.6095911264419556
team_lead_conversion,2026|Cup|2026-02-06|HANJIN BRION|Kiwoom DRX,2026-02-06 08:05:10,0,0.28066134452819824
team_lead_conversion,2026|Cup|2026-02-06|DN SOOPers|KT Rolster,2026-02-06 10:59:51,1,0.42137411236763
team_lead_conversion,2026|Cup|2026-02-07|Dplus Kia|Kiwoom DRX,2026-02-07 08:07:00,1,0.21973863244056702
team_lead_conversion,2026|Cup|2026-02-07|DN SOOPers|Nongshim RedForce,2026-02-07 10:09:22,1,0.5372605323791504
team_lead_conversion,2026|Cup|2026-02-08|Kiwoom DRX|Nongshim RedForce,2026-02-08 08:06:06,1,0.5612832307815552
team_lead_conversion,2026|Cup|2026-02-12|BNK FEARX|DN SOOPers,2026-02-12 08:04:05,1,0.38593965768814087
team_lead_conversion,2026|Cup|2026-02-13|Dplus Kia|Kiwoom DRX,2026-02-13 08:06:47,1,0.356992244720459
team_lead_conversion,2026|Cup|2026-02-14|Dplus Kia|Gen.G,2026-02-14 08:07:25,0,0.25203561782836914
team_lead_conversion,2026|Cup|2026-02-15|BNK FEARX|T1,2026-02-15 08:05:24,1,0.2609468698501587
team_lead_conversion,2026|Cup|2026-02-19|DN SOOPers|Kiwoom DRX,2026-02-19 08:06:05,1,0.4367867708206177
team_lead_conversion,2026|Cup|2026-02-20|DN SOOPers|Dplus Kia,2026-02-20 08:06:25,0,0.30038976669311523
team_lead_conversion,2026|Cup|2026-02-21|BNK FEARX|Gen.G,2026-02-21 08:08:52,0,0.39590856432914734
team_lead_conversion,2026|Cup|2026-02-22|Dplus Kia|T1,2026-02-22 08:08:41,1,0.4730699360370636
team_lead_conversion,2026|Cup|2026-02-28|BNK FEARX|Dplus Kia,2026-02-28 08:23:00,1,0.5679671764373779
team_lead_conversion,2026|Cup|2026-03-01|BNK FEARX|Gen.G,2026-03-01 08:22:46,0,0.586114764213562
team_lead_conversion,2026|Rounds 1-2|2026-04-01|HANJIN BRION|Hanwha Life Esports,2026-04-01 08:11:43,0,0.4154660701751709
team_lead_conversion,2026|Rounds 1-2|2026-04-01|KT Rolster|T1,2026-04-01 10:23:34,1,0.39657217264175415
team_lead_conversion,2026|Rounds 1-2|2026-04-02|Dplus Kia|Nongshim RedForce,2026-04-02 08:08:29,0,0.5889327526092529
team_lead_conversion,2026|Rounds 1-2|2026-04-02|DN SOOPers|Kiwoom DRX,2026-04-02 10:15:16,1,0.5120925307273865
team_lead_conversion,2026|Rounds 1-2|2026-04-03|Gen.G|KT Rolster,2026-04-03 08:10:24,0,0.6002797484397888
team_lead_conversion,2026|Rounds 1-2|2026-04-03|BNK FEARX|HANJIN BRION,2026-04-03 11:10:37,0,0.4868464469909668
team_lead_conversion,2026|Rounds 1-2|2026-04-04|Hanwha Life Esports|T1,2026-04-04 08:08:38,0,0.5802932977676392
team_lead_conversion,2026|Rounds 1-2|2026-04-04|Dplus Kia|Kiwoom DRX,2026-04-04 10:30:33,1,0.5921120047569275
team_lead_conversion,2026|Rounds 1-2|2026-04-05|DN SOOPers|Nongshim RedForce,2026-04-05 08:10:33,0,0.49886617064476013
team_lead_conversion,2026|Rounds 1-2|2026-04-05|BNK FEARX|Gen.G,2026-04-05 10:22:53,0,0.2626326382160187
team_lead_conversion,2026|Rounds 1-2|2026-04-08|Dplus Kia|Hanwha Life Esports,2026-04-08 08:06:29,0,0.46203187108039856
team_lead_conversion,2026|Rounds 1-2|2026-04-08|Gen.G|T1,2026-04-08 10:19:02,1,0.4658023715019226
team_lead_conversion,2026|Rounds 1-2|2026-04-09|HANJIN BRION|Kiwoom DRX,2026-04-09 08:06:21,0,0.6552382111549377
team_lead_conversion,2026|Rounds 1-2|2026-04-09|KT Rolster|Nongshim RedForce,2026-04-09 11:25:00,1,0.545415997505188
team_lead_conversion,2026|Rounds 1-2|2026-04-10|DN SOOPers|T1,2026-04-10 08:09:34,0,0.3448738157749176
team_lead_conversion,2026|Rounds 1-2|2026-04-10|BNK FEARX|Hanwha Life Esports,2026-04-10 10:10:47,0,0.3738901615142822
team_lead_conversion,2026|Rounds 1-2|2026-04-11|Kiwoom DRX|Nongshim RedForce,2026-04-11 08:06:17,1,0.5084318518638611
team_lead_conversion,2026|Rounds 1-2|2026-04-11|Dplus Kia|Gen.G,2026-04-11 10:14:53,1,0.36693793535232544
team_lead_conversion,2026|Rounds 1-2|2026-04-12|BNK FEARX|DN SOOPers,2026-04-12 08:05:05,1,0.5885007381439209
team_lead_conversion,2026|Rounds 1-2|2026-04-12|HANJIN BRION|KT Rolster,2026-04-12 10:09:24,0,0.38375383615493774
team_lead_conversion,2026|Rounds 1-2|2026-04-15|BNK FEARX|Nongshim RedForce,2026-04-15 08:04:27,0,0.6700426340103149
team_lead_conversion,2026|Rounds 1-2|2026-04-15|Dplus Kia|KT Rolster,2026-04-15 10:10:22,0,0.5157467126846313
team_lead_conversion,2026|Rounds 1-2|2026-04-16|Gen.G|HANJIN BRION,2026-04-16 08:07:45,1,0.687753438949585
team_lead_conversion,2026|Rounds 1-2|2026-04-16|DN SOOPers|Hanwha Life Esports,2026-04-16 10:19:53,0,0.5079287886619568
team_lead_conversion,2026|Rounds 1-2|2026-04-17|BNK FEARX|Kiwoom DRX,2026-04-17 08:09:20,1,0.5010383129119873
team_lead_conversion,2026|Rounds 1-2|2026-04-17|Dplus Kia|T1,2026-04-17 10:18:08,1,0.5348157286643982
team_lead_conversion,2026|Rounds 1-2|2026-04-18|Gen.G|Hanwha Life Esports,2026-04-18 08:07:24,0,0.5555956363677979
team_lead_conversion,2026|Rounds 1-2|2026-04-18|DN SOOPers|KT Rolster,2026-04-18 10:19:42,0,0.31112682819366455
team_lead_conversion,2026|Rounds 1-2|2026-04-19|HANJIN BRION|Nongshim RedForce,2026-04-19 08:06:04,0,0.44770896434783936
team_lead_conversion,2026|Rounds 1-2|2026-04-19|Kiwoom DRX|T1,2026-04-19 11:23:50,0,0.5384219884872437
team_lead_conversion,2026|Rounds 1-2|2026-04-22|KT Rolster|Kiwoom DRX,2026-04-22 08:04:37,1,0.6897554993629456
team_lead_conversion,2026|Rounds 1-2|2026-04-22|Hanwha Life Esports|Nongshim RedForce,2026-04-22 10:16:00,1,0.48367568850517273
team_lead_conversion,2026|Rounds 1-2|2026-04-23|Dplus Kia|HANJIN BRION,2026-04-23 08:05:27,1,0.5435532927513123
team_lead_conversion,2026|Rounds 1-2|2026-04-23|DN SOOPers|Gen.G,2026-04-23 10:15:14,0,0.4278203547000885
team_lead_conversion,2026|Rounds 1-2|2026-04-24|BNK FEARX|KT Rolster,2026-04-24 08:07:08,0,0.49423354864120483
team_lead_conversion,2026|Rounds 1-2|2026-04-24|Hanwha Life Esports|Kiwoom DRX,2026-04-24 10:32:53,1,0.7004286646842957
team_lead_conversion,2026|Rounds 1-2|2026-04-25|HANJIN BRION|T1,2026-04-25 08:07:29,0,0.6266443729400635
team_lead_conversion,2026|Rounds 1-2|2026-04-25|DN SOOPers|Dplus Kia,2026-04-25 10:52:42,0,0.3781589865684509
team_lead_conversion,2026|Rounds 1-2|2026-04-26|BNK FEARX|T1,2026-04-26 08:06:17,0,0.6075669527053833
team_lead_conversion,2026|Rounds 1-2|2026-04-26|Gen.G|Nongshim RedForce,2026-04-26 10:15:14,1,0.3525840640068054
team_lead_conversion,2026|Rounds 1-2|2026-04-29|Nongshim RedForce|T1,2026-04-29 08:05:12,0,0.4255944490432739
team_lead_conversion,2026|Rounds 1-2|2026-04-29|Hanwha Life Esports|KT Rolster,2026-04-29 10:15:19,1,0.6084086894989014
team_lead_conversion,2026|Rounds 1-2|2026-04-30|Gen.G|Kiwoom DRX,2026-04-30 08:06:44,1,0.6817975044250488
team_lead_conversion,2026|Rounds 1-2|2026-04-30|BNK FEARX|Dplus Kia,2026-04-30 11:13:48,0,0.32486653327941895
team_lead_conversion,2026|Rounds 1-2|2026-05-01|DN SOOPers|HANJIN BRION,2026-05-01 08:06:11,0,0.4907591640949249
team_lead_conversion,2026|Rounds 1-2|2026-05-01|Hanwha Life Esports|T1,2026-05-01 10:22:34,1,0.7111368775367737
team_lead_conversion,2026|Rounds 1-2|2026-05-02|Dplus Kia|Gen.G,2026-05-02 08:06:29,0,0.5323127508163452
team_lead_conversion,2026|Rounds 1-2|2026-05-02|Kiwoom DRX|Nongshim RedForce,2026-05-02 11:03:54,1,0.48571163415908813
team_lead_conversion,2026|Rounds 1-2|2026-05-03|HANJIN BRION|KT Rolster,2026-05-03 08:05:43,1,0.4915279746055603
team_lead_conversion,2026|Rounds 1-2|2026-05-03|BNK FEARX|DN SOOPers,2026-05-03 10:24:27,1,0.41939693689346313
team_lead_conversion,2026|Rounds 1-2|2026-05-06|Gen.G|Nongshim RedForce,2026-05-06 08:06:15,1,0.7242084741592407
team_lead_conversion,2026|Rounds 1-2|2026-05-06|DN SOOPers|Hanwha Life Esports,2026-05-06 10:34:43,0,0.25778889656066895
team_lead_conversion,2026|Rounds 1-2|2026-05-07|Dplus Kia|KT Rolster,2026-05-07 08:07:34,0,0.6697474718093872
team_lead_conversion,2026|Rounds 1-2|2026-05-07|BNK FEARX|HANJIN BRION,2026-05-07 10:30:17,0,0.2861332893371582
team_lead_conversion,2026|Rounds 1-2|2026-05-08|DN SOOPers|T1,2026-05-08 08:05:48,0,0.33810749650001526
team_lead_conversion,2026|Rounds 1-2|2026-05-08|Gen.G|Kiwoom DRX,2026-05-08 10:40:52,1,0.5973482131958008
team_lead_conversion,2026|Rounds 1-2|2026-05-09|BNK FEARX|KT Rolster,2026-05-09 08:06:41,1,0.6441335678100586
team_lead_conversion,2026|Rounds 1-2|2026-05-09|HANJIN BRION|Nongshim RedForce,2026-05-09 10:15:45,1,0.7467131614685059
team_lead_conversion,2026|Rounds 1-2|2026-05-10|Dplus Kia|T1,2026-05-10 08:09:29,0,0.332334041595459
team_lead_conversion,2026|Rounds 1-2|2026-05-10|Hanwha Life Esports|Kiwoom DRX,2026-05-10 10:31:52,1,0.5913151502609253
team_lead_conversion,2026|Rounds 1-2|2026-05-13|Nongshim RedForce|T1,2026-05-13 08:06:21,0,0.3935704827308655
team_lead_conversion,2026|Rounds 1-2|2026-05-13|DN SOOPers|Dplus Kia,2026-05-13 10:12:11,0,0.6377558708190918
team_lead_conversion,2026|Rounds 1-2|2026-05-14|BNK FEARX|Gen.G,2026-05-14 08:07:03,0,0.4547295570373535
team_lead_conversion,2026|Rounds 1-2|2026-05-14|KT Rolster|Kiwoom DRX,2026-05-14 10:15:56,1,0.48031091690063477
team_lead_conversion,2026|Rounds 1-2|2026-05-15|Dplus Kia|Hanwha Life Esports,2026-05-15 08:07:51,0,0.3524530827999115
team_lead_conversion,2026|Rounds 1-2|2026-05-15|DN SOOPers|HANJIN BRION,2026-05-15 10:22:39,0,0.3787786364555359
team_lead_conversion,2026|Rounds 1-2|2026-05-16|Gen.G|T1,2026-05-16 08:05:55,0,0.46601957082748413
team_lead_conversion,2026|Rounds 1-2|2026-05-16|BNK FEARX|Nongshim RedForce,2026-05-16 11:30:05,1,0.46615228056907654
team_lead_conversion,2026|Rounds 1-2|2026-05-17|Hanwha Life Esports|KT Rolster,2026-05-17 08:05:58,0,0.49323272705078125
team_lead_conversion,2026|Rounds 1-2|2026-05-17|HANJIN BRION|Kiwoom DRX,2026-05-17 11:06:33,0,0.6476064324378967
team_lead_conversion,2026|Rounds 1-2|2026-05-20|Kiwoom DRX|T1,2026-05-20 08:05:29,0,0.5323373675346375
team_lead_conversion,2026|Rounds 1-2|2026-05-20|KT Rolster|Nongshim RedForce,2026-05-20 11:01:11,1,0.782368004322052
team_lead_conversion,2026|Rounds 1-2|2026-05-21|BNK FEARX|Hanwha Life Esports,2026-05-21 08:06:57,0,0.46419578790664673
team_lead_conversion,2026|Rounds 1-2|2026-05-21|Dplus Kia|HANJIN BRION,2026-05-21 10:22:05,1,0.4662618637084961
team_lead_conversion,2026|Rounds 1-2|2026-05-22|DN SOOPers|Kiwoom DRX,2026-05-22 08:06:39,0,0.4692815840244293
team_lead_conversion,2026|Rounds 1-2|2026-05-22|Gen.G|KT Rolster,2026-05-22 10:20:35,1,0.5375090837478638
team_lead_conversion,2026|Rounds 1-2|2026-05-23|BNK FEARX|Dplus Kia,2026-05-23 08:06:07,0,0.45391663908958435
team_lead_conversion,2026|Rounds 1-2|2026-05-23|Hanwha Life Esports|Nongshim RedForce,2026-05-23 11:15:14,1,0.7830559015274048
team_lead_conversion,2026|Rounds 1-2|2026-05-24|DN SOOPers|Gen.G,2026-05-24 08:06:42,0,0.42892926931381226
team_lead_conversion,2026|Rounds 1-2|2026-05-24|HANJIN BRION|T1,2026-05-24 10:10:10,0,0.47397565841674805
team_lead_conversion,2026|Rounds 1-2|2026-05-27|Gen.G|Hanwha Life Esports,2026-05-27 08:06:37,1,0.3946687579154968
team_lead_conversion,2026|Rounds 1-2|2026-05-27|BNK FEARX|Kiwoom DRX,2026-05-27 11:17:26,1,0.44802021980285645
team_lead_conversion,2026|Rounds 1-2|2026-05-28|DN SOOPers|Nongshim RedForce,2026-05-28 08:03:36,0,0.4225674271583557
team_lead_conversion,2026|Rounds 1-2|2026-05-28|KT Rolster|T1,2026-05-28 11:03:41,0,0.341513991355896
team_lead_conversion,2026|Rounds 1-2|2026-05-29|Dplus Kia|Kiwoom DRX,2026-05-29 08:09:08,1,0.5548570156097412
team_lead_conversion,2026|Rounds 1-2|2026-05-29|Gen.G|HANJIN BRION,2026-05-29 11:07:01,1,0.5230560302734375
team_lead_conversion,2026|Rounds 1-2|2026-05-30|DN SOOPers|KT Rolster,2026-05-30 08:05:58,0,0.733912467956543
team_lead_conversion,2026|Rounds 1-2|2026-05-30|BNK FEARX|T1,2026-05-30 10:20:58,0,0.5485479235649109
team_lead_conversion,2026|Rounds 1-2|2026-05-31|HANJIN BRION|Hanwha Life Esports,2026-05-31 08:06:48,0,0.2430374175310135
team_lead_conversion,2026|Rounds 1-2|2026-05-31|Dplus Kia|Nongshim RedForce,2026-05-31 10:17:32,1,0.4485882520675659
team_lead_conversion,2026|Rounds 1-2|2026-06-06|Dplus Kia|HANJIN BRION,2026-06-06 08:12:31,1,0.6406450271606445
team_lead_conversion,2026|Rounds 1-2|2026-06-07|Dplus Kia|KT Rolster,2026-06-07 08:09:33,0,0.7074959874153137
team_lead_conversion,2026|Rounds 1-2|2026-06-12|Hanwha Life Esports|T1,2026-06-12 08:25:00,1,0.4025880694389343
team_lead_conversion,2026|Rounds 1-2|2026-06-13|Gen.G|KT Rolster,2026-06-13 06:22:36,1,0.43022266030311584
team_lead_conversion,2026|Rounds 1-2|2026-06-14|Gen.G|T1,2026-06-14 06:27:21,0,0.6651307344436646
team_lead_conversion,2026|Rounds 3-4|2026-07-29|Kiwoom DRX|Nongshim RedForce,2026-07-29 08:05:41,0,0.5490754842758179
team_lead_conversion,2026|Rounds 3-4|2026-07-29|KT Rolster|T1,2026-07-29 10:14:12,1,0.2945288419723511
team_lead_conversion,2026|Rounds 3-4|2026-07-30|BNK FEARX|DN SOOPers,2026-07-30 08:07:12,1,0.727036714553833
team_lead_conversion,2026|Rounds 3-4|2026-07-30|Dplus Kia|Hanwha Life Esports,2026-07-30 10:17:39,1,0.41625499725341797
team_lead_conversion,2026|Rounds 3-4|2026-07-31|Gen.G|T1,2026-07-31 08:15:35,0,0.5123331546783447
team_lead_conversion,2026|Rounds 3-4|2026-07-31|HANJIN BRION|Kiwoom DRX,2026-07-31 10:28:31,0,0.6098272800445557
team_lead_conversion,2026|Rounds 3-4|2026-08-01|BNK FEARX|Nongshim RedForce,2026-08-01 08:05:28,0,0.5837064981460571
team_lead_conversion,2026|Rounds 3-4|2026-08-02|DN SOOPers|HANJIN BRION,2026-08-02 08:07:10,1,0.34965139627456665
team_lead_conversion,2026|Rounds 3-4|2026-08-02|Hanwha Life Esports|KT Rolster,2026-08-02 11:27:57,0,0.6229650974273682
team_lead_conversion,2026|Rounds 3-4|2026-08-05|HANJIN BRION|Nongshim RedForce,2026-08-05 08:04:53,1,0.4404967427253723
team_lead_conversion,2026|Rounds 3-4|2026-08-05|Gen.G|Hanwha Life Esports,2026-08-05 11:19:04,1,0.3126116394996643
team_lead_conversion,2026|Rounds 3-4|2026-08-06|DN SOOPers|Kiwoom DRX,2026-08-06 08:07:39,0,0.6316918730735779
team_lead_conversion,2026|Rounds 3-4|2026-08-06|Dplus Kia|T1,2026-08-06 10:15:34,0,0.6195087432861328
team_lead_conversion,2026|Rounds 3-4|2026-08-07|Gen.G|KT Rolster,2026-08-07 08:07:40,1,0.3399161994457245
team_lead_conversion,2026|Rounds 3-4|2026-08-07|BNK FEARX|HANJIN BRION,2026-08-07 10:11:30,0,0.37258636951446533
team_lead_conversion,2026|Rounds 3-4|2026-08-08|Hanwha Life Esports|T1,2026-08-08 08:08:11,1,0.4751400351524353
team_lead_conversion,2026|Rounds 3-4|2026-08-08|DN SOOPers|Nongshim RedForce,2026-08-08 11:16:34,1,0.5062253475189209
team_lead_conversion,2026|Rounds 3-4|2026-08-09|Dplus Kia|KT Rolster,2026-08-09 08:07:07,1,0.5180990099906921
team_lead_conversion,2026|Rounds 3-4|2026-08-09|BNK FEARX|Kiwoom DRX,2026-08-09 11:01:09,1,0.4873756170272827
team_lead_conversion,2026|Rounds 3-4|2026-08-12|DN SOOPers|Nongshim RedForce,2026-08-12 08:07:18,1,0.6481533050537109
team_lead_conversion,2026|Rounds 3-4|2026-08-12|Dplus Kia|KT Rolster,2026-08-12 11:02:08,1,0.6210666298866272
team_lead_conversion,2026|Rounds 3-4|2026-08-13|BNK FEARX|Kiwoom DRX,2026-08-13 08:06:50,1,0.43264010548591614
team_lead_conversion,2026|Rounds 3-4|2026-08-13|Gen.G|Hanwha Life Esports,2026-08-13 11:04:48,1,0.35395270586013794
team_lead_conversion,2026|Rounds 3-4|2026-08-14|Dplus Kia|T1,2026-08-14 08:08:00,1,0.4954341650009155
team_lead_conversion,2026|Rounds 3-4|2026-08-14|HANJIN BRION|Nongshim RedForce,2026-08-14 11:28:48,0,0.8016859889030457
team_lead_conversion,2026|Rounds 3-4|2026-08-15|Hanwha Life Esports|KT Rolster,2026-08-15 08:08:03,1,0.6888461112976074
team_lead_conversion,2026|Rounds 3-4|2026-08-15|BNK FEARX|DN SOOPers,2026-08-15 11:08:43,0,0.5441070795059204
team_lead_conversion,2026|Rounds 3-4|2026-08-16|Gen.G|T1,2026-08-16 08:07:26,1,0.6119205951690674
team_lead_conversion,2026|Rounds 3-4|2026-08-16|HANJIN BRION|Kiwoom DRX,2026-08-16 10:44:01,1,0.692840576171875
team_lead_conversion,2026|Rounds 3-4|2026-08-19|Gen.G|KT Rolster,2026-08-19 08:05:49,1,0.6698223948478699
team_lead_conversion,2026|Rounds 3-4|2026-08-19|DN SOOPers|HANJIN BRION,2026-08-19 11:22:14,0,0.49643734097480774
team_lead_conversion,2026|Rounds 3-4|2026-08-20|Dplus Kia|Hanwha Life Esports,2026-08-20 08:07:41,0,0.6751194000244141
team_lead_conversion,2026|Rounds 3-4|2026-08-20|Kiwoom DRX|Nongshim RedForce,2026-08-20 10:33:18,0,0.5076850652694702
team_lead_conversion,2026|Rounds 3-4|2026-08-21|BNK FEARX|HANJIN BRION,2026-08-21 08:07:26,1,0.4402809739112854
team_lead_conversion,2026|Rounds 3-4|2026-08-21|KT Rolster|T1,2026-08-21 11:24:11,0,0.6473874449729919
team_lead_conversion,2026|Rounds 3-4|2026-08-22|Dplus Kia|Gen.G,2026-08-22 08:08:17,1,0.41602492332458496
team_lead_conversion,2026|Rounds 3-4|2026-08-22|DN SOOPers|Kiwoom DRX,2026-08-22 11:31:02,1,0.5375525951385498
team_lead_conversion,2026|Rounds 3-4|2026-08-23|Hanwha Life Esports|T1,2026-08-23 08:07:42,1,0.5115501284599304
team_lead_conversion,2026|Rounds 3-4|2026-08-23|BNK FEARX|Nongshim RedForce,2026-08-23 10:20:23,0,0.27541375160217285
team_lead_conversion,2026|Rounds 3-4|2026-08-26|HANJIN BRION|KT Rolster,2026-08-26 08:08:21,0,0.6197611689567566
team_lead_conversion,2026|Rounds 3-4|2026-08-27|BNK FEARX|Nongshim RedForce,2026-08-27 08:07:15,1,0.3815407156944275
team_lead_conversion,2026|Rounds 3-4|2026-08-28|BNK FEARX|HANJIN BRION,2026-08-28 08:06:46,1,0.6636596322059631
team_lead_conversion,2026|Rounds 3-4|2026-08-29|BNK FEARX|T1,2026-08-29 08:07:39,0,0.40923643112182617
team_lead_conversion,2026|Rounds 3-4|2026-08-30|Dplus Kia|KT Rolster,2026-08-30 08:10:04,0,0.32887715101242065
team_lead_conversion,2026|Rounds 3-4|2026-09-01|Gen.G|KT Rolster,2026-09-01 08:11:13,1,0.14776358008384705
team_lead_conversion,2026|Rounds 3-4|2026-09-02|Hanwha Life Esports|T1,2026-09-02 08:11:08,1,0.3960477113723755
team_lead_conversion,2026|Rounds 3-4|2026-09-03|BNK FEARX|Dplus Kia,2026-09-03 08:07:55,0,0.5943918824195862
team_lead_conversion,2026|Rounds 3-4|2026-09-04|Dplus Kia|KT Rolster,2026-09-04 08:07:52,1,0.515491247177124
team_lead_conversion,2026|Rounds 3-4|2026-09-05|Gen.G|Hanwha Life Esports,2026-09-05 08:08:15,1,0.4365420341491699
team_lead_conversion,2026|Rounds 3-4|2026-09-06|Dplus Kia|T1,2026-09-06 08:09:36,0,0.47616931796073914
team_lead_conversion,2026|Rounds 3-4|2026-09-12|Hanwha Life Esports|T1,2026-09-12 05:21:16,1,0.5398889780044556
