track,series_key,date,team1,team2,best_of,y,set_probability,series_probability
position_additive,2026|Cup|2026-01-14|DN SOOPers|KT Rolster,2026-01-14 08:13:43,DN SOOPers,KT Rolster,3,0,0.49938252568244934,0.4990738034248352
position_additive,2026|Cup|2026-01-14|Dplus Kia|HANJIN BRION,2026-01-14 11:22:18,Dplus Kia,HANJIN BRION,3,1,0.5110089182853699,0.5165107250213623
position_additive,2026|Cup|2026-01-15|Gen.G|Kiwoom DRX,2026-01-15 08:05:23,Gen.G,Kiwoom DRX,3,1,0.5502880215644836,0.5751776695251465
position_additive,2026|Cup|2026-01-15|BNK FEARX|Nongshim RedForce,2026-01-15 10:15:24,BNK FEARX,Nongshim RedForce,3,1,0.5002573132514954,0.5003859400749207
position_additive,2026|Cup|2026-01-16|DN SOOPers|Dplus Kia,2026-01-16 08:05:40,DN SOOPers,Dplus Kia,3,0,0.4784587323665619,0.46770811080932617
position_additive,2026|Cup|2026-01-16|Hanwha Life Esports|T1,2026-01-16 10:08:16,Hanwha Life Esports,T1,3,0,0.5216034054756165,0.5323849320411682
position_additive,2026|Cup|2026-01-17|BNK FEARX|HANJIN BRION,2026-01-17 08:05:53,BNK FEARX,HANJIN BRION,3,1,0.5342628359794617,0.5513138771057129
position_additive,2026|Cup|2026-01-17|Gen.G|KT Rolster,2026-01-17 11:10:45,Gen.G,KT Rolster,3,1,0.5398668646812439,0.559673547744751
position_additive,2026|Cup|2026-01-18|Hanwha Life Esports|Nongshim RedForce,2026-01-18 08:05:24,Hanwha Life Esports,Nongshim RedForce,3,0,0.5156234502792358,0.5234274864196777
position_additive,2026|Cup|2026-01-18|Kiwoom DRX|T1,2026-01-18 10:20:18,Kiwoom DRX,T1,3,0,0.4718763828277588,0.4578590393066406
position_additive,2026|Cup|2026-01-21|Dplus Kia|Nongshim RedForce,2026-01-21 08:05:24,Dplus Kia,Nongshim RedForce,3,1,0.5350918173789978,0.55255126953125
position_additive,2026|Cup|2026-01-21|DN SOOPers|Kiwoom DRX,2026-01-21 11:14:52,DN SOOPers,Kiwoom DRX,3,1,0.49328139424324036,0.4899226725101471
position_additive,2026|Cup|2026-01-22|HANJIN BRION|Hanwha Life Esports,2026-01-22 08:05:25,HANJIN BRION,Hanwha Life Esports,3,0,0.4989907443523407,0.49848613142967224
position_additive,2026|Cup|2026-01-22|BNK FEARX|Gen.G,2026-01-22 11:14:53,BNK FEARX,Gen.G,3,0,0.461477667093277,0.44233083724975586
position_additive,2026|Cup|2026-01-23|KT Rolster|T1,2026-01-23 08:04:55,KT Rolster,T1,3,0,0.46531423926353455,0.44805485010147095
position_additive,2026|Cup|2026-01-23|Kiwoom DRX|Nongshim RedForce,2026-01-23 10:33:19,Kiwoom DRX,Nongshim RedForce,3,1,0.4844229221343994,0.4766419529914856
position_additive,2026|Cup|2026-01-24|DN SOOPers|Hanwha Life Esports,2026-01-24 08:04:56,DN SOOPers,Hanwha Life Esports,3,0,0.48776349425315857,0.48164886236190796
position_additive,2026|Cup|2026-01-24|Dplus Kia|Gen.G,2026-01-24 11:24:48,Dplus Kia,Gen.G,3,0,0.468919038772583,0.4534386396408081
position_additive,2026|Cup|2026-01-25|BNK FEARX|T1,2026-01-25 08:05:39,BNK FEARX,T1,3,0,0.48668360710144043,0.4800301194190979
position_additive,2026|Cup|2026-01-25|HANJIN BRION|KT Rolster,2026-01-25 11:28:02,HANJIN BRION,KT Rolster,3,0,0.510369598865509,0.5155521631240845
position_additive,2026|Cup|2026-01-28|HANJIN BRION|Kiwoom DRX,2026-01-28 08:04:54,HANJIN BRION,Kiwoom DRX,5,0,0.4980464279651642,0.49633699655532837
position_additive,2026|Cup|2026-01-29|BNK FEARX|DN SOOPers,2026-01-29 08:07:19,BNK FEARX,DN SOOPers,5,1,0.47915899753570557,0.46096837520599365
position_additive,2026|Cup|2026-01-30|KT Rolster|Nongshim RedForce,2026-01-30 08:05:48,KT Rolster,Nongshim RedForce,5,0,0.4835411608219147,0.4691619873046875
position_additive,2026|Cup|2026-01-31|Dplus Kia|T1,2026-01-31 08:17:53,Dplus Kia,T1,5,0,0.4895169734954834,0.4803500473499298
position_additive,2026|Cup|2026-02-01|Gen.G|Hanwha Life Esports,2026-02-01 08:08:08,Gen.G,Hanwha Life Esports,5,1,0.5328578352928162,0.5614312887191772
position_additive,2026|Cup|2026-02-06|HANJIN BRION|Kiwoom DRX,2026-02-06 08:05:10,HANJIN BRION,Kiwoom DRX,3,0,0.49051597714424133,0.4857756495475769
position_additive,2026|Cup|2026-02-06|DN SOOPers|KT Rolster,2026-02-06 10:59:51,DN SOOPers,KT Rolster,3,1,0.49249348044395447,0.48874104022979736
position_additive,2026|Cup|2026-02-07|Dplus Kia|Kiwoom DRX,2026-02-07 08:07:00,Dplus Kia,Kiwoom DRX,3,1,0.4503960907459259,0.4258382320404053
position_additive,2026|Cup|2026-02-07|DN SOOPers|Nongshim RedForce,2026-02-07 10:09:22,DN SOOPers,Nongshim RedForce,3,1,0.49104586243629456,0.48657023906707764
position_additive,2026|Cup|2026-02-08|Kiwoom DRX|Nongshim RedForce,2026-02-08 08:06:06,Kiwoom DRX,Nongshim RedForce,5,1,0.49020257592201233,0.48163461685180664
position_additive,2026|Cup|2026-02-12|BNK FEARX|DN SOOPers,2026-02-12 08:04:05,BNK FEARX,DN SOOPers,5,1,0.5016090273857117,0.5030170679092407
position_additive,2026|Cup|2026-02-13|Dplus Kia|Kiwoom DRX,2026-02-13 08:06:47,Dplus Kia,Kiwoom DRX,5,1,0.5114708542823792,0.5215004086494446
position_additive,2026|Cup|2026-02-14|Dplus Kia|Gen.G,2026-02-14 08:07:25,Dplus Kia,Gen.G,5,0,0.48956942558288574,0.48044830560684204
position_additive,2026|Cup|2026-02-15|BNK FEARX|T1,2026-02-15 08:05:24,BNK FEARX,T1,5,1,0.5076857209205627,0.5144084692001343
position_additive,2026|Cup|2026-02-19|DN SOOPers|Kiwoom DRX,2026-02-19 08:06:05,DN SOOPers,Kiwoom DRX,5,1,0.5068268775939941,0.5127987861633301
position_additive,2026|Cup|2026-02-20|DN SOOPers|Dplus Kia,2026-02-20 08:06:25,DN SOOPers,Dplus Kia,5,0,0.5263126492500305,0.5492452383041382
position_additive,2026|Cup|2026-02-21|BNK FEARX|Gen.G,2026-02-21 08:08:52,BNK FEARX,Gen.G,5,0,0.49667659401893616,0.49376875162124634
position_additive,2026|Cup|2026-02-22|Dplus Kia|T1,2026-02-22 08:08:41,Dplus Kia,T1,5,1,0.5120200514793396,0.522528886795044
position_additive,2026|Cup|2026-02-28|BNK FEARX|Dplus Kia,2026-02-28 08:23:00,BNK FEARX,Dplus Kia,5,1,0.5049853920936584,0.5093469619750977
position_additive,2026|Cup|2026-03-01|BNK FEARX|Gen.G,2026-03-01 08:22:46,BNK FEARX,Gen.G,5,0,0.498370885848999,0.49694550037384033
position_additive,2026|Rounds 1-2|2026-04-01|HANJIN BRION|Hanwha Life Esports,2026-04-01 08:11:43,HANJIN BRION,Hanwha Life Esports,3,0,0.4928082525730133,0.48921313881874084
position_additive,2026|Rounds 1-2|2026-04-01|KT Rolster|T1,2026-04-01 10:23:34,KT Rolster,T1,3,1,0.5025241374969482,0.5037862062454224
position_additive,2026|Rounds 1-2|2026-04-02|Dplus Kia|Nongshim RedForce,2026-04-02 08:08:29,Dplus Kia,Nongshim RedForce,3,0,0.5033567547798157,0.5050350427627563
position_additive,2026|Rounds 1-2|2026-04-02|DN SOOPers|Kiwoom DRX,2026-04-02 10:15:16,DN SOOPers,Kiwoom DRX,3,1,0.5104826092720032,0.5157216191291809
position_additive,2026|Rounds 1-2|2026-04-03|Gen.G|KT Rolster,2026-04-03 08:10:24,Gen.G,KT Rolster,3,0,0.5423332452774048,0.5633481740951538
position_additive,2026|Rounds 1-2|2026-04-03|BNK FEARX|HANJIN BRION,2026-04-03 11:10:37,BNK FEARX,HANJIN BRION,3,0,0.5078607797622681,0.5117901563644409
position_additive,2026|Rounds 1-2|2026-04-04|Hanwha Life Esports|T1,2026-04-04 08:08:38,Hanwha Life Esports,T1,3,0,0.5178150534629822,0.5267112255096436
position_additive,2026|Rounds 1-2|2026-04-04|Dplus Kia|Kiwoom DRX,2026-04-04 10:30:33,Dplus Kia,Kiwoom DRX,3,1,0.49777087569236755,0.49665629863739014
position_additive,2026|Rounds 1-2|2026-04-05|DN SOOPers|Nongshim RedForce,2026-04-05 08:10:33,DN SOOPers,Nongshim RedForce,3,0,0.48818346858024597,0.4822784662246704
position_additive,2026|Rounds 1-2|2026-04-05|BNK FEARX|Gen.G,2026-04-05 10:22:53,BNK FEARX,Gen.G,3,0,0.47154700756073,0.4573666453361511
position_additive,2026|Rounds 1-2|2026-04-08|Dplus Kia|Hanwha Life Esports,2026-04-08 08:06:29,Dplus Kia,Hanwha Life Esports,3,0,0.487388014793396,0.48108604550361633
position_additive,2026|Rounds 1-2|2026-04-08|Gen.G|T1,2026-04-08 10:19:02,Gen.G,T1,3,1,0.5315518975257874,0.5472650527954102
position_additive,2026|Rounds 1-2|2026-04-09|HANJIN BRION|Kiwoom DRX,2026-04-09 08:06:21,HANJIN BRION,Kiwoom DRX,3,0,0.5178083777427673,0.5267012119293213
position_additive,2026|Rounds 1-2|2026-04-09|KT Rolster|Nongshim RedForce,2026-04-09 11:25:00,KT Rolster,Nongshim RedForce,3,1,0.4714278280735016,0.4571884274482727
position_additive,2026|Rounds 1-2|2026-04-10|DN SOOPers|T1,2026-04-10 08:09:34,DN SOOPers,T1,3,0,0.5126425623893738,0.5189598202705383
position_additive,2026|Rounds 1-2|2026-04-10|BNK FEARX|Hanwha Life Esports,2026-04-10 10:10:47,BNK FEARX,Hanwha Life Esports,3,0,0.45875534415245056,0.4382733106613159
position_additive,2026|Rounds 1-2|2026-04-11|Kiwoom DRX|Nongshim RedForce,2026-04-11 08:06:17,Kiwoom DRX,Nongshim RedForce,3,1,0.47158655524253845,0.4574257433414459
position_additive,2026|Rounds 1-2|2026-04-11|Dplus Kia|Gen.G,2026-04-11 10:14:53,Dplus Kia,Gen.G,3,1,0.44710540771484375,0.4209541082382202
position_additive,2026|Rounds 1-2|2026-04-12|BNK FEARX|DN SOOPers,2026-04-12 08:05:05,BNK FEARX,DN SOOPers,3,1,0.496746689081192,0.495120108127594
position_additive,2026|Rounds 1-2|2026-04-12|HANJIN BRION|KT Rolster,2026-04-12 10:09:24,HANJIN BRION,KT Rolster,3,0,0.49327266216278076,0.4899095892906189
position_additive,2026|Rounds 1-2|2026-04-15|BNK FEARX|Nongshim RedForce,2026-04-15 08:04:27,BNK FEARX,Nongshim RedForce,3,0,0.5292421579360962,0.5438132882118225
position_additive,2026|Rounds 1-2|2026-04-15|Dplus Kia|KT Rolster,2026-04-15 10:10:22,Dplus Kia,KT Rolster,3,0,0.45013895630836487,0.42545634508132935
position_additive,2026|Rounds 1-2|2026-04-16|Gen.G|HANJIN BRION,2026-04-16 08:07:45,Gen.G,HANJIN BRION,3,1,0.5346071124076843,0.5518278479576111
position_additive,2026|Rounds 1-2|2026-04-16|DN SOOPers|Hanwha Life Esports,2026-04-16 10:19:53,DN SOOPers,Hanwha Life Esports,3,0,0.44934722781181335,0.42428073287010193
position_additive,2026|Rounds 1-2|2026-04-17|BNK FEARX|Kiwoom DRX,2026-04-17 08:09:20,BNK FEARX,Kiwoom DRX,3,1,0.47811317443847656,0.467190682888031
position_additive,2026|Rounds 1-2|2026-04-17|Dplus Kia|T1,2026-04-17 10:18:08,Dplus Kia,T1,3,1,0.4932306110858917,0.48984652757644653
position_additive,2026|Rounds 1-2|2026-04-18|Gen.G|Hanwha Life Esports,2026-04-18 08:07:24,Gen.G,Hanwha Life Esports,3,0,0.4872244894504547,0.48084089159965515
position_additive,2026|Rounds 1-2|2026-04-18|DN SOOPers|KT Rolster,2026-04-18 10:19:42,DN SOOPers,KT Rolster,3,0,0.44855746626853943,0.42310839891433716
position_additive,2026|Rounds 1-2|2026-04-19|HANJIN BRION|Nongshim RedForce,2026-04-19 08:06:04,HANJIN BRION,Nongshim RedForce,3,0,0.4752277433872223,0.4628719985485077
position_additive,2026|Rounds 1-2|2026-04-19|Kiwoom DRX|T1,2026-04-19 11:23:50,Kiwoom DRX,T1,3,0,0.4904160499572754,0.48562583327293396
position_additive,2026|Rounds 1-2|2026-04-22|KT Rolster|Kiwoom DRX,2026-04-22 08:04:37,KT Rolster,Kiwoom DRX,3,1,0.5402798652648926,0.5602891445159912
position_additive,2026|Rounds 1-2|2026-04-22|Hanwha Life Esports|Nongshim RedForce,2026-04-22 10:16:00,Hanwha Life Esports,Nongshim RedForce,3,1,0.5346997380256653,0.5519660711288452
position_additive,2026|Rounds 1-2|2026-04-23|Dplus Kia|HANJIN BRION,2026-04-23 08:05:27,Dplus Kia,HANJIN BRION,3,1,0.5083438754081726,0.5125146508216858
position_additive,2026|Rounds 1-2|2026-04-23|DN SOOPers|Gen.G,2026-04-23 10:15:14,DN SOOPers,Gen.G,3,0,0.4764496088027954,0.46470052003860474
position_additive,2026|Rounds 1-2|2026-04-24|BNK FEARX|KT Rolster,2026-04-24 08:07:08,BNK FEARX,KT Rolster,3,0,0.46257928013801575,0.44397369027137756
position_additive,2026|Rounds 1-2|2026-04-24|Hanwha Life Esports|Kiwoom DRX,2026-04-24 10:32:53,Hanwha Life Esports,Kiwoom DRX,3,1,0.5481734871864319,0.572036623954773
position_additive,2026|Rounds 1-2|2026-04-25|HANJIN BRION|T1,2026-04-25 08:07:29,HANJIN BRION,T1,3,0,0.47811195254325867,0.46718892455101013
position_additive,2026|Rounds 1-2|2026-04-25|DN SOOPers|Dplus Kia,2026-04-25 10:52:42,DN SOOPers,Dplus Kia,3,0,0.4549785852432251,0.4326504170894623
position_additive,2026|Rounds 1-2|2026-04-26|BNK FEARX|T1,2026-04-26 08:06:17,BNK FEARX,T1,3,0,0.4799703359603882,0.46997153759002686
position_additive,2026|Rounds 1-2|2026-04-26|Gen.G|Nongshim RedForce,2026-04-26 10:15:14,Gen.G,Nongshim RedForce,3,1,0.5082164406776428,0.5123234987258911
position_additive,2026|Rounds 1-2|2026-04-29|Nongshim RedForce|T1,2026-04-29 08:05:12,Nongshim RedForce,T1,3,0,0.46509262919425964,0.44772404432296753
position_additive,2026|Rounds 1-2|2026-04-29|Hanwha Life Esports|KT Rolster,2026-04-29 10:15:19,Hanwha Life Esports,KT Rolster,3,1,0.47005435824394226,0.4551352262496948
position_additive,2026|Rounds 1-2|2026-04-30|Gen.G|Kiwoom DRX,2026-04-30 08:06:44,Gen.G,Kiwoom DRX,3,1,0.5558273792266846,0.5833930373191833
position_additive,2026|Rounds 1-2|2026-04-30|BNK FEARX|Dplus Kia,2026-04-30 11:13:48,BNK FEARX,Dplus Kia,3,0,0.4499640464782715,0.4251965880393982
position_additive,2026|Rounds 1-2|2026-05-01|DN SOOPers|HANJIN BRION,2026-05-01 08:06:11,DN SOOPers,HANJIN BRION,3,0,0.49479174613952637,0.49218788743019104
position_additive,2026|Rounds 1-2|2026-05-01|Hanwha Life Esports|T1,2026-05-01 10:22:34,Hanwha Life Esports,T1,3,1,0.4897388219833374,0.4846104383468628
position_additive,2026|Rounds 1-2|2026-05-02|Dplus Kia|Gen.G,2026-05-02 08:06:29,Dplus Kia,Gen.G,3,0,0.49909770488739014,0.4986465573310852
position_additive,2026|Rounds 1-2|2026-05-02|Kiwoom DRX|Nongshim RedForce,2026-05-02 11:03:54,Kiwoom DRX,Nongshim RedForce,3,1,0.5026788115501404,0.5040181875228882
position_additive,2026|Rounds 1-2|2026-05-03|HANJIN BRION|KT Rolster,2026-05-03 08:05:43,HANJIN BRION,KT Rolster,3,1,0.4826255738735199,0.4739488363265991
position_additive,2026|Rounds 1-2|2026-05-03|BNK FEARX|DN SOOPers,2026-05-03 10:24:27,BNK FEARX,DN SOOPers,3,1,0.500849723815918,0.501274585723877
position_additive,2026|Rounds 1-2|2026-05-06|Gen.G|Nongshim RedForce,2026-05-06 08:06:15,Gen.G,Nongshim RedForce,3,1,0.5362539291381836,0.5542855858802795
position_additive,2026|Rounds 1-2|2026-05-06|DN SOOPers|Hanwha Life Esports,2026-05-06 10:34:43,DN SOOPers,Hanwha Life Esports,3,0,0.44417890906333923,0.4166162610054016
position_additive,2026|Rounds 1-2|2026-05-07|Dplus Kia|KT Rolster,2026-05-07 08:07:34,Dplus Kia,KT Rolster,3,0,0.49945294857025146,0.4991794228553772
position_additive,2026|Rounds 1-2|2026-05-07|BNK FEARX|HANJIN BRION,2026-05-07 10:30:17,BNK FEARX,HANJIN BRION,3,0,0.4705043137073517,0.45580780506134033
position_additive,2026|Rounds 1-2|2026-05-08|DN SOOPers|T1,2026-05-08 08:05:48,DN SOOPers,T1,3,0,0.4632608890533447,0.44499051570892334
position_additive,2026|Rounds 1-2|2026-05-08|Gen.G|Kiwoom DRX,2026-05-08 10:40:52,Gen.G,Kiwoom DRX,3,1,0.5063937306404114,0.5095900893211365
position_additive,2026|Rounds 1-2|2026-05-09|BNK FEARX|KT Rolster,2026-05-09 08:06:41,BNK FEARX,KT Rolster,3,1,0.4982517659664154,0.4973776340484619
position_additive,2026|Rounds 1-2|2026-05-09|HANJIN BRION|Nongshim RedForce,2026-05-09 10:15:45,HANJIN BRION,Nongshim RedForce,3,1,0.5430586934089661,0.564428448677063
position_additive,2026|Rounds 1-2|2026-05-10|Dplus Kia|T1,2026-05-10 08:09:29,Dplus Kia,T1,3,0,0.47232067584991455,0.45852339267730713
position_additive,2026|Rounds 1-2|2026-05-10|Hanwha Life Esports|Kiwoom DRX,2026-05-10 10:31:52,Hanwha Life Esports,Kiwoom DRX,3,1,0.5228769779205322,0.5342915654182434
position_additive,2026|Rounds 1-2|2026-05-13|Nongshim RedForce|T1,2026-05-13 08:06:21,Nongshim RedForce,T1,3,0,0.4661252498626709,0.44926559925079346
position_additive,2026|Rounds 1-2|2026-05-13|DN SOOPers|Dplus Kia,2026-05-13 10:12:11,DN SOOPers,Dplus Kia,3,0,0.494868665933609,0.4923032820224762
position_additive,2026|Rounds 1-2|2026-05-14|BNK FEARX|Gen.G,2026-05-14 08:07:03,BNK FEARX,Gen.G,3,0,0.46512284874916077,0.4477691352367401
position_additive,2026|Rounds 1-2|2026-05-14|KT Rolster|Kiwoom DRX,2026-05-14 10:15:56,KT Rolster,Kiwoom DRX,3,1,0.5031251907348633,0.5046877861022949
position_additive,2026|Rounds 1-2|2026-05-15|Dplus Kia|Hanwha Life Esports,2026-05-15 08:07:51,Dplus Kia,Hanwha Life Esports,3,0,0.47557803988456726,0.46339619159698486
position_additive,2026|Rounds 1-2|2026-05-15|DN SOOPers|HANJIN BRION,2026-05-15 10:22:39,DN SOOPers,HANJIN BRION,3,0,0.4499495029449463,0.4251749813556671
position_additive,2026|Rounds 1-2|2026-05-16|Gen.G|T1,2026-05-16 08:05:55,Gen.G,T1,3,0,0.5101456642150879,0.5152164101600647
position_additive,2026|Rounds 1-2|2026-05-16|BNK FEARX|Nongshim RedForce,2026-05-16 11:30:05,BNK FEARX,Nongshim RedForce,3,1,0.5215485692024231,0.5323028564453125
position_additive,2026|Rounds 1-2|2026-05-17|Hanwha Life Esports|KT Rolster,2026-05-17 08:05:58,Hanwha Life Esports,KT Rolster,3,0,0.5354394316673279,0.5530701875686646
position_additive,2026|Rounds 1-2|2026-05-17|HANJIN BRION|Kiwoom DRX,2026-05-17 11:06:33,HANJIN BRION,Kiwoom DRX,3,0,0.5519440770149231,0.5776357650756836
position_additive,2026|Rounds 1-2|2026-05-20|Kiwoom DRX|T1,2026-05-20 08:05:29,Kiwoom DRX,T1,3,0,0.48517441749572754,0.47776809334754944
position_additive,2026|Rounds 1-2|2026-05-20|KT Rolster|Nongshim RedForce,2026-05-20 11:01:11,KT Rolster,Nongshim RedForce,3,1,0.516049325466156,0.5240657329559326
position_additive,2026|Rounds 1-2|2026-05-21|BNK FEARX|Hanwha Life Esports,2026-05-21 08:06:57,BNK FEARX,Hanwha Life Esports,3,0,0.4962824285030365,0.4944237470626831
position_additive,2026|Rounds 1-2|2026-05-21|Dplus Kia|HANJIN BRION,2026-05-21 10:22:05,Dplus Kia,HANJIN BRION,3,1,0.48264622688293457,0.4739798307418823
position_additive,2026|Rounds 1-2|2026-05-22|DN SOOPers|Kiwoom DRX,2026-05-22 08:06:39,DN SOOPers,Kiwoom DRX,3,0,0.4653128683567047,0.4480527639389038
position_additive,2026|Rounds 1-2|2026-05-22|Gen.G|KT Rolster,2026-05-22 10:20:35,Gen.G,KT Rolster,3,1,0.5192435383796692,0.5288510918617249
position_additive,2026|Rounds 1-2|2026-05-23|BNK FEARX|Dplus Kia,2026-05-23 08:06:07,BNK FEARX,Dplus Kia,3,0,0.5077610015869141,0.5116405487060547
position_additive,2026|Rounds 1-2|2026-05-23|Hanwha Life Esports|Nongshim RedForce,2026-05-23 11:15:14,Hanwha Life Esports,Nongshim RedForce,3,1,0.5224581360816956,0.5336645841598511
position_additive,2026|Rounds 1-2|2026-05-24|DN SOOPers|Gen.G,2026-05-24 08:06:42,DN SOOPers,Gen.G,3,0,0.4648732841014862,0.4473966062068939
position_additive,2026|Rounds 1-2|2026-05-24|HANJIN BRION|T1,2026-05-24 10:10:10,HANJIN BRION,T1,3,0,0.4608493149280548,0.44139403104782104
position_additive,2026|Rounds 1-2|2026-05-27|Gen.G|Hanwha Life Esports,2026-05-27 08:06:37,Gen.G,Hanwha Life Esports,3,1,0.49498891830444336,0.49248361587524414
position_additive,2026|Rounds 1-2|2026-05-27|BNK FEARX|Kiwoom DRX,2026-05-27 11:17:26,BNK FEARX,Kiwoom DRX,3,1,0.4638400077819824,0.4458545744419098
position_additive,2026|Rounds 1-2|2026-05-28|DN SOOPers|Nongshim RedForce,2026-05-28 08:03:36,DN SOOPers,Nongshim RedForce,3,0,0.4832136929035187,0.4748300015926361
position_additive,2026|Rounds 1-2|2026-05-28|KT Rolster|T1,2026-05-28 11:03:41,KT Rolster,T1,3,0,0.4713284969329834,0.45703986287117004
position_additive,2026|Rounds 1-2|2026-05-29|Dplus Kia|Kiwoom DRX,2026-05-29 08:09:08,Dplus Kia,Kiwoom DRX,3,1,0.47222185134887695,0.45837563276290894
position_additive,2026|Rounds 1-2|2026-05-29|Gen.G|HANJIN BRION,2026-05-29 11:07:01,Gen.G,HANJIN BRION,3,1,0.5601043105125427,0.5897221565246582
position_additive,2026|Rounds 1-2|2026-05-30|DN SOOPers|KT Rolster,2026-05-30 08:05:58,DN SOOPers,KT Rolster,3,0,0.49641528725624084,0.49462300539016724
position_additive,2026|Rounds 1-2|2026-05-30|BNK FEARX|T1,2026-05-30 10:20:58,BNK FEARX,T1,3,0,0.47651341557502747,0.4647960662841797
position_additive,2026|Rounds 1-2|2026-05-31|HANJIN BRION|Hanwha Life Esports,2026-05-31 08:06:48,HANJIN BRION,Hanwha Life Esports,3,0,0.46326544880867004,0.4449973702430725
position_additive,2026|Rounds 1-2|2026-05-31|Dplus Kia|Nongshim RedForce,2026-05-31 10:17:32,Dplus Kia,Nongshim RedForce,3,1,0.5020501017570496,0.503075122833252
position_additive,2026|Rounds 1-2|2026-06-06|Dplus Kia|HANJIN BRION,2026-06-06 08:12:31,Dplus Kia,HANJIN BRION,5,1,0.5542879104614258,0.6009925603866577
position_additive,2026|Rounds 1-2|2026-06-07|Dplus Kia|KT Rolster,2026-06-07 08:09:33,Dplus Kia,KT Rolster,5,0,0.558662474155426,0.6089869141578674
position_additive,2026|Rounds 1-2|2026-06-12|Hanwha Life Esports|T1,2026-06-12 08:25:00,Hanwha Life Esports,T1,5,1,0.47642266750335693,0.45585793256759644
position_additive,2026|Rounds 1-2|2026-06-13|Gen.G|KT Rolster,2026-06-13 06:22:36,Gen.G,KT Rolster,5,1,0.5455507636070251,0.584936261177063
position_additive,2026|Rounds 1-2|2026-06-14|Gen.G|T1,2026-06-14 06:27:21,Gen.G,T1,5,0,0.5307391285896301,0.5574908256530762
position_additive,2026|Rounds 3-4|2026-07-29|Kiwoom DRX|Nongshim RedForce,2026-07-29 08:05:41,Kiwoom DRX,Nongshim RedForce,3,0,0.5080730319023132,0.512108564376831
position_additive,2026|Rounds 3-4|2026-07-29|KT Rolster|T1,2026-07-29 10:14:12,KT Rolster,T1,3,1,0.49108365178108215,0.48662689328193665
position_additive,2026|Rounds 3-4|2026-07-30|BNK FEARX|DN SOOPers,2026-07-30 08:07:12,BNK FEARX,DN SOOPers,3,1,0.5092224478721619,0.5138320922851562
position_additive,2026|Rounds 3-4|2026-07-30|Dplus Kia|Hanwha Life Esports,2026-07-30 10:17:39,Dplus Kia,Hanwha Life Esports,3,1,0.4759347140789032,0.4639299213886261
position_additive,2026|Rounds 3-4|2026-07-31|Gen.G|T1,2026-07-31 08:15:35,Gen.G,T1,3,0,0.5109642148017883,0.5164437294006348
position_additive,2026|Rounds 3-4|2026-07-31|HANJIN BRION|Kiwoom DRX,2026-07-31 10:28:31,HANJIN BRION,Kiwoom DRX,3,0,0.49117717146873474,0.48676711320877075
position_additive,2026|Rounds 3-4|2026-08-01|BNK FEARX|Nongshim RedForce,2026-08-01 08:05:28,BNK FEARX,Nongshim RedForce,3,0,0.4990635812282562,0.4985954165458679
position_additive,2026|Rounds 3-4|2026-08-02|DN SOOPers|HANJIN BRION,2026-08-02 08:07:10,DN SOOPers,HANJIN BRION,3,1,0.5013921856880188,0.5020882487297058
position_additive,2026|Rounds 3-4|2026-08-02|Hanwha Life Esports|KT Rolster,2026-08-02 11:27:57,Hanwha Life Esports,KT Rolster,3,0,0.5157342553138733,0.5235936641693115
position_additive,2026|Rounds 3-4|2026-08-05|HANJIN BRION|Nongshim RedForce,2026-08-05 08:04:53,HANJIN BRION,Nongshim RedForce,3,1,0.44760820269584656,0.4216999411582947
position_additive,2026|Rounds 3-4|2026-08-05|Gen.G|Hanwha Life Esports,2026-08-05 11:19:04,Gen.G,Hanwha Life Esports,3,1,0.4800072908401489,0.4700269103050232
position_additive,2026|Rounds 3-4|2026-08-06|DN SOOPers|Kiwoom DRX,2026-08-06 08:07:39,DN SOOPers,Kiwoom DRX,3,0,0.49685239791870117,0.4952786862850189
position_additive,2026|Rounds 3-4|2026-08-06|Dplus Kia|T1,2026-08-06 10:15:34,Dplus Kia,T1,3,0,0.4917447566986084,0.48761826753616333
position_additive,2026|Rounds 3-4|2026-08-07|Gen.G|KT Rolster,2026-08-07 08:07:40,Gen.G,KT Rolster,3,1,0.478805810213089,0.468227744102478
position_additive,2026|Rounds 3-4|2026-08-07|BNK FEARX|HANJIN BRION,2026-08-07 10:11:30,BNK FEARX,HANJIN BRION,3,0,0.5065187811851501,0.5097776651382446
position_additive,2026|Rounds 3-4|2026-08-08|Hanwha Life Esports|T1,2026-08-08 08:08:11,Hanwha Life Esports,T1,3,1,0.4873274266719818,0.48099517822265625
position_additive,2026|Rounds 3-4|2026-08-08|DN SOOPers|Nongshim RedForce,2026-08-08 11:16:34,DN SOOPers,Nongshim RedForce,3,1,0.4903532564640045,0.48553165793418884
position_additive,2026|Rounds 3-4|2026-08-09|Dplus Kia|KT Rolster,2026-08-09 08:07:07,Dplus Kia,KT Rolster,3,1,0.49008384346961975,0.4851277470588684
position_additive,2026|Rounds 3-4|2026-08-09|BNK FEARX|Kiwoom DRX,2026-08-09 11:01:09,BNK FEARX,Kiwoom DRX,3,1,0.4559353291988373,0.4340741038322449
position_additive,2026|Rounds 3-4|2026-08-12|DN SOOPers|Nongshim RedForce,2026-08-12 08:07:18,DN SOOPers,Nongshim RedForce,3,1,0.49995294213294983,0.49992942810058594
position_additive,2026|Rounds 3-4|2026-08-12|Dplus Kia|KT Rolster,2026-08-12 11:02:08,Dplus Kia,KT Rolster,3,1,0.5087728500366211,0.513157844543457
position_additive,2026|Rounds 3-4|2026-08-13|BNK FEARX|Kiwoom DRX,2026-08-13 08:06:50,BNK FEARX,Kiwoom DRX,3,1,0.4783143997192383,0.4674919843673706
position_additive,2026|Rounds 3-4|2026-08-13|Gen.G|Hanwha Life Esports,2026-08-13 11:04:48,Gen.G,Hanwha Life Esports,3,1,0.5293506979942322,0.5439754724502563
position_additive,2026|Rounds 3-4|2026-08-14|Dplus Kia|T1,2026-08-14 08:08:00,Dplus Kia,T1,3,1,0.517066478729248,0.5255898237228394
position_additive,2026|Rounds 3-4|2026-08-14|HANJIN BRION|Nongshim RedForce,2026-08-14 11:28:48,HANJIN BRION,Nongshim RedForce,3,0,0.5189513564109802,0.5284134149551392
position_additive,2026|Rounds 3-4|2026-08-15|Hanwha Life Esports|KT Rolster,2026-08-15 08:08:03,Hanwha Life Esports,KT Rolster,3,1,0.5189273357391357,0.5283775329589844
position_additive,2026|Rounds 3-4|2026-08-15|BNK FEARX|DN SOOPers,2026-08-15 11:08:43,BNK FEARX,DN SOOPers,3,0,0.5171579122543335,0.5257267355918884
position_additive,2026|Rounds 3-4|2026-08-16|Gen.G|T1,2026-08-16 08:07:26,Gen.G,T1,3,1,0.5527172088623047,0.5787827372550964
position_additive,2026|Rounds 3-4|2026-08-16|HANJIN BRION|Kiwoom DRX,2026-08-16 10:44:01,HANJIN BRION,Kiwoom DRX,3,1,0.520683228969574,0.5310071110725403
position_additive,2026|Rounds 3-4|2026-08-19|Gen.G|KT Rolster,2026-08-19 08:05:49,Gen.G,KT Rolster,3,1,0.5578242540359497,0.5863497257232666
position_additive,2026|Rounds 3-4|2026-08-19|DN SOOPers|HANJIN BRION,2026-08-19 11:22:14,DN SOOPers,HANJIN BRION,3,0,0.5281162858009338,0.5421299934387207
position_additive,2026|Rounds 3-4|2026-08-20|Dplus Kia|Hanwha Life Esports,2026-08-20 08:07:41,Dplus Kia,Hanwha Life Esports,3,0,0.5108715891838074,0.5163048505783081
position_additive,2026|Rounds 3-4|2026-08-20|Kiwoom DRX|Nongshim RedForce,2026-08-20 10:33:18,Kiwoom DRX,Nongshim RedForce,3,0,0.4560137987136841,0.43419092893600464
position_additive,2026|Rounds 3-4|2026-08-21|BNK FEARX|HANJIN BRION,2026-08-21 08:07:26,BNK FEARX,HANJIN BRION,3,1,0.47450828552246094,0.4617955684661865
position_additive,2026|Rounds 3-4|2026-08-21|KT Rolster|T1,2026-08-21 11:24:11,KT Rolster,T1,3,0,0.49977102875709534,0.4996565282344818
position_additive,2026|Rounds 3-4|2026-08-22|Dplus Kia|Gen.G,2026-08-22 08:08:17,Dplus Kia,Gen.G,3,1,0.48030510544776917,0.47047296166419983
position_additive,2026|Rounds 3-4|2026-08-22|DN SOOPers|Kiwoom DRX,2026-08-22 11:31:02,DN SOOPers,Kiwoom DRX,3,1,0.5175092220306396,0.5262531042098999
position_additive,2026|Rounds 3-4|2026-08-23|Hanwha Life Esports|T1,2026-08-23 08:07:42,Hanwha Life Esports,T1,3,1,0.5303910374641418,0.5455304384231567
position_additive,2026|Rounds 3-4|2026-08-23|BNK FEARX|Nongshim RedForce,2026-08-23 10:20:23,BNK FEARX,Nongshim RedForce,3,0,0.47918272018432617,0.4687921404838562
position_additive,2026|Rounds 3-4|2026-08-26|HANJIN BRION|KT Rolster,2026-08-26 08:08:21,HANJIN BRION,KT Rolster,5,0,0.5081892013549805,0.5153520107269287
position_additive,2026|Rounds 3-4|2026-08-27|BNK FEARX|Nongshim RedForce,2026-08-27 08:07:15,BNK FEARX,Nongshim RedForce,5,1,0.47647449374198914,0.45595476031303406
position_additive,2026|Rounds 3-4|2026-08-28|BNK FEARX|HANJIN BRION,2026-08-28 08:06:46,BNK FEARX,HANJIN BRION,5,1,0.5198219418525696,0.5371271967887878
position_additive,2026|Rounds 3-4|2026-08-29|BNK FEARX|T1,2026-08-29 08:07:39,BNK FEARX,T1,5,0,0.5187497735023499,0.535122811794281
position_additive,2026|Rounds 3-4|2026-08-30|Dplus Kia|KT Rolster,2026-08-30 08:10:04,Dplus Kia,KT Rolster,5,0,0.4917577803134918,0.4845486581325531
position_additive,2026|Rounds 3-4|2026-09-01|Gen.G|KT Rolster,2026-09-01 08:11:13,Gen.G,KT Rolster,5,1,0.4782145321369171,0.45920395851135254
position_additive,2026|Rounds 3-4|2026-09-02|Hanwha Life Esports|T1,2026-09-02 08:11:08,Hanwha Life Esports,T1,5,1,0.5360567569732666,0.5673723816871643
position_additive,2026|Rounds 3-4|2026-09-03|BNK FEARX|Dplus Kia,2026-09-03 08:07:55,BNK FEARX,Dplus Kia,5,0,0.48246026039123535,0.46713986992836
position_additive,2026|Rounds 3-4|2026-09-04|Dplus Kia|KT Rolster,2026-09-04 08:07:52,Dplus Kia,KT Rolster,5,1,0.5179945230484009,0.5337107181549072
position_additive,2026|Rounds 3-4|2026-09-05|Gen.G|Hanwha Life Esports,2026-09-05 08:08:15,Gen.G,Hanwha Life Esports,5,1,0.4935523569583893,0.48791196942329407
position_additive,2026|Rounds 3-4|2026-09-06|Dplus Kia|T1,2026-09-06 08:09:36,Dplus Kia,T1,5,0,0.5361375212669373,0.5675222277641296
position_additive,2026|Rounds 3-4|2026-09-12|Hanwha Life Esports|T1,2026-09-12 05:21:16,Hanwha Life Esports,T1,5,1,0.49155500531196594,0.4841686487197876
cross_position,2026|Cup|2026-01-14|DN SOOPers|KT Rolster,2026-01-14 08:13:43,DN SOOPers,KT Rolster,3,0,0.520927369594574,0.5313727259635925
cross_position,2026|Cup|2026-01-14|Dplus Kia|HANJIN BRION,2026-01-14 11:22:18,Dplus Kia,HANJIN BRION,3,1,0.5071703791618347,0.5107548236846924
cross_position,2026|Cup|2026-01-15|Gen.G|Kiwoom DRX,2026-01-15 08:05:23,Gen.G,Kiwoom DRX,3,1,0.5324433445930481,0.5485966801643372
cross_position,2026|Cup|2026-01-15|BNK FEARX|Nongshim RedForce,2026-01-15 10:15:24,BNK FEARX,Nongshim RedForce,3,1,0.505914032459259,0.5088706612586975
cross_position,2026|Cup|2026-01-16|DN SOOPers|Dplus Kia,2026-01-16 08:05:40,DN SOOPers,Dplus Kia,3,0,0.4817311465740204,0.47260892391204834
cross_position,2026|Cup|2026-01-16|Hanwha Life Esports|T1,2026-01-16 10:08:16,Hanwha Life Esports,T1,3,0,0.5144424438476562,0.5216575860977173
cross_position,2026|Cup|2026-01-17|BNK FEARX|HANJIN BRION,2026-01-17 08:05:53,BNK FEARX,HANJIN BRION,3,1,0.5342515707015991,0.5512970089912415
cross_position,2026|Cup|2026-01-17|Gen.G|KT Rolster,2026-01-17 11:10:45,Gen.G,KT Rolster,3,1,0.531176745891571,0.5467045903205872
cross_position,2026|Cup|2026-01-18|Hanwha Life Esports|Nongshim RedForce,2026-01-18 08:05:24,Hanwha Life Esports,Nongshim RedForce,3,0,0.5116575360298157,0.517483115196228
cross_position,2026|Cup|2026-01-18|Kiwoom DRX|T1,2026-01-18 10:20:18,Kiwoom DRX,T1,3,0,0.4746016263961792,0.46193522214889526
cross_position,2026|Cup|2026-01-21|Dplus Kia|Nongshim RedForce,2026-01-21 08:05:24,Dplus Kia,Nongshim RedForce,3,1,0.540374755859375,0.5604305267333984
cross_position,2026|Cup|2026-01-21|DN SOOPers|Kiwoom DRX,2026-01-21 11:14:52,DN SOOPers,Kiwoom DRX,3,1,0.4981323778629303,0.49719858169555664
cross_position,2026|Cup|2026-01-22|HANJIN BRION|Hanwha Life Esports,2026-01-22 08:05:25,HANJIN BRION,Hanwha Life Esports,3,0,0.49913230538368225,0.49869850277900696
cross_position,2026|Cup|2026-01-22|BNK FEARX|Gen.G,2026-01-22 11:14:53,BNK FEARX,Gen.G,3,0,0.4853978455066681,0.47810298204421997
cross_position,2026|Cup|2026-01-23|KT Rolster|T1,2026-01-23 08:04:55,KT Rolster,T1,3,0,0.4518837034702301,0.42804834246635437
cross_position,2026|Cup|2026-01-23|Kiwoom DRX|Nongshim RedForce,2026-01-23 10:33:19,Kiwoom DRX,Nongshim RedForce,3,1,0.49238476157188416,0.48857808113098145
cross_position,2026|Cup|2026-01-24|DN SOOPers|Hanwha Life Esports,2026-01-24 08:04:56,DN SOOPers,Hanwha Life Esports,3,0,0.47811412811279297,0.4671921730041504
cross_position,2026|Cup|2026-01-24|Dplus Kia|Gen.G,2026-01-24 11:24:48,Dplus Kia,Gen.G,3,0,0.48450055718421936,0.47675830125808716
cross_position,2026|Cup|2026-01-25|BNK FEARX|T1,2026-01-25 08:05:39,BNK FEARX,T1,3,0,0.47877785563468933,0.4681858420372009
cross_position,2026|Cup|2026-01-25|HANJIN BRION|KT Rolster,2026-01-25 11:28:02,HANJIN BRION,KT Rolster,3,0,0.51286381483078,0.5192915201187134
cross_position,2026|Cup|2026-01-28|HANJIN BRION|Kiwoom DRX,2026-01-28 08:04:54,HANJIN BRION,Kiwoom DRX,5,0,0.49397286772727966,0.4887002110481262
cross_position,2026|Cup|2026-01-29|BNK FEARX|DN SOOPers,2026-01-29 08:07:19,BNK FEARX,DN SOOPers,5,1,0.4757000505924225,0.45450925827026367
cross_position,2026|Cup|2026-01-30|KT Rolster|Nongshim RedForce,2026-01-30 08:05:48,KT Rolster,Nongshim RedForce,5,0,0.48234209418296814,0.4669188857078552
cross_position,2026|Cup|2026-01-31|Dplus Kia|T1,2026-01-31 08:17:53,Dplus Kia,T1,5,0,0.4812849760055542,0.4649420380592346
cross_position,2026|Cup|2026-02-01|Gen.G|Hanwha Life Esports,2026-02-01 08:08:08,Gen.G,Hanwha Life Esports,5,1,0.5200080871582031,0.5374751687049866
cross_position,2026|Cup|2026-02-06|HANJIN BRION|Kiwoom DRX,2026-02-06 08:05:10,HANJIN BRION,Kiwoom DRX,3,0,0.5115532875061035,0.517326831817627
cross_position,2026|Cup|2026-02-06|DN SOOPers|KT Rolster,2026-02-06 10:59:51,DN SOOPers,KT Rolster,3,1,0.48919275403022766,0.48379164934158325
cross_position,2026|Cup|2026-02-07|Dplus Kia|Kiwoom DRX,2026-02-07 08:07:00,Dplus Kia,Kiwoom DRX,3,1,0.45390233397483826,0.4310494065284729
cross_position,2026|Cup|2026-02-07|DN SOOPers|Nongshim RedForce,2026-02-07 10:09:22,DN SOOPers,Nongshim RedForce,3,1,0.5007249712944031,0.501087486743927
cross_position,2026|Cup|2026-02-08|Kiwoom DRX|Nongshim RedForce,2026-02-08 08:06:06,Kiwoom DRX,Nongshim RedForce,5,1,0.4891364574432373,0.4796373248100281
cross_position,2026|Cup|2026-02-12|BNK FEARX|DN SOOPers,2026-02-12 08:04:05,BNK FEARX,DN SOOPers,5,1,0.49820855259895325,0.49664103984832764
cross_position,2026|Cup|2026-02-13|Dplus Kia|Kiwoom DRX,2026-02-13 08:06:47,Dplus Kia,Kiwoom DRX,5,1,0.50652676820755,0.5122362971305847
cross_position,2026|Cup|2026-02-14|Dplus Kia|Gen.G,2026-02-14 08:07:25,Dplus Kia,Gen.G,5,0,0.48905253410339355,0.4794800281524658
cross_position,2026|Cup|2026-02-15|BNK FEARX|T1,2026-02-15 08:05:24,BNK FEARX,T1,5,1,0.4878292977809906,0.47718894481658936
cross_position,2026|Cup|2026-02-19|DN SOOPers|Kiwoom DRX,2026-02-19 08:06:05,DN SOOPers,Kiwoom DRX,5,1,0.5117093920707703,0.5219472050666809
cross_position,2026|Cup|2026-02-20|DN SOOPers|Dplus Kia,2026-02-20 08:06:25,DN SOOPers,Dplus Kia,5,0,0.52683025598526,0.5502102971076965
cross_position,2026|Cup|2026-02-21|BNK FEARX|Gen.G,2026-02-21 08:08:52,BNK FEARX,Gen.G,5,0,0.503915011882782,0.5073403120040894
cross_position,2026|Cup|2026-02-22|Dplus Kia|T1,2026-02-22 08:08:41,Dplus Kia,T1,5,1,0.5056071877479553,0.5105127096176147
cross_position,2026|Cup|2026-02-28|BNK FEARX|Dplus Kia,2026-02-28 08:23:00,BNK FEARX,Dplus Kia,5,1,0.49929094314575195,0.4986705183982849
cross_position,2026|Cup|2026-03-01|BNK FEARX|Gen.G,2026-03-01 08:22:46,BNK FEARX,Gen.G,5,0,0.49162399768829346,0.4842979311943054
cross_position,2026|Rounds 1-2|2026-04-01|HANJIN BRION|Hanwha Life Esports,2026-04-01 08:11:43,HANJIN BRION,Hanwha Life Esports,3,0,0.49328717589378357,0.4899313449859619
cross_position,2026|Rounds 1-2|2026-04-01|KT Rolster|T1,2026-04-01 10:23:34,KT Rolster,T1,3,1,0.4857366979122162,0.4786108434200287
cross_position,2026|Rounds 1-2|2026-04-02|Dplus Kia|Nongshim RedForce,2026-04-02 08:08:29,Dplus Kia,Nongshim RedForce,3,0,0.5159602761268616,0.5239322781562805
cross_position,2026|Rounds 1-2|2026-04-02|DN SOOPers|Kiwoom DRX,2026-04-02 10:15:16,DN SOOPers,Kiwoom DRX,3,1,0.5138298869132996,0.5207395553588867
cross_position,2026|Rounds 1-2|2026-04-03|Gen.G|KT Rolster,2026-04-03 08:10:24,Gen.G,KT Rolster,3,0,0.5211336612701416,0.5316815376281738
cross_position,2026|Rounds 1-2|2026-04-03|BNK FEARX|HANJIN BRION,2026-04-03 11:10:37,BNK FEARX,HANJIN BRION,3,0,0.5191029906272888,0.5286405086517334
cross_position,2026|Rounds 1-2|2026-04-04|Hanwha Life Esports|T1,2026-04-04 08:08:38,Hanwha Life Esports,T1,3,0,0.5259519219398499,0.5388929843902588
cross_position,2026|Rounds 1-2|2026-04-04|Dplus Kia|Kiwoom DRX,2026-04-04 10:30:33,Dplus Kia,Kiwoom DRX,3,1,0.49361518025398254,0.490423321723938
cross_position,2026|Rounds 1-2|2026-04-05|DN SOOPers|Nongshim RedForce,2026-04-05 08:10:33,DN SOOPers,Nongshim RedForce,3,0,0.5054827928543091,0.5082238912582397
cross_position,2026|Rounds 1-2|2026-04-05|BNK FEARX|Gen.G,2026-04-05 10:22:53,BNK FEARX,Gen.G,3,0,0.4609626829624176,0.4415629804134369
cross_position,2026|Rounds 1-2|2026-04-08|Dplus Kia|Hanwha Life Esports,2026-04-08 08:06:29,Dplus Kia,Hanwha Life Esports,3,0,0.4915999174118042,0.4874010384082794
cross_position,2026|Rounds 1-2|2026-04-08|Gen.G|T1,2026-04-08 10:19:02,Gen.G,T1,3,1,0.5293743014335632,0.5440107583999634
cross_position,2026|Rounds 1-2|2026-04-09|HANJIN BRION|Kiwoom DRX,2026-04-09 08:06:21,HANJIN BRION,Kiwoom DRX,3,0,0.5069935321807861,0.5104896426200867
cross_position,2026|Rounds 1-2|2026-04-09|KT Rolster|Nongshim RedForce,2026-04-09 11:25:00,KT Rolster,Nongshim RedForce,3,1,0.4888942241668701,0.48334407806396484
cross_position,2026|Rounds 1-2|2026-04-10|DN SOOPers|T1,2026-04-10 08:09:34,DN SOOPers,T1,3,0,0.5086564421653748,0.5129833221435547
cross_position,2026|Rounds 1-2|2026-04-10|BNK FEARX|Hanwha Life Esports,2026-04-10 10:10:47,BNK FEARX,Hanwha Life Esports,3,0,0.4633030593395233,0.4450533986091614
cross_position,2026|Rounds 1-2|2026-04-11|Kiwoom DRX|Nongshim RedForce,2026-04-11 08:06:17,Kiwoom DRX,Nongshim RedForce,3,1,0.478849321603775,0.46829289197921753
cross_position,2026|Rounds 1-2|2026-04-11|Dplus Kia|Gen.G,2026-04-11 10:14:53,Dplus Kia,Gen.G,3,1,0.4648704528808594,0.44739240407943726
cross_position,2026|Rounds 1-2|2026-04-12|BNK FEARX|DN SOOPers,2026-04-12 08:05:05,BNK FEARX,DN SOOPers,3,1,0.4802188575267792,0.47034376859664917
cross_position,2026|Rounds 1-2|2026-04-12|HANJIN BRION|KT Rolster,2026-04-12 10:09:24,HANJIN BRION,KT Rolster,3,0,0.48601436614990234,0.4790269732475281
cross_position,2026|Rounds 1-2|2026-04-15|BNK FEARX|Nongshim RedForce,2026-04-15 08:04:27,BNK FEARX,Nongshim RedForce,3,0,0.5175292491912842,0.5262830257415771
cross_position,2026|Rounds 1-2|2026-04-15|Dplus Kia|KT Rolster,2026-04-15 10:10:22,Dplus Kia,KT Rolster,3,0,0.4699915945529938,0.45504146814346313
cross_position,2026|Rounds 1-2|2026-04-16|Gen.G|HANJIN BRION,2026-04-16 08:07:45,Gen.G,HANJIN BRION,3,1,0.5371148586273193,0.5555700659751892
cross_position,2026|Rounds 1-2|2026-04-16|DN SOOPers|Hanwha Life Esports,2026-04-16 10:19:53,DN SOOPers,Hanwha Life Esports,3,0,0.45429182052612305,0.43162867426872253
cross_position,2026|Rounds 1-2|2026-04-17|BNK FEARX|Kiwoom DRX,2026-04-17 08:09:20,BNK FEARX,Kiwoom DRX,3,1,0.48024782538414,0.47038713097572327
cross_position,2026|Rounds 1-2|2026-04-17|Dplus Kia|T1,2026-04-17 10:18:08,Dplus Kia,T1,3,1,0.5083755254745483,0.5125621557235718
cross_position,2026|Rounds 1-2|2026-04-18|Gen.G|Hanwha Life Esports,2026-04-18 08:07:24,Gen.G,Hanwha Life Esports,3,0,0.4812096655368805,0.47182780504226685
cross_position,2026|Rounds 1-2|2026-04-18|DN SOOPers|KT Rolster,2026-04-18 10:19:42,DN SOOPers,KT Rolster,3,0,0.45712748169898987,0.43584883213043213
cross_position,2026|Rounds 1-2|2026-04-19|HANJIN BRION|Nongshim RedForce,2026-04-19 08:06:04,HANJIN BRION,Nongshim RedForce,3,0,0.4801863431930542,0.47029513120651245
cross_position,2026|Rounds 1-2|2026-04-19|Kiwoom DRX|T1,2026-04-19 11:23:50,Kiwoom DRX,T1,3,0,0.49779483675956726,0.4966922402381897
cross_position,2026|Rounds 1-2|2026-04-22|KT Rolster|Kiwoom DRX,2026-04-22 08:04:37,KT Rolster,Kiwoom DRX,3,1,0.5314785838127136,0.5471554398536682
cross_position,2026|Rounds 1-2|2026-04-22|Hanwha Life Esports|Nongshim RedForce,2026-04-22 10:16:00,Hanwha Life Esports,Nongshim RedForce,3,1,0.5104115605354309,0.5156149864196777
cross_position,2026|Rounds 1-2|2026-04-23|Dplus Kia|HANJIN BRION,2026-04-23 08:05:27,Dplus Kia,HANJIN BRION,3,1,0.5108258128166199,0.5162361860275269
cross_position,2026|Rounds 1-2|2026-04-23|DN SOOPers|Gen.G,2026-04-23 10:15:14,DN SOOPers,Gen.G,3,0,0.47328075766563416,0.4599592685699463
cross_position,2026|Rounds 1-2|2026-04-24|BNK FEARX|KT Rolster,2026-04-24 08:07:08,BNK FEARX,KT Rolster,3,0,0.4744223654270172,0.4616670608520508
cross_position,2026|Rounds 1-2|2026-04-24|Hanwha Life Esports|Kiwoom DRX,2026-04-24 10:32:53,Hanwha Life Esports,Kiwoom DRX,3,1,0.5472200512886047,0.5706194639205933
cross_position,2026|Rounds 1-2|2026-04-25|HANJIN BRION|T1,2026-04-25 08:07:29,HANJIN BRION,T1,3,0,0.46916404366493225,0.45380473136901855
cross_position,2026|Rounds 1-2|2026-04-25|DN SOOPers|Dplus Kia,2026-04-25 10:52:42,DN SOOPers,Dplus Kia,3,0,0.45389726758003235,0.4310418367385864
cross_position,2026|Rounds 1-2|2026-04-26|BNK FEARX|T1,2026-04-26 08:06:17,BNK FEARX,T1,3,0,0.47918930649757385,0.4688020348548889
cross_position,2026|Rounds 1-2|2026-04-26|Gen.G|Nongshim RedForce,2026-04-26 10:15:14,Gen.G,Nongshim RedForce,3,1,0.5024035573005676,0.5036053657531738
cross_position,2026|Rounds 1-2|2026-04-29|Nongshim RedForce|T1,2026-04-29 08:05:12,Nongshim RedForce,T1,3,0,0.4530121386051178,0.429725706577301
cross_position,2026|Rounds 1-2|2026-04-29|Hanwha Life Esports|KT Rolster,2026-04-29 10:15:19,Hanwha Life Esports,KT Rolster,3,1,0.47963401675224304,0.4694679379463196
cross_position,2026|Rounds 1-2|2026-04-30|Gen.G|Kiwoom DRX,2026-04-30 08:06:44,Gen.G,Kiwoom DRX,3,1,0.5528416037559509,0.5789673328399658
cross_position,2026|Rounds 1-2|2026-04-30|BNK FEARX|Dplus Kia,2026-04-30 11:13:48,BNK FEARX,Dplus Kia,3,0,0.4515053331851959,0.4274860918521881
cross_position,2026|Rounds 1-2|2026-05-01|DN SOOPers|HANJIN BRION,2026-05-01 08:06:11,DN SOOPers,HANJIN BRION,3,0,0.4981726109981537,0.49725890159606934
cross_position,2026|Rounds 1-2|2026-05-01|Hanwha Life Esports|T1,2026-05-01 10:22:34,Hanwha Life Esports,T1,3,1,0.4972900152206421,0.4959350824356079
cross_position,2026|Rounds 1-2|2026-05-02|Dplus Kia|Gen.G,2026-05-02 08:06:29,Dplus Kia,Gen.G,3,0,0.5020166039466858,0.5030248165130615
cross_position,2026|Rounds 1-2|2026-05-02|Kiwoom DRX|Nongshim RedForce,2026-05-02 11:03:54,Kiwoom DRX,Nongshim RedForce,3,1,0.5009078979492188,0.5013618469238281
cross_position,2026|Rounds 1-2|2026-05-03|HANJIN BRION|KT Rolster,2026-05-03 08:05:43,HANJIN BRION,KT Rolster,3,1,0.46373996138572693,0.4457052946090698
cross_position,2026|Rounds 1-2|2026-05-03|BNK FEARX|DN SOOPers,2026-05-03 10:24:27,BNK FEARX,DN SOOPers,3,1,0.4957786798477173,0.49366819858551025
cross_position,2026|Rounds 1-2|2026-05-06|Gen.G|Nongshim RedForce,2026-05-06 08:06:15,Gen.G,Nongshim RedForce,3,1,0.5387097001075745,0.5579485297203064
cross_position,2026|Rounds 1-2|2026-05-06|DN SOOPers|Hanwha Life Esports,2026-05-06 10:34:43,DN SOOPers,Hanwha Life Esports,3,0,0.4558757543563843,0.43398550152778625
cross_position,2026|Rounds 1-2|2026-05-07|Dplus Kia|KT Rolster,2026-05-07 08:07:34,Dplus Kia,KT Rolster,3,0,0.5130627155303955,0.5195896625518799
cross_position,2026|Rounds 1-2|2026-05-07|BNK FEARX|HANJIN BRION,2026-05-07 10:30:17,BNK FEARX,HANJIN BRION,3,0,0.4844362735748291,0.4766619801521301
cross_position,2026|Rounds 1-2|2026-05-08|DN SOOPers|T1,2026-05-08 08:05:48,DN SOOPers,T1,3,0,0.46128416061401367,0.4420422911643982
cross_position,2026|Rounds 1-2|2026-05-08|Gen.G|Kiwoom DRX,2026-05-08 10:40:52,Gen.G,Kiwoom DRX,3,1,0.5150652527809143,0.5225911140441895
cross_position,2026|Rounds 1-2|2026-05-09|BNK FEARX|KT Rolster,2026-05-09 08:06:41,BNK FEARX,KT Rolster,3,1,0.5078470706939697,0.5117696523666382
cross_position,2026|Rounds 1-2|2026-05-09|HANJIN BRION|Nongshim RedForce,2026-05-09 10:15:45,HANJIN BRION,Nongshim RedForce,3,1,0.5491977334022522,0.5735584497451782
cross_position,2026|Rounds 1-2|2026-05-10|Dplus Kia|T1,2026-05-10 08:09:29,Dplus Kia,T1,3,0,0.47391581535339355,0.4609092175960541
cross_position,2026|Rounds 1-2|2026-05-10|Hanwha Life Esports|Kiwoom DRX,2026-05-10 10:31:52,Hanwha Life Esports,Kiwoom DRX,3,1,0.5252877473831177,0.5378993153572083
cross_position,2026|Rounds 1-2|2026-05-13|Nongshim RedForce|T1,2026-05-13 08:06:21,Nongshim RedForce,T1,3,0,0.4576011598110199,0.4365541934967041
cross_position,2026|Rounds 1-2|2026-05-13|DN SOOPers|Dplus Kia,2026-05-13 10:12:11,DN SOOPers,Dplus Kia,3,0,0.4856894910335541,0.4785401225090027
cross_position,2026|Rounds 1-2|2026-05-14|BNK FEARX|Gen.G,2026-05-14 08:07:03,BNK FEARX,Gen.G,3,0,0.46835675835609436,0.4525984823703766
cross_position,2026|Rounds 1-2|2026-05-14|KT Rolster|Kiwoom DRX,2026-05-14 10:15:56,KT Rolster,Kiwoom DRX,3,1,0.5014153122901917,0.5021229982376099
cross_position,2026|Rounds 1-2|2026-05-15|Dplus Kia|Hanwha Life Esports,2026-05-15 08:07:51,Dplus Kia,Hanwha Life Esports,3,0,0.4806787967681885,0.47103261947631836
cross_position,2026|Rounds 1-2|2026-05-15|DN SOOPers|HANJIN BRION,2026-05-15 10:22:39,DN SOOPers,HANJIN BRION,3,0,0.4459984004497528,0.4193125367164612
cross_position,2026|Rounds 1-2|2026-05-16|Gen.G|T1,2026-05-16 08:05:55,Gen.G,T1,3,0,0.5045287609100342,0.5067929029464722
cross_position,2026|Rounds 1-2|2026-05-16|BNK FEARX|Nongshim RedForce,2026-05-16 11:30:05,BNK FEARX,Nongshim RedForce,3,1,0.5123757719993591,0.5185598731040955
cross_position,2026|Rounds 1-2|2026-05-17|Hanwha Life Esports|KT Rolster,2026-05-17 08:05:58,Hanwha Life Esports,KT Rolster,3,0,0.5264435410499573,0.5396283268928528
cross_position,2026|Rounds 1-2|2026-05-17|HANJIN BRION|Kiwoom DRX,2026-05-17 11:06:33,HANJIN BRION,Kiwoom DRX,3,0,0.5473654270172119,0.5708355903625488
cross_position,2026|Rounds 1-2|2026-05-20|Kiwoom DRX|T1,2026-05-20 08:05:29,Kiwoom DRX,T1,3,0,0.4963381290435791,0.4945073127746582
cross_position,2026|Rounds 1-2|2026-05-20|KT Rolster|Nongshim RedForce,2026-05-20 11:01:11,KT Rolster,Nongshim RedForce,3,1,0.5221355557441711,0.5331816077232361
cross_position,2026|Rounds 1-2|2026-05-21|BNK FEARX|Hanwha Life Esports,2026-05-21 08:06:57,BNK FEARX,Hanwha Life Esports,3,0,0.5124757885932922,0.5187098979949951
cross_position,2026|Rounds 1-2|2026-05-21|Dplus Kia|HANJIN BRION,2026-05-21 10:22:05,Dplus Kia,HANJIN BRION,3,1,0.49294841289520264,0.48942333459854126
cross_position,2026|Rounds 1-2|2026-05-22|DN SOOPers|Kiwoom DRX,2026-05-22 08:06:39,DN SOOPers,Kiwoom DRX,3,0,0.474516361951828,0.4618076682090759
cross_position,2026|Rounds 1-2|2026-05-22|Gen.G|KT Rolster,2026-05-22 10:20:35,Gen.G,KT Rolster,3,1,0.5118557214736938,0.5177801847457886
cross_position,2026|Rounds 1-2|2026-05-23|BNK FEARX|Dplus Kia,2026-05-23 08:06:07,BNK FEARX,Dplus Kia,3,0,0.5051750540733337,0.5077623724937439
cross_position,2026|Rounds 1-2|2026-05-23|Hanwha Life Esports|Nongshim RedForce,2026-05-23 11:15:14,Hanwha Life Esports,Nongshim RedForce,3,1,0.5201565623283386,0.5302184820175171
cross_position,2026|Rounds 1-2|2026-05-24|DN SOOPers|Gen.G,2026-05-24 08:06:42,DN SOOPers,Gen.G,3,0,0.4660596549510956,0.4491676688194275
cross_position,2026|Rounds 1-2|2026-05-24|HANJIN BRION|T1,2026-05-24 10:10:10,HANJIN BRION,T1,3,0,0.4691029489040375,0.45371338725090027
cross_position,2026|Rounds 1-2|2026-05-27|Gen.G|Hanwha Life Esports,2026-05-27 08:06:37,Gen.G,Hanwha Life Esports,3,1,0.5000916123390198,0.5001373887062073
cross_position,2026|Rounds 1-2|2026-05-27|BNK FEARX|Kiwoom DRX,2026-05-27 11:17:26,BNK FEARX,Kiwoom DRX,3,1,0.4845646917819977,0.4768543839454651
cross_position,2026|Rounds 1-2|2026-05-28|DN SOOPers|Nongshim RedForce,2026-05-28 08:03:36,DN SOOPers,Nongshim RedForce,3,0,0.48031869530677795,0.4704933166503906
cross_position,2026|Rounds 1-2|2026-05-28|KT Rolster|T1,2026-05-28 11:03:41,KT Rolster,T1,3,0,0.4852169454097748,0.4778319001197815
cross_position,2026|Rounds 1-2|2026-05-29|Dplus Kia|Kiwoom DRX,2026-05-29 08:09:08,Dplus Kia,Kiwoom DRX,3,1,0.48522937297821045,0.4778504967689514
cross_position,2026|Rounds 1-2|2026-05-29|Gen.G|HANJIN BRION,2026-05-29 11:07:01,Gen.G,HANJIN BRION,3,1,0.5467110276222229,0.5698626637458801
cross_position,2026|Rounds 1-2|2026-05-30|DN SOOPers|KT Rolster,2026-05-30 08:05:58,DN SOOPers,KT Rolster,3,0,0.4897327125072479,0.4846011996269226
cross_position,2026|Rounds 1-2|2026-05-30|BNK FEARX|T1,2026-05-30 10:20:58,BNK FEARX,T1,3,0,0.4948152005672455,0.4922231137752533
cross_position,2026|Rounds 1-2|2026-05-31|HANJIN BRION|Hanwha Life Esports,2026-05-31 08:06:48,HANJIN BRION,Hanwha Life Esports,3,0,0.47015634179115295,0.4552876651287079
cross_position,2026|Rounds 1-2|2026-05-31|Dplus Kia|Nongshim RedForce,2026-05-31 10:17:32,Dplus Kia,Nongshim RedForce,3,1,0.5096496939659119,0.5144727230072021
cross_position,2026|Rounds 1-2|2026-06-06|Dplus Kia|HANJIN BRION,2026-06-06 08:12:31,Dplus Kia,HANJIN BRION,5,1,0.5452293753623962,0.5843435525894165
cross_position,2026|Rounds 1-2|2026-06-07|Dplus Kia|KT Rolster,2026-06-07 08:09:33,Dplus Kia,KT Rolster,5,0,0.5267546772956848,0.5500693321228027
cross_position,2026|Rounds 1-2|2026-06-12|Hanwha Life Esports|T1,2026-06-12 08:25:00,Hanwha Life Esports,T1,5,1,0.48166874051094055,0.46565964818000793
cross_position,2026|Rounds 1-2|2026-06-13|Gen.G|KT Rolster,2026-06-13 06:22:36,Gen.G,KT Rolster,5,1,0.5494527816772461,0.5921211242675781
cross_position,2026|Rounds 1-2|2026-06-14|Gen.G|T1,2026-06-14 06:27:21,Gen.G,T1,5,0,0.5298941731452942,0.5559182167053223
cross_position,2026|Rounds 3-4|2026-07-29|Kiwoom DRX|Nongshim RedForce,2026-07-29 08:05:41,Kiwoom DRX,Nongshim RedForce,3,0,0.4990939199924469,0.49864089488983154
cross_position,2026|Rounds 3-4|2026-07-29|KT Rolster|T1,2026-07-29 10:14:12,KT Rolster,T1,3,1,0.49534833431243896,0.4930226802825928
cross_position,2026|Rounds 3-4|2026-07-30|BNK FEARX|DN SOOPers,2026-07-30 08:07:12,BNK FEARX,DN SOOPers,3,1,0.5146264433860779,0.521933376789093
cross_position,2026|Rounds 3-4|2026-07-30|Dplus Kia|Hanwha Life Esports,2026-07-30 10:17:39,Dplus Kia,Hanwha Life Esports,3,1,0.4810561239719391,0.4715977907180786
cross_position,2026|Rounds 3-4|2026-07-31|Gen.G|T1,2026-07-31 08:15:35,Gen.G,T1,3,0,0.5119496583938599,0.517920970916748
cross_position,2026|Rounds 3-4|2026-07-31|HANJIN BRION|Kiwoom DRX,2026-07-31 10:28:31,HANJIN BRION,Kiwoom DRX,3,0,0.5023398399353027,0.5035097599029541
cross_position,2026|Rounds 3-4|2026-08-01|BNK FEARX|Nongshim RedForce,2026-08-01 08:05:28,BNK FEARX,Nongshim RedForce,3,0,0.5050304532051086,0.5075453519821167
cross_position,2026|Rounds 3-4|2026-08-02|DN SOOPers|HANJIN BRION,2026-08-02 08:07:10,DN SOOPers,HANJIN BRION,3,1,0.4990445077419281,0.49856674671173096
cross_position,2026|Rounds 3-4|2026-08-02|Hanwha Life Esports|KT Rolster,2026-08-02 11:27:57,Hanwha Life Esports,KT Rolster,3,0,0.5158677697181702,0.5237936973571777
cross_position,2026|Rounds 3-4|2026-08-05|HANJIN BRION|Nongshim RedForce,2026-08-05 08:04:53,HANJIN BRION,Nongshim RedForce,3,1,0.46180999279022217,0.44282642006874084
cross_position,2026|Rounds 3-4|2026-08-05|Gen.G|Hanwha Life Esports,2026-08-05 11:19:04,Gen.G,Hanwha Life Esports,3,1,0.4899444878101349,0.4849187731742859
cross_position,2026|Rounds 3-4|2026-08-06|DN SOOPers|Kiwoom DRX,2026-08-06 08:07:39,DN SOOPers,Kiwoom DRX,3,0,0.5044033527374268,0.5066048502922058
cross_position,2026|Rounds 3-4|2026-08-06|Dplus Kia|T1,2026-08-06 10:15:34,Dplus Kia,T1,3,0,0.5002925395965576,0.5004388093948364
cross_position,2026|Rounds 3-4|2026-08-07|Gen.G|KT Rolster,2026-08-07 08:07:40,Gen.G,KT Rolster,3,1,0.49149951338768005,0.4872504770755768
cross_position,2026|Rounds 3-4|2026-08-07|BNK FEARX|HANJIN BRION,2026-08-07 10:11:30,BNK FEARX,HANJIN BRION,3,0,0.5109615325927734,0.51643967628479
cross_position,2026|Rounds 3-4|2026-08-08|Hanwha Life Esports|T1,2026-08-08 08:08:11,Hanwha Life Esports,T1,3,1,0.49688124656677246,0.49532195925712585
cross_position,2026|Rounds 3-4|2026-08-08|DN SOOPers|Nongshim RedForce,2026-08-08 11:16:34,DN SOOPers,Nongshim RedForce,3,1,0.49574747681617737,0.4936214089393616
cross_position,2026|Rounds 3-4|2026-08-09|Dplus Kia|KT Rolster,2026-08-09 08:07:07,Dplus Kia,KT Rolster,3,1,0.49405765533447266,0.4910869598388672
cross_position,2026|Rounds 3-4|2026-08-09|BNK FEARX|Kiwoom DRX,2026-08-09 11:01:09,BNK FEARX,Kiwoom DRX,3,1,0.47708216309547424,0.46564731001853943
cross_position,2026|Rounds 3-4|2026-08-12|DN SOOPers|Nongshim RedForce,2026-08-12 08:07:18,DN SOOPers,Nongshim RedForce,3,1,0.5033867359161377,0.5050801038742065
cross_position,2026|Rounds 3-4|2026-08-12|Dplus Kia|KT Rolster,2026-08-12 11:02:08,Dplus Kia,KT Rolster,3,1,0.5099856853485107,0.5149765610694885
cross_position,2026|Rounds 3-4|2026-08-13|BNK FEARX|Kiwoom DRX,2026-08-13 08:06:50,BNK FEARX,Kiwoom DRX,3,1,0.4988529682159424,0.4982794523239136
cross_position,2026|Rounds 3-4|2026-08-13|Gen.G|Hanwha Life Esports,2026-08-13 11:04:48,Gen.G,Hanwha Life Esports,3,1,0.5114389061927795,0.5171554088592529
cross_position,2026|Rounds 3-4|2026-08-14|Dplus Kia|T1,2026-08-14 08:08:00,Dplus Kia,T1,3,1,0.5025686621665955,0.503852903842926
cross_position,2026|Rounds 3-4|2026-08-14|HANJIN BRION|Nongshim RedForce,2026-08-14 11:28:48,HANJIN BRION,Nongshim RedForce,3,0,0.5229270458221436,0.5343664884567261
cross_position,2026|Rounds 3-4|2026-08-15|Hanwha Life Esports|KT Rolster,2026-08-15 08:08:03,Hanwha Life Esports,KT Rolster,3,1,0.5113020539283752,0.5169501900672913
cross_position,2026|Rounds 3-4|2026-08-15|BNK FEARX|DN SOOPers,2026-08-15 11:08:43,BNK FEARX,DN SOOPers,3,0,0.5102141499519348,0.5153191089630127
cross_position,2026|Rounds 3-4|2026-08-16|Gen.G|T1,2026-08-16 08:07:26,Gen.G,T1,3,1,0.5345880389213562,0.5517992973327637
cross_position,2026|Rounds 3-4|2026-08-16|HANJIN BRION|Kiwoom DRX,2026-08-16 10:44:01,HANJIN BRION,Kiwoom DRX,3,1,0.5227899551391602,0.5341613292694092
cross_position,2026|Rounds 3-4|2026-08-19|Gen.G|KT Rolster,2026-08-19 08:05:49,Gen.G,KT Rolster,3,1,0.5448949933052063,0.5671615600585938
cross_position,2026|Rounds 3-4|2026-08-19|DN SOOPers|HANJIN BRION,2026-08-19 11:22:14,DN SOOPers,HANJIN BRION,3,0,0.5342555642127991,0.5513029098510742
cross_position,2026|Rounds 3-4|2026-08-20|Dplus Kia|Hanwha Life Esports,2026-08-20 08:07:41,Dplus Kia,Hanwha Life Esports,3,0,0.5003203749656677,0.5004805326461792
cross_position,2026|Rounds 3-4|2026-08-20|Kiwoom DRX|Nongshim RedForce,2026-08-20 10:33:18,Kiwoom DRX,Nongshim RedForce,3,0,0.4657486379146576,0.4487032890319824
cross_position,2026|Rounds 3-4|2026-08-21|BNK FEARX|HANJIN BRION,2026-08-21 08:07:26,BNK FEARX,HANJIN BRION,3,1,0.4956167936325073,0.4934253692626953
cross_position,2026|Rounds 3-4|2026-08-21|KT Rolster|T1,2026-08-21 11:24:11,KT Rolster,T1,3,0,0.49031051993370056,0.4854676127433777
cross_position,2026|Rounds 3-4|2026-08-22|Dplus Kia|Gen.G,2026-08-22 08:08:17,Dplus Kia,Gen.G,3,1,0.4817420244216919,0.472625195980072
cross_position,2026|Rounds 3-4|2026-08-22|DN SOOPers|Kiwoom DRX,2026-08-22 11:31:02,DN SOOPers,Kiwoom DRX,3,1,0.532105028629303,0.5480914115905762
cross_position,2026|Rounds 3-4|2026-08-23|Hanwha Life Esports|T1,2026-08-23 08:07:42,Hanwha Life Esports,T1,3,1,0.5385427474975586,0.5576996207237244
cross_position,2026|Rounds 3-4|2026-08-23|BNK FEARX|Nongshim RedForce,2026-08-23 10:20:23,BNK FEARX,Nongshim RedForce,3,0,0.48338472843170166,0.4750862717628479
cross_position,2026|Rounds 3-4|2026-08-26|HANJIN BRION|KT Rolster,2026-08-26 08:08:21,HANJIN BRION,KT Rolster,5,0,0.5016525983810425,0.5030985474586487
cross_position,2026|Rounds 3-4|2026-08-27|BNK FEARX|Nongshim RedForce,2026-08-27 08:07:15,BNK FEARX,Nongshim RedForce,5,1,0.47585248947143555,0.454793781042099
cross_position,2026|Rounds 3-4|2026-08-28|BNK FEARX|HANJIN BRION,2026-08-28 08:06:46,BNK FEARX,HANJIN BRION,5,1,0.5236387252807617,0.5442565679550171
cross_position,2026|Rounds 3-4|2026-08-29|BNK FEARX|T1,2026-08-29 08:07:39,BNK FEARX,T1,5,0,0.5166976451873779,0.5312849283218384
cross_position,2026|Rounds 3-4|2026-08-30|Dplus Kia|KT Rolster,2026-08-30 08:10:04,Dplus Kia,KT Rolster,5,0,0.4922446310520172,0.4854609966278076
cross_position,2026|Rounds 3-4|2026-09-01|Gen.G|KT Rolster,2026-09-01 08:11:13,Gen.G,KT Rolster,5,1,0.47857895493507385,0.4598847031593323
cross_position,2026|Rounds 3-4|2026-09-02|Hanwha Life Esports|T1,2026-09-02 08:11:08,Hanwha Life Esports,T1,5,1,0.5340626835823059,0.56367027759552
cross_position,2026|Rounds 3-4|2026-09-03|BNK FEARX|Dplus Kia,2026-09-03 08:07:55,BNK FEARX,Dplus Kia,5,0,0.5056226253509521,0.510541558265686
cross_position,2026|Rounds 3-4|2026-09-04|Dplus Kia|KT Rolster,2026-09-04 08:07:52,Dplus Kia,KT Rolster,5,1,0.5266518592834473,0.5498777627944946
cross_position,2026|Rounds 3-4|2026-09-05|Gen.G|Hanwha Life Esports,2026-09-05 08:08:15,Gen.G,Hanwha Life Esports,5,1,0.4955350458621979,0.4916287064552307
cross_position,2026|Rounds 3-4|2026-09-06|Dplus Kia|T1,2026-09-06 08:09:36,Dplus Kia,T1,5,0,0.5261284708976746,0.5489017963409424
cross_position,2026|Rounds 3-4|2026-09-12|Hanwha Life Esports|T1,2026-09-12 05:21:16,Hanwha Life Esports,T1,5,1,0.4871000051498413,0.4758232831954956
upper_lower,2026|Cup|2026-01-14|DN SOOPers|KT Rolster,2026-01-14 08:13:43,DN SOOPers,KT Rolster,3,0,0.5002003312110901,0.500300407409668
upper_lower,2026|Cup|2026-01-14|Dplus Kia|HANJIN BRION,2026-01-14 11:22:18,Dplus Kia,HANJIN BRION,3,1,0.5080356001853943,0.5120524168014526
upper_lower,2026|Cup|2026-01-15|Gen.G|Kiwoom DRX,2026-01-15 08:05:23,Gen.G,Kiwoom DRX,3,1,0.5395671725273132,0.5592268705368042
upper_lower,2026|Cup|2026-01-15|BNK FEARX|Nongshim RedForce,2026-01-15 10:15:24,BNK FEARX,Nongshim RedForce,3,1,0.5043002963066101,0.5064502954483032
upper_lower,2026|Cup|2026-01-16|DN SOOPers|Dplus Kia,2026-01-16 08:05:40,DN SOOPers,Dplus Kia,3,0,0.4660835266113281,0.4492033123970032
upper_lower,2026|Cup|2026-01-16|Hanwha Life Esports|T1,2026-01-16 10:08:16,Hanwha Life Esports,T1,3,0,0.526207447052002,0.5392751693725586
upper_lower,2026|Cup|2026-01-17|BNK FEARX|HANJIN BRION,2026-01-17 08:05:53,BNK FEARX,HANJIN BRION,3,1,0.5205485224723816,0.5308054089546204
upper_lower,2026|Cup|2026-01-17|Gen.G|KT Rolster,2026-01-17 11:10:45,Gen.G,KT Rolster,3,1,0.5266715884208679,0.5399694442749023
upper_lower,2026|Cup|2026-01-18|Hanwha Life Esports|Nongshim RedForce,2026-01-18 08:05:24,Hanwha Life Esports,Nongshim RedForce,3,0,0.513053297996521,0.5195754766464233
upper_lower,2026|Cup|2026-01-18|Kiwoom DRX|T1,2026-01-18 10:20:18,Kiwoom DRX,T1,3,0,0.46730566024780273,0.45102834701538086
upper_lower,2026|Cup|2026-01-21|Dplus Kia|Nongshim RedForce,2026-01-21 08:05:24,Dplus Kia,Nongshim RedForce,3,1,0.5346466898918152,0.5518869161605835
upper_lower,2026|Cup|2026-01-21|DN SOOPers|Kiwoom DRX,2026-01-21 11:14:52,DN SOOPers,Kiwoom DRX,3,1,0.5040371417999268,0.5060555934906006
upper_lower,2026|Cup|2026-01-22|HANJIN BRION|Hanwha Life Esports,2026-01-22 08:05:25,HANJIN BRION,Hanwha Life Esports,3,0,0.5010152459144592,0.5015228986740112
upper_lower,2026|Cup|2026-01-22|BNK FEARX|Gen.G,2026-01-22 11:14:53,BNK FEARX,Gen.G,3,0,0.4928329885005951,0.4892502427101135
upper_lower,2026|Cup|2026-01-23|KT Rolster|T1,2026-01-23 08:04:55,KT Rolster,T1,3,0,0.45374324917793274,0.4308128356933594
upper_lower,2026|Cup|2026-01-23|Kiwoom DRX|Nongshim RedForce,2026-01-23 10:33:19,Kiwoom DRX,Nongshim RedForce,3,1,0.4945257604122162,0.49178898334503174
upper_lower,2026|Cup|2026-01-24|DN SOOPers|Hanwha Life Esports,2026-01-24 08:04:56,DN SOOPers,Hanwha Life Esports,3,0,0.4810674488544464,0.4716147780418396
upper_lower,2026|Cup|2026-01-24|Dplus Kia|Gen.G,2026-01-24 11:24:48,Dplus Kia,Gen.G,3,0,0.4930424690246582,0.4895644187927246
upper_lower,2026|Cup|2026-01-25|BNK FEARX|T1,2026-01-25 08:05:39,BNK FEARX,T1,3,0,0.4799686372280121,0.4699690043926239
upper_lower,2026|Cup|2026-01-25|HANJIN BRION|KT Rolster,2026-01-25 11:28:02,HANJIN BRION,KT Rolster,3,0,0.5202710628509521,0.5303899049758911
upper_lower,2026|Cup|2026-01-28|HANJIN BRION|Kiwoom DRX,2026-01-28 08:04:54,HANJIN BRION,Kiwoom DRX,5,0,0.5138091444969177,0.52587890625
upper_lower,2026|Cup|2026-01-29|BNK FEARX|DN SOOPers,2026-01-29 08:07:19,BNK FEARX,DN SOOPers,5,1,0.49176323413848877,0.48455893993377686
upper_lower,2026|Cup|2026-01-30|KT Rolster|Nongshim RedForce,2026-01-30 08:05:48,KT Rolster,Nongshim RedForce,5,0,0.48242154717445374,0.46706753969192505
upper_lower,2026|Cup|2026-01-31|Dplus Kia|T1,2026-01-31 08:17:53,Dplus Kia,T1,5,0,0.4651881158351898,0.43493834137916565
upper_lower,2026|Cup|2026-02-01|Gen.G|Hanwha Life Esports,2026-02-01 08:08:08,Gen.G,Hanwha Life Esports,5,1,0.5095610022544861,0.5179225206375122
upper_lower,2026|Cup|2026-02-06|HANJIN BRION|Kiwoom DRX,2026-02-06 08:05:10,HANJIN BRION,Kiwoom DRX,3,0,0.5289903283119202,0.5434367656707764
upper_lower,2026|Cup|2026-02-06|DN SOOPers|KT Rolster,2026-02-06 10:59:51,DN SOOPers,KT Rolster,3,1,0.48865869641304016,0.48299098014831543
upper_lower,2026|Cup|2026-02-07|Dplus Kia|Kiwoom DRX,2026-02-07 08:07:00,Dplus Kia,Kiwoom DRX,3,1,0.4577958881855011,0.436844140291214
upper_lower,2026|Cup|2026-02-07|DN SOOPers|Nongshim RedForce,2026-02-07 10:09:22,DN SOOPers,Nongshim RedForce,3,1,0.4893258512020111,0.48399120569229126
upper_lower,2026|Cup|2026-02-08|Kiwoom DRX|Nongshim RedForce,2026-02-08 08:06:06,Kiwoom DRX,Nongshim RedForce,5,1,0.4850109815597534,0.4719124138355255
upper_lower,2026|Cup|2026-02-12|BNK FEARX|DN SOOPers,2026-02-12 08:04:05,BNK FEARX,DN SOOPers,5,1,0.509828507900238,0.5184236764907837
upper_lower,2026|Cup|2026-02-13|Dplus Kia|Kiwoom DRX,2026-02-13 08:06:47,Dplus Kia,Kiwoom DRX,5,1,0.5120658278465271,0.522614598274231
upper_lower,2026|Cup|2026-02-14|Dplus Kia|Gen.G,2026-02-14 08:07:25,Dplus Kia,Gen.G,5,0,0.49805882573127747,0.4963604211807251
upper_lower,2026|Cup|2026-02-15|BNK FEARX|T1,2026-02-15 08:05:24,BNK FEARX,T1,5,1,0.4911291301250458,0.4833705425262451
upper_lower,2026|Cup|2026-02-19|DN SOOPers|Kiwoom DRX,2026-02-19 08:06:05,DN SOOPers,Kiwoom DRX,5,1,0.5058810114860535,0.5110258460044861
upper_lower,2026|Cup|2026-02-20|DN SOOPers|Dplus Kia,2026-02-20 08:06:25,DN SOOPers,Dplus Kia,5,0,0.5020830035209656,0.5039055943489075
upper_lower,2026|Cup|2026-02-21|BNK FEARX|Gen.G,2026-02-21 08:08:52,BNK FEARX,Gen.G,5,0,0.507584810256958,0.5142192244529724
upper_lower,2026|Cup|2026-02-22|Dplus Kia|T1,2026-02-22 08:08:41,Dplus Kia,T1,5,1,0.5286781787872314,0.5536537170410156
upper_lower,2026|Cup|2026-02-28|BNK FEARX|Dplus Kia,2026-02-28 08:23:00,BNK FEARX,Dplus Kia,5,1,0.49261656403541565,0.4861580729484558
upper_lower,2026|Cup|2026-03-01|BNK FEARX|Gen.G,2026-03-01 08:22:46,BNK FEARX,Gen.G,5,0,0.48779454827308655,0.4771239161491394
upper_lower,2026|Rounds 1-2|2026-04-01|HANJIN BRION|Hanwha Life Esports,2026-04-01 08:11:43,HANJIN BRION,Hanwha Life Esports,3,0,0.4858514368534088,0.4787828326225281
upper_lower,2026|Rounds 1-2|2026-04-01|KT Rolster|T1,2026-04-01 10:23:34,KT Rolster,T1,3,1,0.4999505281448364,0.49992579221725464
upper_lower,2026|Rounds 1-2|2026-04-02|Dplus Kia|Nongshim RedForce,2026-04-02 08:08:29,Dplus Kia,Nongshim RedForce,3,0,0.5190547108650208,0.5285682678222656
upper_lower,2026|Rounds 1-2|2026-04-02|DN SOOPers|Kiwoom DRX,2026-04-02 10:15:16,DN SOOPers,Kiwoom DRX,3,1,0.5029451847076416,0.5044176578521729
upper_lower,2026|Rounds 1-2|2026-04-03|Gen.G|KT Rolster,2026-04-03 08:10:24,Gen.G,KT Rolster,3,0,0.5151272416114807,0.5226839184761047
upper_lower,2026|Rounds 1-2|2026-04-03|BNK FEARX|HANJIN BRION,2026-04-03 11:10:37,BNK FEARX,HANJIN BRION,3,0,0.5128341317176819,0.5192469954490662
upper_lower,2026|Rounds 1-2|2026-04-04|Hanwha Life Esports|T1,2026-04-04 08:08:38,Hanwha Life Esports,T1,3,0,0.5228368639945984,0.5342314839363098
upper_lower,2026|Rounds 1-2|2026-04-04|Dplus Kia|Kiwoom DRX,2026-04-04 10:30:33,Dplus Kia,Kiwoom DRX,3,1,0.5115025639533997,0.5172508358955383
upper_lower,2026|Rounds 1-2|2026-04-05|DN SOOPers|Nongshim RedForce,2026-04-05 08:10:33,DN SOOPers,Nongshim RedForce,3,0,0.4964172840118408,0.4946260154247284
upper_lower,2026|Rounds 1-2|2026-04-05|BNK FEARX|Gen.G,2026-04-05 10:22:53,BNK FEARX,Gen.G,3,0,0.4623587131500244,0.4436447024345398
upper_lower,2026|Rounds 1-2|2026-04-08|Dplus Kia|Hanwha Life Esports,2026-04-08 08:06:29,Dplus Kia,Hanwha Life Esports,3,0,0.4917651116847992,0.48764878511428833
upper_lower,2026|Rounds 1-2|2026-04-08|Gen.G|T1,2026-04-08 10:19:02,Gen.G,T1,3,1,0.5358014702796936,0.5536104440689087
upper_lower,2026|Rounds 1-2|2026-04-09|HANJIN BRION|Kiwoom DRX,2026-04-09 08:06:21,HANJIN BRION,Kiwoom DRX,3,0,0.5214054584503174,0.5320885181427002
upper_lower,2026|Rounds 1-2|2026-04-09|KT Rolster|Nongshim RedForce,2026-04-09 11:25:00,KT Rolster,Nongshim RedForce,3,1,0.48380720615386963,0.47571927309036255
upper_lower,2026|Rounds 1-2|2026-04-10|DN SOOPers|T1,2026-04-10 08:09:34,DN SOOPers,T1,3,0,0.5020989179611206,0.5031483769416809
upper_lower,2026|Rounds 1-2|2026-04-10|BNK FEARX|Hanwha Life Esports,2026-04-10 10:10:47,BNK FEARX,Hanwha Life Esports,3,0,0.46609771251678467,0.4492245316505432
upper_lower,2026|Rounds 1-2|2026-04-11|Kiwoom DRX|Nongshim RedForce,2026-04-11 08:06:17,Kiwoom DRX,Nongshim RedForce,3,1,0.4692310094833374,0.45390474796295166
upper_lower,2026|Rounds 1-2|2026-04-11|Dplus Kia|Gen.G,2026-04-11 10:14:53,Dplus Kia,Gen.G,3,1,0.47733989357948303,0.46603310108184814
upper_lower,2026|Rounds 1-2|2026-04-12|BNK FEARX|DN SOOPers,2026-04-12 08:05:05,BNK FEARX,DN SOOPers,3,1,0.48257723450660706,0.4738764464855194
upper_lower,2026|Rounds 1-2|2026-04-12|HANJIN BRION|KT Rolster,2026-04-12 10:09:24,HANJIN BRION,KT Rolster,3,0,0.504567563533783,0.5068511962890625
upper_lower,2026|Rounds 1-2|2026-04-15|BNK FEARX|Nongshim RedForce,2026-04-15 08:04:27,BNK FEARX,Nongshim RedForce,3,0,0.505233883857727,0.5078505277633667
upper_lower,2026|Rounds 1-2|2026-04-15|Dplus Kia|KT Rolster,2026-04-15 10:10:22,Dplus Kia,KT Rolster,3,0,0.48643872141838074,0.47966307401657104
upper_lower,2026|Rounds 1-2|2026-04-16|Gen.G|HANJIN BRION,2026-04-16 08:07:45,Gen.G,HANJIN BRION,3,1,0.5289687514305115,0.5434044599533081
upper_lower,2026|Rounds 1-2|2026-04-16|DN SOOPers|Hanwha Life Esports,2026-04-16 10:19:53,DN SOOPers,Hanwha Life Esports,3,0,0.4554498493671417,0.43335163593292236
upper_lower,2026|Rounds 1-2|2026-04-17|BNK FEARX|Kiwoom DRX,2026-04-17 08:09:20,BNK FEARX,Kiwoom DRX,3,1,0.47991323471069336,0.46988606452941895
upper_lower,2026|Rounds 1-2|2026-04-17|Dplus Kia|T1,2026-04-17 10:18:08,Dplus Kia,T1,3,1,0.5089057087898254,0.5133571028709412
upper_lower,2026|Rounds 1-2|2026-04-18|Gen.G|Hanwha Life Esports,2026-04-18 08:07:24,Gen.G,Hanwha Life Esports,3,0,0.48521867394447327,0.47783446311950684
upper_lower,2026|Rounds 1-2|2026-04-18|DN SOOPers|KT Rolster,2026-04-18 10:19:42,DN SOOPers,KT Rolster,3,0,0.4566681385040283,0.4351649284362793
upper_lower,2026|Rounds 1-2|2026-04-19|HANJIN BRION|Nongshim RedForce,2026-04-19 08:06:04,HANJIN BRION,Nongshim RedForce,3,0,0.4784405529499054,0.4676808714866638
upper_lower,2026|Rounds 1-2|2026-04-19|Kiwoom DRX|T1,2026-04-19 11:23:50,Kiwoom DRX,T1,3,0,0.49119147658348083,0.4867886006832123
upper_lower,2026|Rounds 1-2|2026-04-22|KT Rolster|Kiwoom DRX,2026-04-22 08:04:37,KT Rolster,Kiwoom DRX,3,1,0.5394823551177979,0.5591004490852356
upper_lower,2026|Rounds 1-2|2026-04-22|Hanwha Life Esports|Nongshim RedForce,2026-04-22 10:16:00,Hanwha Life Esports,Nongshim RedForce,3,1,0.5099374651908875,0.514904260635376
upper_lower,2026|Rounds 1-2|2026-04-23|Dplus Kia|HANJIN BRION,2026-04-23 08:05:27,Dplus Kia,HANJIN BRION,3,1,0.5042130351066589,0.5063194036483765
upper_lower,2026|Rounds 1-2|2026-04-23|DN SOOPers|Gen.G,2026-04-23 10:15:14,DN SOOPers,Gen.G,3,0,0.4708627760410309,0.4563436508178711
upper_lower,2026|Rounds 1-2|2026-04-24|BNK FEARX|KT Rolster,2026-04-24 08:07:08,BNK FEARX,KT Rolster,3,0,0.4843871593475342,0.4765883684158325
upper_lower,2026|Rounds 1-2|2026-04-24|Hanwha Life Esports|Kiwoom DRX,2026-04-24 10:32:53,Hanwha Life Esports,Kiwoom DRX,3,1,0.5479993224143982,0.5717778205871582
upper_lower,2026|Rounds 1-2|2026-04-25|HANJIN BRION|T1,2026-04-25 08:07:29,HANJIN BRION,T1,3,0,0.4717259407043457,0.4576340913772583
upper_lower,2026|Rounds 1-2|2026-04-25|DN SOOPers|Dplus Kia,2026-04-25 10:52:42,DN SOOPers,Dplus Kia,3,0,0.4555175304412842,0.4334523677825928
upper_lower,2026|Rounds 1-2|2026-04-26|BNK FEARX|T1,2026-04-26 08:06:17,BNK FEARX,T1,3,0,0.47548627853393555,0.46325886249542236
upper_lower,2026|Rounds 1-2|2026-04-26|Gen.G|Nongshim RedForce,2026-04-26 10:15:14,Gen.G,Nongshim RedForce,3,1,0.5234820246696472,0.5351971387863159
upper_lower,2026|Rounds 1-2|2026-04-29|Nongshim RedForce|T1,2026-04-29 08:05:12,Nongshim RedForce,T1,3,0,0.44984161853790283,0.425014853477478
upper_lower,2026|Rounds 1-2|2026-04-29|Hanwha Life Esports|KT Rolster,2026-04-29 10:15:19,Hanwha Life Esports,KT Rolster,3,1,0.49536195397377014,0.49304312467575073
upper_lower,2026|Rounds 1-2|2026-04-30|Gen.G|Kiwoom DRX,2026-04-30 08:06:44,Gen.G,Kiwoom DRX,3,1,0.551123857498169,0.5764185786247253
upper_lower,2026|Rounds 1-2|2026-04-30|BNK FEARX|Dplus Kia,2026-04-30 11:13:48,BNK FEARX,Dplus Kia,3,0,0.4592152535915375,0.4389585852622986
upper_lower,2026|Rounds 1-2|2026-05-01|DN SOOPers|HANJIN BRION,2026-05-01 08:06:11,DN SOOPers,HANJIN BRION,3,0,0.49376824498176575,0.490652859210968
upper_lower,2026|Rounds 1-2|2026-05-01|Hanwha Life Esports|T1,2026-05-01 10:22:34,Hanwha Life Esports,T1,3,1,0.5007531046867371,0.501129686832428
upper_lower,2026|Rounds 1-2|2026-05-02|Dplus Kia|Gen.G,2026-05-02 08:06:29,Dplus Kia,Gen.G,3,0,0.49844491481781006,0.4976674020290375
upper_lower,2026|Rounds 1-2|2026-05-02|Kiwoom DRX|Nongshim RedForce,2026-05-02 11:03:54,Kiwoom DRX,Nongshim RedForce,3,1,0.5004114508628845,0.5006172060966492
upper_lower,2026|Rounds 1-2|2026-05-03|HANJIN BRION|KT Rolster,2026-05-03 08:05:43,HANJIN BRION,KT Rolster,3,1,0.4700973331928253,0.4551995098590851
upper_lower,2026|Rounds 1-2|2026-05-03|BNK FEARX|DN SOOPers,2026-05-03 10:24:27,BNK FEARX,DN SOOPers,3,1,0.49084487557411194,0.4862688481807709
upper_lower,2026|Rounds 1-2|2026-05-06|Gen.G|Nongshim RedForce,2026-05-06 08:06:15,Gen.G,Nongshim RedForce,3,1,0.5308417677879333,0.5462039113044739
upper_lower,2026|Rounds 1-2|2026-05-06|DN SOOPers|Hanwha Life Esports,2026-05-06 10:34:43,DN SOOPers,Hanwha Life Esports,3,0,0.4581039249897003,0.43730300664901733
upper_lower,2026|Rounds 1-2|2026-05-07|Dplus Kia|KT Rolster,2026-05-07 08:07:34,Dplus Kia,KT Rolster,3,0,0.5104820132255554,0.515720784664154
upper_lower,2026|Rounds 1-2|2026-05-07|BNK FEARX|HANJIN BRION,2026-05-07 10:30:17,BNK FEARX,HANJIN BRION,3,0,0.48837539553642273,0.482566237449646
upper_lower,2026|Rounds 1-2|2026-05-08|DN SOOPers|T1,2026-05-08 08:05:48,DN SOOPers,T1,3,0,0.4603351354598999,0.44062745571136475
upper_lower,2026|Rounds 1-2|2026-05-08|Gen.G|Kiwoom DRX,2026-05-08 10:40:52,Gen.G,Kiwoom DRX,3,1,0.523091733455658,0.5346129536628723
upper_lower,2026|Rounds 1-2|2026-05-09|BNK FEARX|KT Rolster,2026-05-09 08:06:41,BNK FEARX,KT Rolster,3,1,0.5250021815299988,0.5374720096588135
upper_lower,2026|Rounds 1-2|2026-05-09|HANJIN BRION|Nongshim RedForce,2026-05-09 10:15:45,HANJIN BRION,Nongshim RedForce,3,1,0.5281775593757629,0.5422215461730957
upper_lower,2026|Rounds 1-2|2026-05-10|Dplus Kia|T1,2026-05-10 08:09:29,Dplus Kia,T1,3,0,0.47476378083229065,0.4621778130531311
upper_lower,2026|Rounds 1-2|2026-05-10|Hanwha Life Esports|Kiwoom DRX,2026-05-10 10:31:52,Hanwha Life Esports,Kiwoom DRX,3,1,0.5284274220466614,0.5425951480865479
upper_lower,2026|Rounds 1-2|2026-05-13|Nongshim RedForce|T1,2026-05-13 08:06:21,Nongshim RedForce,T1,3,0,0.476995587348938,0.4655177593231201
upper_lower,2026|Rounds 1-2|2026-05-13|DN SOOPers|Dplus Kia,2026-05-13 10:12:11,DN SOOPers,Dplus Kia,3,0,0.485949844121933,0.4789302945137024
upper_lower,2026|Rounds 1-2|2026-05-14|BNK FEARX|Gen.G,2026-05-14 08:07:03,BNK FEARX,Gen.G,3,0,0.4860498011112213,0.47908011078834534
upper_lower,2026|Rounds 1-2|2026-05-14|KT Rolster|Kiwoom DRX,2026-05-14 10:15:56,KT Rolster,Kiwoom DRX,3,1,0.5078513026237488,0.5117759704589844
upper_lower,2026|Rounds 1-2|2026-05-15|Dplus Kia|Hanwha Life Esports,2026-05-15 08:07:51,Dplus Kia,Hanwha Life Esports,3,0,0.4875544607639313,0.4813355803489685
upper_lower,2026|Rounds 1-2|2026-05-15|DN SOOPers|HANJIN BRION,2026-05-15 10:22:39,DN SOOPers,HANJIN BRION,3,0,0.4456597864627838,0.4188106060028076
upper_lower,2026|Rounds 1-2|2026-05-16|Gen.G|T1,2026-05-16 08:05:55,Gen.G,T1,3,0,0.4992281496524811,0.4988422393798828
upper_lower,2026|Rounds 1-2|2026-05-16|BNK FEARX|Nongshim RedForce,2026-05-16 11:30:05,BNK FEARX,Nongshim RedForce,3,1,0.524329423904419,0.5364654064178467
upper_lower,2026|Rounds 1-2|2026-05-17|Hanwha Life Esports|KT Rolster,2026-05-17 08:05:58,Hanwha Life Esports,KT Rolster,3,0,0.5284026265144348,0.5425580739974976
upper_lower,2026|Rounds 1-2|2026-05-17|HANJIN BRION|Kiwoom DRX,2026-05-17 11:06:33,HANJIN BRION,Kiwoom DRX,3,0,0.5484671592712402,0.5724730491638184
upper_lower,2026|Rounds 1-2|2026-05-20|Kiwoom DRX|T1,2026-05-20 08:05:29,Kiwoom DRX,T1,3,0,0.48545601963996887,0.47819018363952637
upper_lower,2026|Rounds 1-2|2026-05-20|KT Rolster|Nongshim RedForce,2026-05-20 11:01:11,KT Rolster,Nongshim RedForce,3,1,0.5153236389160156,0.5229781866073608
upper_lower,2026|Rounds 1-2|2026-05-21|BNK FEARX|Hanwha Life Esports,2026-05-21 08:06:57,BNK FEARX,Hanwha Life Esports,3,0,0.49933409690856934,0.499001145362854
upper_lower,2026|Rounds 1-2|2026-05-21|Dplus Kia|HANJIN BRION,2026-05-21 10:22:05,Dplus Kia,HANJIN BRION,3,1,0.497536301612854,0.496304452419281
upper_lower,2026|Rounds 1-2|2026-05-22|DN SOOPers|Kiwoom DRX,2026-05-22 08:06:39,DN SOOPers,Kiwoom DRX,3,0,0.48401668667793274,0.47603321075439453
upper_lower,2026|Rounds 1-2|2026-05-22|Gen.G|KT Rolster,2026-05-22 10:20:35,Gen.G,KT Rolster,3,1,0.49552392959594727,0.4932861030101776
upper_lower,2026|Rounds 1-2|2026-05-23|BNK FEARX|Dplus Kia,2026-05-23 08:06:07,BNK FEARX,Dplus Kia,3,0,0.5046707987785339,0.5070059895515442
upper_lower,2026|Rounds 1-2|2026-05-23|Hanwha Life Esports|Nongshim RedForce,2026-05-23 11:15:14,Hanwha Life Esports,Nongshim RedForce,3,1,0.5197469592094421,0.5296050310134888
upper_lower,2026|Rounds 1-2|2026-05-24|DN SOOPers|Gen.G,2026-05-24 08:06:42,DN SOOPers,Gen.G,3,0,0.4731951951980591,0.4598313570022583
upper_lower,2026|Rounds 1-2|2026-05-24|HANJIN BRION|T1,2026-05-24 10:10:10,HANJIN BRION,T1,3,0,0.46863165497779846,0.4530091881752014
upper_lower,2026|Rounds 1-2|2026-05-27|Gen.G|Hanwha Life Esports,2026-05-27 08:06:37,Gen.G,Hanwha Life Esports,3,1,0.5033268928527832,0.5049902200698853
upper_lower,2026|Rounds 1-2|2026-05-27|BNK FEARX|Kiwoom DRX,2026-05-27 11:17:26,BNK FEARX,Kiwoom DRX,3,1,0.5024258494377136,0.5036386847496033
upper_lower,2026|Rounds 1-2|2026-05-28|DN SOOPers|Nongshim RedForce,2026-05-28 08:03:36,DN SOOPers,Nongshim RedForce,3,0,0.4882982075214386,0.4824504852294922
upper_lower,2026|Rounds 1-2|2026-05-28|KT Rolster|T1,2026-05-28 11:03:41,KT Rolster,T1,3,0,0.4786941707134247,0.46806061267852783
upper_lower,2026|Rounds 1-2|2026-05-29|Dplus Kia|Kiwoom DRX,2026-05-29 08:09:08,Dplus Kia,Kiwoom DRX,3,1,0.5033631920814514,0.5050447583198547
upper_lower,2026|Rounds 1-2|2026-05-29|Gen.G|HANJIN BRION,2026-05-29 11:07:01,Gen.G,HANJIN BRION,3,1,0.5406113862991333,0.5607831478118896
upper_lower,2026|Rounds 1-2|2026-05-30|DN SOOPers|KT Rolster,2026-05-30 08:05:58,DN SOOPers,KT Rolster,3,0,0.4852125346660614,0.4778252840042114
upper_lower,2026|Rounds 1-2|2026-05-30|BNK FEARX|T1,2026-05-30 10:20:58,BNK FEARX,T1,3,0,0.494913786649704,0.4923709034919739
upper_lower,2026|Rounds 1-2|2026-05-31|HANJIN BRION|Hanwha Life Esports,2026-05-31 08:06:48,HANJIN BRION,Hanwha Life Esports,3,0,0.47578322887420654,0.4637032449245453
upper_lower,2026|Rounds 1-2|2026-05-31|Dplus Kia|Nongshim RedForce,2026-05-31 10:17:32,Dplus Kia,Nongshim RedForce,3,1,0.5161779522895813,0.5242584943771362
upper_lower,2026|Rounds 1-2|2026-06-06|Dplus Kia|HANJIN BRION,2026-06-06 08:12:31,Dplus Kia,HANJIN BRION,5,1,0.5442448258399963,0.5825269222259521
upper_lower,2026|Rounds 1-2|2026-06-07|Dplus Kia|KT Rolster,2026-06-07 08:09:33,Dplus Kia,KT Rolster,5,0,0.5254479050636292,0.5476324558258057
upper_lower,2026|Rounds 1-2|2026-06-12|Hanwha Life Esports|T1,2026-06-12 08:25:00,Hanwha Life Esports,T1,5,1,0.4792881906032562,0.4612097144126892
upper_lower,2026|Rounds 1-2|2026-06-13|Gen.G|KT Rolster,2026-06-13 06:22:36,Gen.G,KT Rolster,5,1,0.5421995520591736,0.578749418258667
upper_lower,2026|Rounds 1-2|2026-06-14|Gen.G|T1,2026-06-14 06:27:21,Gen.G,T1,5,0,0.517646849155426,0.5330603122711182
upper_lower,2026|Rounds 3-4|2026-07-29|Kiwoom DRX|Nongshim RedForce,2026-07-29 08:05:41,Kiwoom DRX,Nongshim RedForce,3,0,0.505159318447113,0.5077386498451233
upper_lower,2026|Rounds 3-4|2026-07-29|KT Rolster|T1,2026-07-29 10:14:12,KT Rolster,T1,3,1,0.4773554801940918,0.4660564661026001
upper_lower,2026|Rounds 3-4|2026-07-30|BNK FEARX|DN SOOPers,2026-07-30 08:07:12,BNK FEARX,DN SOOPers,3,1,0.5273191332817078,0.5409379601478577
upper_lower,2026|Rounds 3-4|2026-07-30|Dplus Kia|Hanwha Life Esports,2026-07-30 10:17:39,Dplus Kia,Hanwha Life Esports,3,1,0.49486300349235535,0.4922947883605957
upper_lower,2026|Rounds 3-4|2026-07-31|Gen.G|T1,2026-07-31 08:15:35,Gen.G,T1,3,0,0.4894879162311554,0.4842342436313629
upper_lower,2026|Rounds 3-4|2026-07-31|HANJIN BRION|Kiwoom DRX,2026-07-31 10:28:31,HANJIN BRION,Kiwoom DRX,3,0,0.49086102843284607,0.48629307746887207
upper_lower,2026|Rounds 3-4|2026-08-01|BNK FEARX|Nongshim RedForce,2026-08-01 08:05:28,BNK FEARX,Nongshim RedForce,3,0,0.5100030899047852,0.5150026679039001
upper_lower,2026|Rounds 3-4|2026-08-02|DN SOOPers|HANJIN BRION,2026-08-02 08:07:10,DN SOOPers,HANJIN BRION,3,1,0.49529460072517395,0.49294209480285645
upper_lower,2026|Rounds 3-4|2026-08-02|Hanwha Life Esports|KT Rolster,2026-08-02 11:27:57,Hanwha Life Esports,KT Rolster,3,0,0.5309556126594543,0.5463741421699524
upper_lower,2026|Rounds 3-4|2026-08-05|HANJIN BRION|Nongshim RedForce,2026-08-05 08:04:53,HANJIN BRION,Nongshim RedForce,3,1,0.4618434011936188,0.4428762197494507
upper_lower,2026|Rounds 3-4|2026-08-05|Gen.G|Hanwha Life Esports,2026-08-05 11:19:04,Gen.G,Hanwha Life Esports,3,1,0.48074451088905334,0.47113102674484253
upper_lower,2026|Rounds 3-4|2026-08-06|DN SOOPers|Kiwoom DRX,2026-08-06 08:07:39,DN SOOPers,Kiwoom DRX,3,0,0.4894237220287323,0.48413798213005066
upper_lower,2026|Rounds 3-4|2026-08-06|Dplus Kia|T1,2026-08-06 10:15:34,Dplus Kia,T1,3,0,0.5011062622070312,0.5016593933105469
upper_lower,2026|Rounds 3-4|2026-08-07|Gen.G|KT Rolster,2026-08-07 08:07:40,Gen.G,KT Rolster,3,1,0.5067304372787476,0.5100950598716736
upper_lower,2026|Rounds 3-4|2026-08-07|BNK FEARX|HANJIN BRION,2026-08-07 10:11:30,BNK FEARX,HANJIN BRION,3,0,0.510083019733429,0.5151224732398987
upper_lower,2026|Rounds 3-4|2026-08-08|Hanwha Life Esports|T1,2026-08-08 08:08:11,Hanwha Life Esports,T1,3,1,0.4834837019443512,0.4752345383167267
upper_lower,2026|Rounds 3-4|2026-08-08|DN SOOPers|Nongshim RedForce,2026-08-08 11:16:34,DN SOOPers,Nongshim RedForce,3,1,0.49655482172966003,0.4948323369026184
upper_lower,2026|Rounds 3-4|2026-08-09|Dplus Kia|KT Rolster,2026-08-09 08:07:07,Dplus Kia,KT Rolster,3,1,0.4985257089138031,0.49778857827186584
upper_lower,2026|Rounds 3-4|2026-08-09|BNK FEARX|Kiwoom DRX,2026-08-09 11:01:09,BNK FEARX,Kiwoom DRX,3,1,0.46961188316345215,0.45447394251823425
upper_lower,2026|Rounds 3-4|2026-08-12|DN SOOPers|Nongshim RedForce,2026-08-12 08:07:18,DN SOOPers,Nongshim RedForce,3,1,0.4867649972438812,0.4801521301269531
upper_lower,2026|Rounds 3-4|2026-08-12|Dplus Kia|KT Rolster,2026-08-12 11:02:08,Dplus Kia,KT Rolster,3,1,0.5080855488777161,0.5121272802352905
upper_lower,2026|Rounds 3-4|2026-08-13|BNK FEARX|Kiwoom DRX,2026-08-13 08:06:50,BNK FEARX,Kiwoom DRX,3,1,0.5028968453407288,0.5043452978134155
upper_lower,2026|Rounds 3-4|2026-08-13|Gen.G|Hanwha Life Esports,2026-08-13 11:04:48,Gen.G,Hanwha Life Esports,3,1,0.5246590971946716,0.536958634853363
upper_lower,2026|Rounds 3-4|2026-08-14|Dplus Kia|T1,2026-08-14 08:08:00,Dplus Kia,T1,3,1,0.5043553709983826,0.5065329074859619
upper_lower,2026|Rounds 3-4|2026-08-14|HANJIN BRION|Nongshim RedForce,2026-08-14 11:28:48,HANJIN BRION,Nongshim RedForce,3,0,0.5142063498497009,0.5213037729263306
upper_lower,2026|Rounds 3-4|2026-08-15|Hanwha Life Esports|KT Rolster,2026-08-15 08:08:03,Hanwha Life Esports,KT Rolster,3,1,0.5166630744934082,0.5249854326248169
upper_lower,2026|Rounds 3-4|2026-08-15|BNK FEARX|DN SOOPers,2026-08-15 11:08:43,BNK FEARX,DN SOOPers,3,0,0.5307571291923523,0.5460776090621948
upper_lower,2026|Rounds 3-4|2026-08-16|Gen.G|T1,2026-08-16 08:07:26,Gen.G,T1,3,1,0.5296141505241394,0.5443693399429321
upper_lower,2026|Rounds 3-4|2026-08-16|HANJIN BRION|Kiwoom DRX,2026-08-16 10:44:01,HANJIN BRION,Kiwoom DRX,3,1,0.522078812122345,0.5330966711044312
upper_lower,2026|Rounds 3-4|2026-08-19|Gen.G|KT Rolster,2026-08-19 08:05:49,Gen.G,KT Rolster,3,1,0.5454158782958984,0.5679364204406738
upper_lower,2026|Rounds 3-4|2026-08-19|DN SOOPers|HANJIN BRION,2026-08-19 11:22:14,DN SOOPers,HANJIN BRION,3,0,0.5183241367340088,0.5274739265441895
upper_lower,2026|Rounds 3-4|2026-08-20|Dplus Kia|Hanwha Life Esports,2026-08-20 08:07:41,Dplus Kia,Hanwha Life Esports,3,0,0.5052099823951721,0.5078147649765015
upper_lower,2026|Rounds 3-4|2026-08-20|Kiwoom DRX|Nongshim RedForce,2026-08-20 10:33:18,Kiwoom DRX,Nongshim RedForce,3,0,0.46500444412231445,0.4475923478603363
upper_lower,2026|Rounds 3-4|2026-08-21|BNK FEARX|HANJIN BRION,2026-08-21 08:07:26,BNK FEARX,HANJIN BRION,3,1,0.4896778166294098,0.4845189154148102
upper_lower,2026|Rounds 3-4|2026-08-21|KT Rolster|T1,2026-08-21 11:24:11,KT Rolster,T1,3,0,0.4955439567565918,0.4933161437511444
upper_lower,2026|Rounds 3-4|2026-08-22|Dplus Kia|Gen.G,2026-08-22 08:08:17,Dplus Kia,Gen.G,3,1,0.4758012592792511,0.46373024582862854
upper_lower,2026|Rounds 3-4|2026-08-22|DN SOOPers|Kiwoom DRX,2026-08-22 11:31:02,DN SOOPers,Kiwoom DRX,3,1,0.5116944313049316,0.5175384879112244
upper_lower,2026|Rounds 3-4|2026-08-23|Hanwha Life Esports|T1,2026-08-23 08:07:42,Hanwha Life Esports,T1,3,1,0.5126765370368958,0.5190107226371765
upper_lower,2026|Rounds 3-4|2026-08-23|BNK FEARX|Nongshim RedForce,2026-08-23 10:20:23,BNK FEARX,Nongshim RedForce,3,0,0.48512184619903564,0.47768932580947876
upper_lower,2026|Rounds 3-4|2026-08-26|HANJIN BRION|KT Rolster,2026-08-26 08:08:21,HANJIN BRION,KT Rolster,5,0,0.508789598941803,0.516477108001709
upper_lower,2026|Rounds 3-4|2026-08-27|BNK FEARX|Nongshim RedForce,2026-08-27 08:07:15,BNK FEARX,Nongshim RedForce,5,1,0.4644087255001068,0.43349140882492065
upper_lower,2026|Rounds 3-4|2026-08-28|BNK FEARX|HANJIN BRION,2026-08-28 08:06:46,BNK FEARX,HANJIN BRION,5,1,0.499727338552475,0.4994887709617615
upper_lower,2026|Rounds 3-4|2026-08-29|BNK FEARX|T1,2026-08-29 08:07:39,BNK FEARX,T1,5,0,0.490884393453598,0.4829120934009552
upper_lower,2026|Rounds 3-4|2026-08-30|Dplus Kia|KT Rolster,2026-08-30 08:10:04,Dplus Kia,KT Rolster,5,0,0.49631810188293457,0.4930967688560486
upper_lower,2026|Rounds 3-4|2026-09-01|Gen.G|KT Rolster,2026-09-01 08:11:13,Gen.G,KT Rolster,5,1,0.48267045617103577,0.4675331711769104
upper_lower,2026|Rounds 3-4|2026-09-02|Hanwha Life Esports|T1,2026-09-02 08:11:08,Hanwha Life Esports,T1,5,1,0.5071218609809875,0.5133516192436218
upper_lower,2026|Rounds 3-4|2026-09-03|BNK FEARX|Dplus Kia,2026-09-03 08:07:55,BNK FEARX,Dplus Kia,5,0,0.48664721846580505,0.47497543692588806
upper_lower,2026|Rounds 3-4|2026-09-04|Dplus Kia|KT Rolster,2026-09-04 08:07:52,Dplus Kia,KT Rolster,5,1,0.5185427665710449,0.5347357988357544
upper_lower,2026|Rounds 3-4|2026-09-05|Gen.G|Hanwha Life Esports,2026-09-05 08:08:15,Gen.G,Hanwha Life Esports,5,1,0.49129319190979004,0.48367810249328613
upper_lower,2026|Rounds 3-4|2026-09-06|Dplus Kia|T1,2026-09-06 08:09:36,Dplus Kia,T1,5,0,0.5283535122871399,0.5530490875244141
upper_lower,2026|Rounds 3-4|2026-09-12|Hanwha Life Esports|T1,2026-09-12 05:21:16,Hanwha Life Esports,T1,5,1,0.48391297459602356,0.4698576033115387
