variant,seed,series_key,y,p
base_7,42,2026|Cup|2026-02-08|Kiwoom DRX|Nongshim RedForce,1,0.5077382326126099
base_7,42,2026|Cup|2026-02-12|BNK FEARX|DN SOOPers,1,0.4761543869972229
base_7,42,2026|Cup|2026-02-13|Dplus Kia|Kiwoom DRX,1,0.5602733492851257
base_7,42,2026|Cup|2026-02-14|Dplus Kia|Gen.G,0,0.5494723320007324
base_7,42,2026|Cup|2026-02-15|BNK FEARX|T1,1,0.4965546131134033
base_7,42,2026|Cup|2026-02-19|DN SOOPers|Kiwoom DRX,1,0.54439377784729
base_7,42,2026|Cup|2026-02-20|DN SOOPers|Dplus Kia,0,0.5440523624420166
base_7,42,2026|Cup|2026-02-21|BNK FEARX|Gen.G,0,0.5741618871688843
base_7,42,2026|Cup|2026-02-22|Dplus Kia|T1,1,0.5453898906707764
base_7,42,2026|Cup|2026-02-28|BNK FEARX|Dplus Kia,1,0.4195944368839264
base_7,42,2026|Cup|2026-03-01|BNK FEARX|Gen.G,0,0.4111311733722687
base_7,42,2026|Rounds 1-2|2026-04-01|HANJIN BRION|Hanwha Life Esports,0,0.4625445604324341
base_7,42,2026|Rounds 1-2|2026-04-01|KT Rolster|T1,1,0.5478044748306274
base_7,42,2026|Rounds 1-2|2026-04-02|Dplus Kia|Nongshim RedForce,0,0.5134472846984863
base_7,42,2026|Rounds 1-2|2026-04-02|DN SOOPers|Kiwoom DRX,1,0.55344557762146
base_7,42,2026|Rounds 1-2|2026-04-03|Gen.G|KT Rolster,0,0.5353940725326538
base_7,42,2026|Rounds 1-2|2026-04-03|BNK FEARX|HANJIN BRION,0,0.6446239352226257
base_7,42,2026|Rounds 1-2|2026-04-04|Hanwha Life Esports|T1,0,0.6092570424079895
base_7,42,2026|Rounds 1-2|2026-04-04|Dplus Kia|Kiwoom DRX,1,0.40689876675605774
base_7,42,2026|Rounds 1-2|2026-04-05|DN SOOPers|Nongshim RedForce,0,0.49843090772628784
base_7,42,2026|Rounds 1-2|2026-04-05|BNK FEARX|Gen.G,0,0.5275243520736694
base_7,42,2026|Rounds 1-2|2026-04-08|Dplus Kia|Hanwha Life Esports,0,0.45609498023986816
base_7,42,2026|Rounds 1-2|2026-04-08|Gen.G|T1,1,0.5335993766784668
base_7,42,2026|Rounds 1-2|2026-04-09|HANJIN BRION|Kiwoom DRX,0,0.447537362575531
base_7,42,2026|Rounds 1-2|2026-04-09|KT Rolster|Nongshim RedForce,1,0.45341745018959045
base_7,42,2026|Rounds 1-2|2026-04-10|DN SOOPers|T1,0,0.48138517141342163
base_7,42,2026|Rounds 1-2|2026-04-10|BNK FEARX|Hanwha Life Esports,0,0.4143136441707611
base_7,42,2026|Rounds 1-2|2026-04-11|Kiwoom DRX|Nongshim RedForce,1,0.4449739158153534
base_7,42,2026|Rounds 1-2|2026-04-11|Dplus Kia|Gen.G,1,0.3853563666343689
base_7,42,2026|Rounds 1-2|2026-04-12|BNK FEARX|DN SOOPers,1,0.5217142105102539
base_7,42,2026|Rounds 1-2|2026-04-12|HANJIN BRION|KT Rolster,0,0.43620210886001587
base_7,42,2026|Rounds 1-2|2026-04-15|BNK FEARX|Nongshim RedForce,0,0.4954375624656677
base_7,42,2026|Rounds 1-2|2026-04-15|Dplus Kia|KT Rolster,0,0.42542776465415955
base_7,42,2026|Rounds 1-2|2026-04-16|Gen.G|HANJIN BRION,1,0.5613795518875122
base_7,42,2026|Rounds 1-2|2026-04-16|DN SOOPers|Hanwha Life Esports,0,0.297092467546463
base_7,42,2026|Rounds 1-2|2026-04-17|BNK FEARX|Kiwoom DRX,1,0.5021708011627197
base_7,42,2026|Rounds 1-2|2026-04-17|Dplus Kia|T1,1,0.531519889831543
base_7,42,2026|Rounds 1-2|2026-04-18|Gen.G|Hanwha Life Esports,0,0.400743305683136
base_7,42,2026|Rounds 1-2|2026-04-18|DN SOOPers|KT Rolster,0,0.36158064007759094
base_7,42,2026|Rounds 1-2|2026-04-19|HANJIN BRION|Nongshim RedForce,0,0.4199959635734558
base_7,42,2026|Rounds 1-2|2026-04-19|Kiwoom DRX|T1,0,0.4633343517780304
base_7,42,2026|Rounds 1-2|2026-04-22|KT Rolster|Kiwoom DRX,1,0.6172639727592468
base_7,42,2026|Rounds 1-2|2026-04-22|Hanwha Life Esports|Nongshim RedForce,1,0.5509214997291565
base_7,42,2026|Rounds 1-2|2026-04-23|Dplus Kia|HANJIN BRION,1,0.5114719867706299
base_7,42,2026|Rounds 1-2|2026-04-23|DN SOOPers|Gen.G,0,0.4073399305343628
base_7,42,2026|Rounds 1-2|2026-04-24|BNK FEARX|KT Rolster,0,0.46238502860069275
base_7,42,2026|Rounds 1-2|2026-04-24|Hanwha Life Esports|Kiwoom DRX,1,0.6306121945381165
base_7,42,2026|Rounds 1-2|2026-04-25|HANJIN BRION|T1,0,0.42995527386665344
base_7,42,2026|Rounds 1-2|2026-04-25|DN SOOPers|Dplus Kia,0,0.3429962694644928
base_7,42,2026|Rounds 1-2|2026-04-26|BNK FEARX|T1,0,0.4368896782398224
base_7,42,2026|Rounds 1-2|2026-04-26|Gen.G|Nongshim RedForce,1,0.568667471408844
base_7,42,2026|Rounds 1-2|2026-04-29|Nongshim RedForce|T1,0,0.37349870800971985
base_7,42,2026|Rounds 1-2|2026-04-29|Hanwha Life Esports|KT Rolster,1,0.49557316303253174
base_7,42,2026|Rounds 1-2|2026-04-30|Gen.G|Kiwoom DRX,1,0.676974356174469
base_7,42,2026|Rounds 1-2|2026-04-30|BNK FEARX|Dplus Kia,0,0.3868705630302429
base_7,42,2026|Rounds 1-2|2026-05-01|DN SOOPers|HANJIN BRION,0,0.4476419687271118
base_7,42,2026|Rounds 1-2|2026-05-01|Hanwha Life Esports|T1,1,0.4683804214000702
base_7,42,2026|Rounds 1-2|2026-05-02|Dplus Kia|Gen.G,0,0.5208103060722351
base_7,42,2026|Rounds 1-2|2026-05-02|Kiwoom DRX|Nongshim RedForce,1,0.4723297655582428
base_7,42,2026|Rounds 1-2|2026-05-03|HANJIN BRION|KT Rolster,1,0.45250120759010315
base_7,42,2026|Rounds 1-2|2026-05-03|BNK FEARX|DN SOOPers,1,0.5543588995933533
base_7,42,2026|Rounds 1-2|2026-05-06|Gen.G|Nongshim RedForce,1,0.5917877554893494
base_7,42,2026|Rounds 1-2|2026-05-06|DN SOOPers|Hanwha Life Esports,0,0.38812199234962463
base_7,42,2026|Rounds 1-2|2026-05-07|Dplus Kia|KT Rolster,0,0.5572305917739868
base_7,42,2026|Rounds 1-2|2026-05-07|BNK FEARX|HANJIN BRION,0,0.4761180281639099
base_7,42,2026|Rounds 1-2|2026-05-08|DN SOOPers|T1,0,0.4265366196632385
base_7,42,2026|Rounds 1-2|2026-05-08|Gen.G|Kiwoom DRX,1,0.5288317203521729
base_7,42,2026|Rounds 1-2|2026-05-09|BNK FEARX|KT Rolster,1,0.5612578988075256
base_7,42,2026|Rounds 1-2|2026-05-09|HANJIN BRION|Nongshim RedForce,1,0.6613598465919495
base_7,42,2026|Rounds 1-2|2026-05-10|Dplus Kia|T1,0,0.5277644395828247
base_7,42,2026|Rounds 1-2|2026-05-10|Hanwha Life Esports|Kiwoom DRX,1,0.6153059601783752
base_7,42,2026|Rounds 1-2|2026-05-13|Nongshim RedForce|T1,0,0.3790692090988159
base_7,42,2026|Rounds 1-2|2026-05-13|DN SOOPers|Dplus Kia,0,0.44739070534706116
base_7,42,2026|Rounds 1-2|2026-05-14|BNK FEARX|Gen.G,0,0.4571877717971802
base_7,42,2026|Rounds 1-2|2026-05-14|KT Rolster|Kiwoom DRX,1,0.5158774852752686
base_7,42,2026|Rounds 1-2|2026-05-15|Dplus Kia|Hanwha Life Esports,0,0.4744100868701935
base_7,42,2026|Rounds 1-2|2026-05-15|DN SOOPers|HANJIN BRION,0,0.32352718710899353
base_7,42,2026|Rounds 1-2|2026-05-16|Gen.G|T1,0,0.4812813401222229
base_7,43,2026|Cup|2026-02-08|Kiwoom DRX|Nongshim RedForce,1,0.5178624391555786
base_7,43,2026|Cup|2026-02-12|BNK FEARX|DN SOOPers,1,0.48442068696022034
base_7,43,2026|Cup|2026-02-13|Dplus Kia|Kiwoom DRX,1,0.5064346194267273
base_7,43,2026|Cup|2026-02-14|Dplus Kia|Gen.G,0,0.5155015587806702
base_7,43,2026|Cup|2026-02-15|BNK FEARX|T1,1,0.4931892454624176
base_7,43,2026|Cup|2026-02-19|DN SOOPers|Kiwoom DRX,1,0.5112353563308716
base_7,43,2026|Cup|2026-02-20|DN SOOPers|Dplus Kia,0,0.5091919898986816
base_7,43,2026|Cup|2026-02-21|BNK FEARX|Gen.G,0,0.514277458190918
base_7,43,2026|Cup|2026-02-22|Dplus Kia|T1,1,0.5074251294136047
base_7,43,2026|Cup|2026-02-28|BNK FEARX|Dplus Kia,1,0.4763394296169281
base_7,43,2026|Cup|2026-03-01|BNK FEARX|Gen.G,0,0.48975130915641785
base_7,43,2026|Rounds 1-2|2026-04-01|HANJIN BRION|Hanwha Life Esports,0,0.4906329810619354
base_7,43,2026|Rounds 1-2|2026-04-01|KT Rolster|T1,1,0.5262510776519775
base_7,43,2026|Rounds 1-2|2026-04-02|Dplus Kia|Nongshim RedForce,0,0.5094721913337708
base_7,43,2026|Rounds 1-2|2026-04-02|DN SOOPers|Kiwoom DRX,1,0.5076186656951904
base_7,43,2026|Rounds 1-2|2026-04-03|Gen.G|KT Rolster,0,0.503783106803894
base_7,43,2026|Rounds 1-2|2026-04-03|BNK FEARX|HANJIN BRION,0,0.5372817516326904
base_7,43,2026|Rounds 1-2|2026-04-04|Hanwha Life Esports|T1,0,0.5023642778396606
base_7,43,2026|Rounds 1-2|2026-04-04|Dplus Kia|Kiwoom DRX,1,0.48085349798202515
base_7,43,2026|Rounds 1-2|2026-04-05|DN SOOPers|Nongshim RedForce,0,0.4980766773223877
base_7,43,2026|Rounds 1-2|2026-04-05|BNK FEARX|Gen.G,0,0.5599678754806519
base_7,43,2026|Rounds 1-2|2026-04-08|Dplus Kia|Hanwha Life Esports,0,0.49155834317207336
base_7,43,2026|Rounds 1-2|2026-04-08|Gen.G|T1,1,0.5048596858978271
base_7,43,2026|Rounds 1-2|2026-04-09|HANJIN BRION|Kiwoom DRX,0,0.47181668877601624
base_7,43,2026|Rounds 1-2|2026-04-09|KT Rolster|Nongshim RedForce,1,0.5080311298370361
base_7,43,2026|Rounds 1-2|2026-04-10|DN SOOPers|T1,0,0.4843907952308655
base_7,43,2026|Rounds 1-2|2026-04-10|BNK FEARX|Hanwha Life Esports,0,0.4922524690628052
base_7,43,2026|Rounds 1-2|2026-04-11|Kiwoom DRX|Nongshim RedForce,1,0.4850270450115204
base_7,43,2026|Rounds 1-2|2026-04-11|Dplus Kia|Gen.G,1,0.4982202649116516
base_7,43,2026|Rounds 1-2|2026-04-12|BNK FEARX|DN SOOPers,1,0.49154767394065857
base_7,43,2026|Rounds 1-2|2026-04-12|HANJIN BRION|KT Rolster,0,0.47426944971084595
base_7,43,2026|Rounds 1-2|2026-04-15|BNK FEARX|Nongshim RedForce,0,0.4907030761241913
base_7,43,2026|Rounds 1-2|2026-04-15|Dplus Kia|KT Rolster,0,0.5028376579284668
base_7,43,2026|Rounds 1-2|2026-04-16|Gen.G|HANJIN BRION,1,0.4988018870353699
base_7,43,2026|Rounds 1-2|2026-04-16|DN SOOPers|Hanwha Life Esports,0,0.46382445096969604
base_7,43,2026|Rounds 1-2|2026-04-17|BNK FEARX|Kiwoom DRX,1,0.5183427333831787
base_7,43,2026|Rounds 1-2|2026-04-17|Dplus Kia|T1,1,0.5088163614273071
base_7,43,2026|Rounds 1-2|2026-04-18|Gen.G|Hanwha Life Esports,0,0.47733232378959656
base_7,43,2026|Rounds 1-2|2026-04-18|DN SOOPers|KT Rolster,0,0.4831926226615906
base_7,43,2026|Rounds 1-2|2026-04-19|HANJIN BRION|Nongshim RedForce,0,0.4927158057689667
base_7,43,2026|Rounds 1-2|2026-04-19|Kiwoom DRX|T1,0,0.5014804601669312
base_7,43,2026|Rounds 1-2|2026-04-22|KT Rolster|Kiwoom DRX,1,0.5244646072387695
base_7,43,2026|Rounds 1-2|2026-04-22|Hanwha Life Esports|Nongshim RedForce,1,0.5151225328445435
base_7,43,2026|Rounds 1-2|2026-04-23|Dplus Kia|HANJIN BRION,1,0.5191091299057007
base_7,43,2026|Rounds 1-2|2026-04-23|DN SOOPers|Gen.G,0,0.4677352011203766
base_7,43,2026|Rounds 1-2|2026-04-24|BNK FEARX|KT Rolster,0,0.5199655294418335
base_7,43,2026|Rounds 1-2|2026-04-24|Hanwha Life Esports|Kiwoom DRX,1,0.5214152336120605
base_7,43,2026|Rounds 1-2|2026-04-25|HANJIN BRION|T1,0,0.49805551767349243
base_7,43,2026|Rounds 1-2|2026-04-25|DN SOOPers|Dplus Kia,0,0.4765883684158325
base_7,43,2026|Rounds 1-2|2026-04-26|BNK FEARX|T1,0,0.5033489465713501
base_7,43,2026|Rounds 1-2|2026-04-26|Gen.G|Nongshim RedForce,1,0.5099374055862427
base_7,43,2026|Rounds 1-2|2026-04-29|Nongshim RedForce|T1,0,0.5031982064247131
base_7,43,2026|Rounds 1-2|2026-04-29|Hanwha Life Esports|KT Rolster,1,0.5190482139587402
base_7,43,2026|Rounds 1-2|2026-04-30|Gen.G|Kiwoom DRX,1,0.5350263714790344
base_7,43,2026|Rounds 1-2|2026-04-30|BNK FEARX|Dplus Kia,0,0.4958324730396271
base_7,43,2026|Rounds 1-2|2026-05-01|DN SOOPers|HANJIN BRION,0,0.4675044119358063
base_7,43,2026|Rounds 1-2|2026-05-01|Hanwha Life Esports|T1,1,0.4979259967803955
base_7,43,2026|Rounds 1-2|2026-05-02|Dplus Kia|Gen.G,0,0.5124018788337708
base_7,43,2026|Rounds 1-2|2026-05-02|Kiwoom DRX|Nongshim RedForce,1,0.47641342878341675
base_7,43,2026|Rounds 1-2|2026-05-03|HANJIN BRION|KT Rolster,1,0.5015888214111328
base_7,43,2026|Rounds 1-2|2026-05-03|BNK FEARX|DN SOOPers,1,0.5305706262588501
base_7,43,2026|Rounds 1-2|2026-05-06|Gen.G|Nongshim RedForce,1,0.5206294059753418
base_7,43,2026|Rounds 1-2|2026-05-06|DN SOOPers|Hanwha Life Esports,0,0.4535183310508728
base_7,43,2026|Rounds 1-2|2026-05-07|Dplus Kia|KT Rolster,0,0.5170738697052002
base_7,43,2026|Rounds 1-2|2026-05-07|BNK FEARX|HANJIN BRION,0,0.4878116548061371
base_7,43,2026|Rounds 1-2|2026-05-08|DN SOOPers|T1,0,0.49117740988731384
base_7,43,2026|Rounds 1-2|2026-05-08|Gen.G|Kiwoom DRX,1,0.4923451542854309
base_7,43,2026|Rounds 1-2|2026-05-09|BNK FEARX|KT Rolster,1,0.543707013130188
base_7,43,2026|Rounds 1-2|2026-05-09|HANJIN BRION|Nongshim RedForce,1,0.5165902376174927
base_7,43,2026|Rounds 1-2|2026-05-10|Dplus Kia|T1,0,0.5442900657653809
base_7,43,2026|Rounds 1-2|2026-05-10|Hanwha Life Esports|Kiwoom DRX,1,0.5259379744529724
base_7,43,2026|Rounds 1-2|2026-05-13|Nongshim RedForce|T1,0,0.4981862008571625
base_7,43,2026|Rounds 1-2|2026-05-13|DN SOOPers|Dplus Kia,0,0.48854759335517883
base_7,43,2026|Rounds 1-2|2026-05-14|BNK FEARX|Gen.G,0,0.498217910528183
base_7,43,2026|Rounds 1-2|2026-05-14|KT Rolster|Kiwoom DRX,1,0.5025724172592163
base_7,43,2026|Rounds 1-2|2026-05-15|Dplus Kia|Hanwha Life Esports,0,0.49144619703292847
base_7,43,2026|Rounds 1-2|2026-05-15|DN SOOPers|HANJIN BRION,0,0.473633736371994
base_7,43,2026|Rounds 1-2|2026-05-16|Gen.G|T1,0,0.48308855295181274
base_7,44,2026|Cup|2026-02-08|Kiwoom DRX|Nongshim RedForce,1,0.5100425481796265
base_7,44,2026|Cup|2026-02-12|BNK FEARX|DN SOOPers,1,0.468307226896286
base_7,44,2026|Cup|2026-02-13|Dplus Kia|Kiwoom DRX,1,0.5569535493850708
base_7,44,2026|Cup|2026-02-14|Dplus Kia|Gen.G,0,0.5278855562210083
base_7,44,2026|Cup|2026-02-15|BNK FEARX|T1,1,0.49711427092552185
base_7,44,2026|Cup|2026-02-19|DN SOOPers|Kiwoom DRX,1,0.5373885631561279
base_7,44,2026|Cup|2026-02-20|DN SOOPers|Dplus Kia,0,0.5580047965049744
base_7,44,2026|Cup|2026-02-21|BNK FEARX|Gen.G,0,0.5571390390396118
base_7,44,2026|Cup|2026-02-22|Dplus Kia|T1,1,0.5601971745491028
base_7,44,2026|Cup|2026-02-28|BNK FEARX|Dplus Kia,1,0.4361529052257538
base_7,44,2026|Cup|2026-03-01|BNK FEARX|Gen.G,0,0.4152567684650421
base_7,44,2026|Rounds 1-2|2026-04-01|HANJIN BRION|Hanwha Life Esports,0,0.46269693970680237
base_7,44,2026|Rounds 1-2|2026-04-01|KT Rolster|T1,1,0.5573612451553345
base_7,44,2026|Rounds 1-2|2026-04-02|Dplus Kia|Nongshim RedForce,0,0.5369803309440613
base_7,44,2026|Rounds 1-2|2026-04-02|DN SOOPers|Kiwoom DRX,1,0.5534011125564575
base_7,44,2026|Rounds 1-2|2026-04-03|Gen.G|KT Rolster,0,0.5119417905807495
base_7,44,2026|Rounds 1-2|2026-04-03|BNK FEARX|HANJIN BRION,0,0.632597804069519
base_7,44,2026|Rounds 1-2|2026-04-04|Hanwha Life Esports|T1,0,0.6101877689361572
base_7,44,2026|Rounds 1-2|2026-04-04|Dplus Kia|Kiwoom DRX,1,0.4112911820411682
base_7,44,2026|Rounds 1-2|2026-04-05|DN SOOPers|Nongshim RedForce,0,0.5049846172332764
base_7,44,2026|Rounds 1-2|2026-04-05|BNK FEARX|Gen.G,0,0.5403191447257996
base_7,44,2026|Rounds 1-2|2026-04-08|Dplus Kia|Hanwha Life Esports,0,0.44105052947998047
base_7,44,2026|Rounds 1-2|2026-04-08|Gen.G|T1,1,0.5300829410552979
base_7,44,2026|Rounds 1-2|2026-04-09|HANJIN BRION|Kiwoom DRX,0,0.4428466856479645
base_7,44,2026|Rounds 1-2|2026-04-09|KT Rolster|Nongshim RedForce,1,0.47771602869033813
base_7,44,2026|Rounds 1-2|2026-04-10|DN SOOPers|T1,0,0.47720494866371155
base_7,44,2026|Rounds 1-2|2026-04-10|BNK FEARX|Hanwha Life Esports,0,0.40013688802719116
base_7,44,2026|Rounds 1-2|2026-04-11|Kiwoom DRX|Nongshim RedForce,1,0.44450509548187256
base_7,44,2026|Rounds 1-2|2026-04-11|Dplus Kia|Gen.G,1,0.38808098435401917
base_7,44,2026|Rounds 1-2|2026-04-12|BNK FEARX|DN SOOPers,1,0.48718971014022827
base_7,44,2026|Rounds 1-2|2026-04-12|HANJIN BRION|KT Rolster,0,0.419063001871109
base_7,44,2026|Rounds 1-2|2026-04-15|BNK FEARX|Nongshim RedForce,0,0.5010305047035217
base_7,44,2026|Rounds 1-2|2026-04-15|Dplus Kia|KT Rolster,0,0.41867154836654663
base_7,44,2026|Rounds 1-2|2026-04-16|Gen.G|HANJIN BRION,1,0.5579947829246521
base_7,44,2026|Rounds 1-2|2026-04-16|DN SOOPers|Hanwha Life Esports,0,0.31359249353408813
base_7,44,2026|Rounds 1-2|2026-04-17|BNK FEARX|Kiwoom DRX,1,0.5259197354316711
base_7,44,2026|Rounds 1-2|2026-04-17|Dplus Kia|T1,1,0.5462645888328552
base_7,44,2026|Rounds 1-2|2026-04-18|Gen.G|Hanwha Life Esports,0,0.3924025893211365
base_7,44,2026|Rounds 1-2|2026-04-18|DN SOOPers|KT Rolster,0,0.35944628715515137
base_7,44,2026|Rounds 1-2|2026-04-19|HANJIN BRION|Nongshim RedForce,0,0.41849440336227417
base_7,44,2026|Rounds 1-2|2026-04-19|Kiwoom DRX|T1,0,0.4759698808193207
base_7,44,2026|Rounds 1-2|2026-04-22|KT Rolster|Kiwoom DRX,1,0.6097433567047119
base_7,44,2026|Rounds 1-2|2026-04-22|Hanwha Life Esports|Nongshim RedForce,1,0.5681697726249695
base_7,44,2026|Rounds 1-2|2026-04-23|Dplus Kia|HANJIN BRION,1,0.5483235120773315
base_7,44,2026|Rounds 1-2|2026-04-23|DN SOOPers|Gen.G,0,0.39988675713539124
base_7,44,2026|Rounds 1-2|2026-04-24|BNK FEARX|KT Rolster,0,0.4551981985569
base_7,44,2026|Rounds 1-2|2026-04-24|Hanwha Life Esports|Kiwoom DRX,1,0.6338745355606079
base_7,44,2026|Rounds 1-2|2026-04-25|HANJIN BRION|T1,0,0.4127938747406006
base_7,44,2026|Rounds 1-2|2026-04-25|DN SOOPers|Dplus Kia,0,0.34059175848960876
base_7,44,2026|Rounds 1-2|2026-04-26|BNK FEARX|T1,0,0.38826847076416016
base_7,44,2026|Rounds 1-2|2026-04-26|Gen.G|Nongshim RedForce,1,0.5795080661773682
base_7,44,2026|Rounds 1-2|2026-04-29|Nongshim RedForce|T1,0,0.3720030188560486
base_7,44,2026|Rounds 1-2|2026-04-29|Hanwha Life Esports|KT Rolster,1,0.4624401032924652
base_7,44,2026|Rounds 1-2|2026-04-30|Gen.G|Kiwoom DRX,1,0.6703554391860962
base_7,44,2026|Rounds 1-2|2026-04-30|BNK FEARX|Dplus Kia,0,0.3549611568450928
base_7,44,2026|Rounds 1-2|2026-05-01|DN SOOPers|HANJIN BRION,0,0.44087493419647217
base_7,44,2026|Rounds 1-2|2026-05-01|Hanwha Life Esports|T1,1,0.47091928124427795
base_7,44,2026|Rounds 1-2|2026-05-02|Dplus Kia|Gen.G,0,0.5593808889389038
base_7,44,2026|Rounds 1-2|2026-05-02|Kiwoom DRX|Nongshim RedForce,1,0.47948968410491943
base_7,44,2026|Rounds 1-2|2026-05-03|HANJIN BRION|KT Rolster,1,0.4340800344944
base_7,44,2026|Rounds 1-2|2026-05-03|BNK FEARX|DN SOOPers,1,0.550578773021698
base_7,44,2026|Rounds 1-2|2026-05-06|Gen.G|Nongshim RedForce,1,0.5945483446121216
base_7,44,2026|Rounds 1-2|2026-05-06|DN SOOPers|Hanwha Life Esports,0,0.36616986989974976
base_7,44,2026|Rounds 1-2|2026-05-07|Dplus Kia|KT Rolster,0,0.5537800788879395
base_7,44,2026|Rounds 1-2|2026-05-07|BNK FEARX|HANJIN BRION,0,0.4791635274887085
base_7,44,2026|Rounds 1-2|2026-05-08|DN SOOPers|T1,0,0.40026333928108215
base_7,44,2026|Rounds 1-2|2026-05-08|Gen.G|Kiwoom DRX,1,0.540846586227417
base_7,44,2026|Rounds 1-2|2026-05-09|BNK FEARX|KT Rolster,1,0.5470510721206665
base_7,44,2026|Rounds 1-2|2026-05-09|HANJIN BRION|Nongshim RedForce,1,0.6507439613342285
base_7,44,2026|Rounds 1-2|2026-05-10|Dplus Kia|T1,0,0.4991656541824341
base_7,44,2026|Rounds 1-2|2026-05-10|Hanwha Life Esports|Kiwoom DRX,1,0.6404499411582947
base_7,44,2026|Rounds 1-2|2026-05-13|Nongshim RedForce|T1,0,0.3855855166912079
base_7,44,2026|Rounds 1-2|2026-05-13|DN SOOPers|Dplus Kia,0,0.42292171716690063
base_7,44,2026|Rounds 1-2|2026-05-14|BNK FEARX|Gen.G,0,0.4377400875091553
base_7,44,2026|Rounds 1-2|2026-05-14|KT Rolster|Kiwoom DRX,1,0.5339130163192749
base_7,44,2026|Rounds 1-2|2026-05-15|Dplus Kia|Hanwha Life Esports,0,0.43329179286956787
base_7,44,2026|Rounds 1-2|2026-05-15|DN SOOPers|HANJIN BRION,0,0.32220205664634705
base_7,44,2026|Rounds 1-2|2026-05-16|Gen.G|T1,0,0.4499153792858124
lead10_baron_9,42,2026|Cup|2026-02-08|Kiwoom DRX|Nongshim RedForce,1,0.4495967626571655
lead10_baron_9,42,2026|Cup|2026-02-12|BNK FEARX|DN SOOPers,1,0.4918130040168762
lead10_baron_9,42,2026|Cup|2026-02-13|Dplus Kia|Kiwoom DRX,1,0.5360113978385925
lead10_baron_9,42,2026|Cup|2026-02-14|Dplus Kia|Gen.G,0,0.4795759320259094
lead10_baron_9,42,2026|Cup|2026-02-15|BNK FEARX|T1,1,0.4992513060569763
lead10_baron_9,42,2026|Cup|2026-02-19|DN SOOPers|Kiwoom DRX,1,0.5092244148254395
lead10_baron_9,42,2026|Cup|2026-02-20|DN SOOPers|Dplus Kia,0,0.5376735329627991
lead10_baron_9,42,2026|Cup|2026-02-21|BNK FEARX|Gen.G,0,0.5164005160331726
lead10_baron_9,42,2026|Cup|2026-02-22|Dplus Kia|T1,1,0.5389615893363953
lead10_baron_9,42,2026|Cup|2026-02-28|BNK FEARX|Dplus Kia,1,0.489276647567749
lead10_baron_9,42,2026|Cup|2026-03-01|BNK FEARX|Gen.G,0,0.4691876769065857
lead10_baron_9,42,2026|Rounds 1-2|2026-04-01|HANJIN BRION|Hanwha Life Esports,0,0.4795214533805847
lead10_baron_9,42,2026|Rounds 1-2|2026-04-01|KT Rolster|T1,1,0.48801279067993164
lead10_baron_9,42,2026|Rounds 1-2|2026-04-02|Dplus Kia|Nongshim RedForce,0,0.5013169050216675
lead10_baron_9,42,2026|Rounds 1-2|2026-04-02|DN SOOPers|Kiwoom DRX,1,0.5354695320129395
lead10_baron_9,42,2026|Rounds 1-2|2026-04-03|Gen.G|KT Rolster,0,0.5305999517440796
lead10_baron_9,42,2026|Rounds 1-2|2026-04-03|BNK FEARX|HANJIN BRION,0,0.5718153715133667
lead10_baron_9,42,2026|Rounds 1-2|2026-04-04|Hanwha Life Esports|T1,0,0.5954045653343201
lead10_baron_9,42,2026|Rounds 1-2|2026-04-04|Dplus Kia|Kiwoom DRX,1,0.4331552982330322
lead10_baron_9,42,2026|Rounds 1-2|2026-04-05|DN SOOPers|Nongshim RedForce,0,0.5143548250198364
lead10_baron_9,42,2026|Rounds 1-2|2026-04-05|BNK FEARX|Gen.G,0,0.4335898756980896
lead10_baron_9,42,2026|Rounds 1-2|2026-04-08|Dplus Kia|Hanwha Life Esports,0,0.4451994299888611
lead10_baron_9,42,2026|Rounds 1-2|2026-04-08|Gen.G|T1,1,0.5349027514457703
lead10_baron_9,42,2026|Rounds 1-2|2026-04-09|HANJIN BRION|Kiwoom DRX,0,0.5028119087219238
lead10_baron_9,42,2026|Rounds 1-2|2026-04-09|KT Rolster|Nongshim RedForce,1,0.4957588315010071
lead10_baron_9,42,2026|Rounds 1-2|2026-04-10|DN SOOPers|T1,0,0.5307170152664185
lead10_baron_9,42,2026|Rounds 1-2|2026-04-10|BNK FEARX|Hanwha Life Esports,0,0.38207846879959106
lead10_baron_9,42,2026|Rounds 1-2|2026-04-11|Kiwoom DRX|Nongshim RedForce,1,0.43620532751083374
lead10_baron_9,42,2026|Rounds 1-2|2026-04-11|Dplus Kia|Gen.G,1,0.3942714333534241
lead10_baron_9,42,2026|Rounds 1-2|2026-04-12|BNK FEARX|DN SOOPers,1,0.5046417117118835
lead10_baron_9,42,2026|Rounds 1-2|2026-04-12|HANJIN BRION|KT Rolster,0,0.45204031467437744
lead10_baron_9,42,2026|Rounds 1-2|2026-04-15|BNK FEARX|Nongshim RedForce,0,0.45772743225097656
lead10_baron_9,42,2026|Rounds 1-2|2026-04-15|Dplus Kia|KT Rolster,0,0.44974273443222046
lead10_baron_9,42,2026|Rounds 1-2|2026-04-16|Gen.G|HANJIN BRION,1,0.5794591307640076
lead10_baron_9,42,2026|Rounds 1-2|2026-04-16|DN SOOPers|Hanwha Life Esports,0,0.3424378037452698
lead10_baron_9,42,2026|Rounds 1-2|2026-04-17|BNK FEARX|Kiwoom DRX,1,0.4882187247276306
lead10_baron_9,42,2026|Rounds 1-2|2026-04-17|Dplus Kia|T1,1,0.5782467722892761
lead10_baron_9,42,2026|Rounds 1-2|2026-04-18|Gen.G|Hanwha Life Esports,0,0.44833678007125854
lead10_baron_9,42,2026|Rounds 1-2|2026-04-18|DN SOOPers|KT Rolster,0,0.3589196801185608
lead10_baron_9,42,2026|Rounds 1-2|2026-04-19|HANJIN BRION|Nongshim RedForce,0,0.4186180531978607
lead10_baron_9,42,2026|Rounds 1-2|2026-04-19|Kiwoom DRX|T1,0,0.440915584564209
lead10_baron_9,42,2026|Rounds 1-2|2026-04-22|KT Rolster|Kiwoom DRX,1,0.6106383800506592
lead10_baron_9,42,2026|Rounds 1-2|2026-04-22|Hanwha Life Esports|Nongshim RedForce,1,0.5264212489128113
lead10_baron_9,42,2026|Rounds 1-2|2026-04-23|Dplus Kia|HANJIN BRION,1,0.5134686231613159
lead10_baron_9,42,2026|Rounds 1-2|2026-04-23|DN SOOPers|Gen.G,0,0.426597535610199
lead10_baron_9,42,2026|Rounds 1-2|2026-04-24|BNK FEARX|KT Rolster,0,0.41808998584747314
lead10_baron_9,42,2026|Rounds 1-2|2026-04-24|Hanwha Life Esports|Kiwoom DRX,1,0.6344113349914551
lead10_baron_9,42,2026|Rounds 1-2|2026-04-25|HANJIN BRION|T1,0,0.3917047381401062
lead10_baron_9,42,2026|Rounds 1-2|2026-04-25|DN SOOPers|Dplus Kia,0,0.35473912954330444
lead10_baron_9,42,2026|Rounds 1-2|2026-04-26|BNK FEARX|T1,0,0.3761608302593231
lead10_baron_9,42,2026|Rounds 1-2|2026-04-26|Gen.G|Nongshim RedForce,1,0.5612903833389282
lead10_baron_9,42,2026|Rounds 1-2|2026-04-29|Nongshim RedForce|T1,0,0.3464571237564087
lead10_baron_9,42,2026|Rounds 1-2|2026-04-29|Hanwha Life Esports|KT Rolster,1,0.40151309967041016
lead10_baron_9,42,2026|Rounds 1-2|2026-04-30|Gen.G|Kiwoom DRX,1,0.6635531783103943
lead10_baron_9,42,2026|Rounds 1-2|2026-04-30|BNK FEARX|Dplus Kia,0,0.3513571619987488
lead10_baron_9,42,2026|Rounds 1-2|2026-05-01|DN SOOPers|HANJIN BRION,0,0.505478024482727
lead10_baron_9,42,2026|Rounds 1-2|2026-05-01|Hanwha Life Esports|T1,1,0.44637995958328247
lead10_baron_9,42,2026|Rounds 1-2|2026-05-02|Dplus Kia|Gen.G,0,0.5229383707046509
lead10_baron_9,42,2026|Rounds 1-2|2026-05-02|Kiwoom DRX|Nongshim RedForce,1,0.5180066227912903
lead10_baron_9,42,2026|Rounds 1-2|2026-05-03|HANJIN BRION|KT Rolster,1,0.41044163703918457
lead10_baron_9,42,2026|Rounds 1-2|2026-05-03|BNK FEARX|DN SOOPers,1,0.5198338031768799
lead10_baron_9,42,2026|Rounds 1-2|2026-05-06|Gen.G|Nongshim RedForce,1,0.6091474890708923
lead10_baron_9,42,2026|Rounds 1-2|2026-05-06|DN SOOPers|Hanwha Life Esports,0,0.3495931029319763
lead10_baron_9,42,2026|Rounds 1-2|2026-05-07|Dplus Kia|KT Rolster,0,0.524295449256897
lead10_baron_9,42,2026|Rounds 1-2|2026-05-07|BNK FEARX|HANJIN BRION,0,0.47379425168037415
lead10_baron_9,42,2026|Rounds 1-2|2026-05-08|DN SOOPers|T1,0,0.3935956358909607
lead10_baron_9,42,2026|Rounds 1-2|2026-05-08|Gen.G|Kiwoom DRX,1,0.5850396156311035
lead10_baron_9,42,2026|Rounds 1-2|2026-05-09|BNK FEARX|KT Rolster,1,0.526517391204834
lead10_baron_9,42,2026|Rounds 1-2|2026-05-09|HANJIN BRION|Nongshim RedForce,1,0.6326319575309753
lead10_baron_9,42,2026|Rounds 1-2|2026-05-10|Dplus Kia|T1,0,0.4625476598739624
lead10_baron_9,42,2026|Rounds 1-2|2026-05-10|Hanwha Life Esports|Kiwoom DRX,1,0.6221089363098145
lead10_baron_9,42,2026|Rounds 1-2|2026-05-13|Nongshim RedForce|T1,0,0.4009857773780823
lead10_baron_9,42,2026|Rounds 1-2|2026-05-13|DN SOOPers|Dplus Kia,0,0.43320804834365845
lead10_baron_9,42,2026|Rounds 1-2|2026-05-14|BNK FEARX|Gen.G,0,0.38874006271362305
lead10_baron_9,42,2026|Rounds 1-2|2026-05-14|KT Rolster|Kiwoom DRX,1,0.5001022815704346
lead10_baron_9,42,2026|Rounds 1-2|2026-05-15|Dplus Kia|Hanwha Life Esports,0,0.45653414726257324
lead10_baron_9,42,2026|Rounds 1-2|2026-05-15|DN SOOPers|HANJIN BRION,0,0.350887656211853
lead10_baron_9,42,2026|Rounds 1-2|2026-05-16|Gen.G|T1,0,0.504152238368988
lead10_baron_9,43,2026|Cup|2026-02-08|Kiwoom DRX|Nongshim RedForce,1,0.4839303493499756
lead10_baron_9,43,2026|Cup|2026-02-12|BNK FEARX|DN SOOPers,1,0.5066271424293518
lead10_baron_9,43,2026|Cup|2026-02-13|Dplus Kia|Kiwoom DRX,1,0.499086856842041
lead10_baron_9,43,2026|Cup|2026-02-14|Dplus Kia|Gen.G,0,0.5003372430801392
lead10_baron_9,43,2026|Cup|2026-02-15|BNK FEARX|T1,1,0.5084347724914551
lead10_baron_9,43,2026|Cup|2026-02-19|DN SOOPers|Kiwoom DRX,1,0.49809694290161133
lead10_baron_9,43,2026|Cup|2026-02-20|DN SOOPers|Dplus Kia,0,0.508292019367218
lead10_baron_9,43,2026|Cup|2026-02-21|BNK FEARX|Gen.G,0,0.49150094389915466
lead10_baron_9,43,2026|Cup|2026-02-22|Dplus Kia|T1,1,0.5061722993850708
lead10_baron_9,43,2026|Cup|2026-02-28|BNK FEARX|Dplus Kia,1,0.5030395984649658
lead10_baron_9,43,2026|Cup|2026-03-01|BNK FEARX|Gen.G,0,0.47591668367385864
lead10_baron_9,43,2026|Rounds 1-2|2026-04-01|HANJIN BRION|Hanwha Life Esports,0,0.48039060831069946
lead10_baron_9,43,2026|Rounds 1-2|2026-04-01|KT Rolster|T1,1,0.5079091787338257
lead10_baron_9,43,2026|Rounds 1-2|2026-04-02|Dplus Kia|Nongshim RedForce,0,0.508773684501648
lead10_baron_9,43,2026|Rounds 1-2|2026-04-02|DN SOOPers|Kiwoom DRX,1,0.5259402394294739
lead10_baron_9,43,2026|Rounds 1-2|2026-04-03|Gen.G|KT Rolster,0,0.48254531621932983
lead10_baron_9,43,2026|Rounds 1-2|2026-04-03|BNK FEARX|HANJIN BRION,0,0.5455998182296753
lead10_baron_9,43,2026|Rounds 1-2|2026-04-04|Hanwha Life Esports|T1,0,0.559246301651001
lead10_baron_9,43,2026|Rounds 1-2|2026-04-04|Dplus Kia|Kiwoom DRX,1,0.4814309775829315
lead10_baron_9,43,2026|Rounds 1-2|2026-04-05|DN SOOPers|Nongshim RedForce,0,0.5116091966629028
lead10_baron_9,43,2026|Rounds 1-2|2026-04-05|BNK FEARX|Gen.G,0,0.46736007928848267
lead10_baron_9,43,2026|Rounds 1-2|2026-04-08|Dplus Kia|Hanwha Life Esports,0,0.46233507990837097
lead10_baron_9,43,2026|Rounds 1-2|2026-04-08|Gen.G|T1,1,0.5272870659828186
lead10_baron_9,43,2026|Rounds 1-2|2026-04-09|HANJIN BRION|Kiwoom DRX,0,0.48794978857040405
lead10_baron_9,43,2026|Rounds 1-2|2026-04-09|KT Rolster|Nongshim RedForce,1,0.5287945866584778
lead10_baron_9,43,2026|Rounds 1-2|2026-04-10|DN SOOPers|T1,0,0.5303686857223511
lead10_baron_9,43,2026|Rounds 1-2|2026-04-10|BNK FEARX|Hanwha Life Esports,0,0.4286063313484192
lead10_baron_9,43,2026|Rounds 1-2|2026-04-11|Kiwoom DRX|Nongshim RedForce,1,0.4832296669483185
lead10_baron_9,43,2026|Rounds 1-2|2026-04-11|Dplus Kia|Gen.G,1,0.44608309864997864
lead10_baron_9,43,2026|Rounds 1-2|2026-04-12|BNK FEARX|DN SOOPers,1,0.47852298617362976
lead10_baron_9,43,2026|Rounds 1-2|2026-04-12|HANJIN BRION|KT Rolster,0,0.46896591782569885
lead10_baron_9,43,2026|Rounds 1-2|2026-04-15|BNK FEARX|Nongshim RedForce,0,0.4928344786167145
lead10_baron_9,43,2026|Rounds 1-2|2026-04-15|Dplus Kia|KT Rolster,0,0.4638819694519043
lead10_baron_9,43,2026|Rounds 1-2|2026-04-16|Gen.G|HANJIN BRION,1,0.5357169508934021
lead10_baron_9,43,2026|Rounds 1-2|2026-04-16|DN SOOPers|Hanwha Life Esports,0,0.41936174035072327
lead10_baron_9,43,2026|Rounds 1-2|2026-04-17|BNK FEARX|Kiwoom DRX,1,0.4898756742477417
lead10_baron_9,43,2026|Rounds 1-2|2026-04-17|Dplus Kia|T1,1,0.5320192575454712
lead10_baron_9,43,2026|Rounds 1-2|2026-04-18|Gen.G|Hanwha Life Esports,0,0.47024235129356384
lead10_baron_9,43,2026|Rounds 1-2|2026-04-18|DN SOOPers|KT Rolster,0,0.43756088614463806
lead10_baron_9,43,2026|Rounds 1-2|2026-04-19|HANJIN BRION|Nongshim RedForce,0,0.45694002509117126
lead10_baron_9,43,2026|Rounds 1-2|2026-04-19|Kiwoom DRX|T1,0,0.48549535870552063
lead10_baron_9,43,2026|Rounds 1-2|2026-04-22|KT Rolster|Kiwoom DRX,1,0.5255560874938965
lead10_baron_9,43,2026|Rounds 1-2|2026-04-22|Hanwha Life Esports|Nongshim RedForce,1,0.5172926783561707
lead10_baron_9,43,2026|Rounds 1-2|2026-04-23|Dplus Kia|HANJIN BRION,1,0.5174937844276428
lead10_baron_9,43,2026|Rounds 1-2|2026-04-23|DN SOOPers|Gen.G,0,0.456545352935791
lead10_baron_9,43,2026|Rounds 1-2|2026-04-24|BNK FEARX|KT Rolster,0,0.4562051594257355
lead10_baron_9,43,2026|Rounds 1-2|2026-04-24|Hanwha Life Esports|Kiwoom DRX,1,0.5702117085456848
lead10_baron_9,43,2026|Rounds 1-2|2026-04-25|HANJIN BRION|T1,0,0.4428495764732361
lead10_baron_9,43,2026|Rounds 1-2|2026-04-25|DN SOOPers|Dplus Kia,0,0.42734286189079285
lead10_baron_9,43,2026|Rounds 1-2|2026-04-26|BNK FEARX|T1,0,0.4213753938674927
lead10_baron_9,43,2026|Rounds 1-2|2026-04-26|Gen.G|Nongshim RedForce,1,0.5394730567932129
lead10_baron_9,43,2026|Rounds 1-2|2026-04-29|Nongshim RedForce|T1,0,0.41628533601760864
lead10_baron_9,43,2026|Rounds 1-2|2026-04-29|Hanwha Life Esports|KT Rolster,1,0.46154940128326416
lead10_baron_9,43,2026|Rounds 1-2|2026-04-30|Gen.G|Kiwoom DRX,1,0.58057701587677
lead10_baron_9,43,2026|Rounds 1-2|2026-04-30|BNK FEARX|Dplus Kia,0,0.40262454748153687
lead10_baron_9,43,2026|Rounds 1-2|2026-05-01|DN SOOPers|HANJIN BRION,0,0.49550366401672363
lead10_baron_9,43,2026|Rounds 1-2|2026-05-01|Hanwha Life Esports|T1,1,0.47912925481796265
lead10_baron_9,43,2026|Rounds 1-2|2026-05-02|Dplus Kia|Gen.G,0,0.5306684970855713
lead10_baron_9,43,2026|Rounds 1-2|2026-05-02|Kiwoom DRX|Nongshim RedForce,1,0.5135277509689331
lead10_baron_9,43,2026|Rounds 1-2|2026-05-03|HANJIN BRION|KT Rolster,1,0.4546355605125427
lead10_baron_9,43,2026|Rounds 1-2|2026-05-03|BNK FEARX|DN SOOPers,1,0.5093856453895569
lead10_baron_9,43,2026|Rounds 1-2|2026-05-06|Gen.G|Nongshim RedForce,1,0.5407719016075134
lead10_baron_9,43,2026|Rounds 1-2|2026-05-06|DN SOOPers|Hanwha Life Esports,0,0.42705991864204407
lead10_baron_9,43,2026|Rounds 1-2|2026-05-07|Dplus Kia|KT Rolster,0,0.4935729205608368
lead10_baron_9,43,2026|Rounds 1-2|2026-05-07|BNK FEARX|HANJIN BRION,0,0.5021886229515076
lead10_baron_9,43,2026|Rounds 1-2|2026-05-08|DN SOOPers|T1,0,0.45460185408592224
lead10_baron_9,43,2026|Rounds 1-2|2026-05-08|Gen.G|Kiwoom DRX,1,0.553264319896698
lead10_baron_9,43,2026|Rounds 1-2|2026-05-09|BNK FEARX|KT Rolster,1,0.5140011310577393
lead10_baron_9,43,2026|Rounds 1-2|2026-05-09|HANJIN BRION|Nongshim RedForce,1,0.5581213235855103
lead10_baron_9,43,2026|Rounds 1-2|2026-05-10|Dplus Kia|T1,0,0.4781806468963623
lead10_baron_9,43,2026|Rounds 1-2|2026-05-10|Hanwha Life Esports|Kiwoom DRX,1,0.5700016021728516
lead10_baron_9,43,2026|Rounds 1-2|2026-05-13|Nongshim RedForce|T1,0,0.4506358504295349
lead10_baron_9,43,2026|Rounds 1-2|2026-05-13|DN SOOPers|Dplus Kia,0,0.4697858989238739
lead10_baron_9,43,2026|Rounds 1-2|2026-05-14|BNK FEARX|Gen.G,0,0.43852078914642334
lead10_baron_9,43,2026|Rounds 1-2|2026-05-14|KT Rolster|Kiwoom DRX,1,0.5212715268135071
lead10_baron_9,43,2026|Rounds 1-2|2026-05-15|Dplus Kia|Hanwha Life Esports,0,0.4995135962963104
lead10_baron_9,43,2026|Rounds 1-2|2026-05-15|DN SOOPers|HANJIN BRION,0,0.41531509160995483
lead10_baron_9,43,2026|Rounds 1-2|2026-05-16|Gen.G|T1,0,0.5135344862937927
lead10_baron_9,44,2026|Cup|2026-02-08|Kiwoom DRX|Nongshim RedForce,1,0.4956434369087219
lead10_baron_9,44,2026|Cup|2026-02-12|BNK FEARX|DN SOOPers,1,0.5021942853927612
lead10_baron_9,44,2026|Cup|2026-02-13|Dplus Kia|Kiwoom DRX,1,0.5235288143157959
lead10_baron_9,44,2026|Cup|2026-02-14|Dplus Kia|Gen.G,0,0.5098232626914978
lead10_baron_9,44,2026|Cup|2026-02-15|BNK FEARX|T1,1,0.5089931488037109
lead10_baron_9,44,2026|Cup|2026-02-19|DN SOOPers|Kiwoom DRX,1,0.5039358139038086
lead10_baron_9,44,2026|Cup|2026-02-20|DN SOOPers|Dplus Kia,0,0.5250623226165771
lead10_baron_9,44,2026|Cup|2026-02-21|BNK FEARX|Gen.G,0,0.5089907646179199
lead10_baron_9,44,2026|Cup|2026-02-22|Dplus Kia|T1,1,0.5210126638412476
lead10_baron_9,44,2026|Cup|2026-02-28|BNK FEARX|Dplus Kia,1,0.48364752531051636
lead10_baron_9,44,2026|Cup|2026-03-01|BNK FEARX|Gen.G,0,0.4368942975997925
lead10_baron_9,44,2026|Rounds 1-2|2026-04-01|HANJIN BRION|Hanwha Life Esports,0,0.4756413698196411
lead10_baron_9,44,2026|Rounds 1-2|2026-04-01|KT Rolster|T1,1,0.5076001286506653
lead10_baron_9,44,2026|Rounds 1-2|2026-04-02|Dplus Kia|Nongshim RedForce,0,0.5307396650314331
lead10_baron_9,44,2026|Rounds 1-2|2026-04-02|DN SOOPers|Kiwoom DRX,1,0.5379969477653503
lead10_baron_9,44,2026|Rounds 1-2|2026-04-03|Gen.G|KT Rolster,0,0.4932476878166199
lead10_baron_9,44,2026|Rounds 1-2|2026-04-03|BNK FEARX|HANJIN BRION,0,0.6002725958824158
lead10_baron_9,44,2026|Rounds 1-2|2026-04-04|Hanwha Life Esports|T1,0,0.6161589622497559
lead10_baron_9,44,2026|Rounds 1-2|2026-04-04|Dplus Kia|Kiwoom DRX,1,0.45727860927581787
lead10_baron_9,44,2026|Rounds 1-2|2026-04-05|DN SOOPers|Nongshim RedForce,0,0.5157032012939453
lead10_baron_9,44,2026|Rounds 1-2|2026-04-05|BNK FEARX|Gen.G,0,0.46250981092453003
lead10_baron_9,44,2026|Rounds 1-2|2026-04-08|Dplus Kia|Hanwha Life Esports,0,0.44565239548683167
lead10_baron_9,44,2026|Rounds 1-2|2026-04-08|Gen.G|T1,1,0.5394194722175598
lead10_baron_9,44,2026|Rounds 1-2|2026-04-09|HANJIN BRION|Kiwoom DRX,0,0.4800278842449188
lead10_baron_9,44,2026|Rounds 1-2|2026-04-09|KT Rolster|Nongshim RedForce,1,0.5225716829299927
lead10_baron_9,44,2026|Rounds 1-2|2026-04-10|DN SOOPers|T1,0,0.5221078395843506
lead10_baron_9,44,2026|Rounds 1-2|2026-04-10|BNK FEARX|Hanwha Life Esports,0,0.3623385727405548
lead10_baron_9,44,2026|Rounds 1-2|2026-04-11|Kiwoom DRX|Nongshim RedForce,1,0.4854568839073181
lead10_baron_9,44,2026|Rounds 1-2|2026-04-11|Dplus Kia|Gen.G,1,0.3892820179462433
lead10_baron_9,44,2026|Rounds 1-2|2026-04-12|BNK FEARX|DN SOOPers,1,0.4785952866077423
lead10_baron_9,44,2026|Rounds 1-2|2026-04-12|HANJIN BRION|KT Rolster,0,0.45944052934646606
lead10_baron_9,44,2026|Rounds 1-2|2026-04-15|BNK FEARX|Nongshim RedForce,0,0.5105382204055786
lead10_baron_9,44,2026|Rounds 1-2|2026-04-15|Dplus Kia|KT Rolster,0,0.4147469997406006
lead10_baron_9,44,2026|Rounds 1-2|2026-04-16|Gen.G|HANJIN BRION,1,0.5681365728378296
lead10_baron_9,44,2026|Rounds 1-2|2026-04-16|DN SOOPers|Hanwha Life Esports,0,0.32573091983795166
lead10_baron_9,44,2026|Rounds 1-2|2026-04-17|BNK FEARX|Kiwoom DRX,1,0.46173882484436035
lead10_baron_9,44,2026|Rounds 1-2|2026-04-17|Dplus Kia|T1,1,0.5402066111564636
lead10_baron_9,44,2026|Rounds 1-2|2026-04-18|Gen.G|Hanwha Life Esports,0,0.4376016855239868
lead10_baron_9,44,2026|Rounds 1-2|2026-04-18|DN SOOPers|KT Rolster,0,0.36369624733924866
lead10_baron_9,44,2026|Rounds 1-2|2026-04-19|HANJIN BRION|Nongshim RedForce,0,0.418244868516922
lead10_baron_9,44,2026|Rounds 1-2|2026-04-19|Kiwoom DRX|T1,0,0.49019238352775574
lead10_baron_9,44,2026|Rounds 1-2|2026-04-22|KT Rolster|Kiwoom DRX,1,0.5740281343460083
lead10_baron_9,44,2026|Rounds 1-2|2026-04-22|Hanwha Life Esports|Nongshim RedForce,1,0.5230247378349304
lead10_baron_9,44,2026|Rounds 1-2|2026-04-23|Dplus Kia|HANJIN BRION,1,0.5413211584091187
lead10_baron_9,44,2026|Rounds 1-2|2026-04-23|DN SOOPers|Gen.G,0,0.43615278601646423
lead10_baron_9,44,2026|Rounds 1-2|2026-04-24|BNK FEARX|KT Rolster,0,0.4417031407356262
lead10_baron_9,44,2026|Rounds 1-2|2026-04-24|Hanwha Life Esports|Kiwoom DRX,1,0.6491855978965759
lead10_baron_9,44,2026|Rounds 1-2|2026-04-25|HANJIN BRION|T1,0,0.4086862802505493
lead10_baron_9,44,2026|Rounds 1-2|2026-04-25|DN SOOPers|Dplus Kia,0,0.34646308422088623
lead10_baron_9,44,2026|Rounds 1-2|2026-04-26|BNK FEARX|T1,0,0.39503201842308044
lead10_baron_9,44,2026|Rounds 1-2|2026-04-26|Gen.G|Nongshim RedForce,1,0.5610511302947998
lead10_baron_9,44,2026|Rounds 1-2|2026-04-29|Nongshim RedForce|T1,0,0.3468742370605469
lead10_baron_9,44,2026|Rounds 1-2|2026-04-29|Hanwha Life Esports|KT Rolster,1,0.4697831869125366
lead10_baron_9,44,2026|Rounds 1-2|2026-04-30|Gen.G|Kiwoom DRX,1,0.6666163802146912
lead10_baron_9,44,2026|Rounds 1-2|2026-04-30|BNK FEARX|Dplus Kia,0,0.33904901146888733
lead10_baron_9,44,2026|Rounds 1-2|2026-05-01|DN SOOPers|HANJIN BRION,0,0.4895828664302826
lead10_baron_9,44,2026|Rounds 1-2|2026-05-01|Hanwha Life Esports|T1,1,0.4799340069293976
lead10_baron_9,44,2026|Rounds 1-2|2026-05-02|Dplus Kia|Gen.G,0,0.5408364534378052
lead10_baron_9,44,2026|Rounds 1-2|2026-05-02|Kiwoom DRX|Nongshim RedForce,1,0.5071628093719482
lead10_baron_9,44,2026|Rounds 1-2|2026-05-03|HANJIN BRION|KT Rolster,1,0.44403108954429626
lead10_baron_9,44,2026|Rounds 1-2|2026-05-03|BNK FEARX|DN SOOPers,1,0.5155215263366699
lead10_baron_9,44,2026|Rounds 1-2|2026-05-06|Gen.G|Nongshim RedForce,1,0.5887050032615662
lead10_baron_9,44,2026|Rounds 1-2|2026-05-06|DN SOOPers|Hanwha Life Esports,0,0.3702128827571869
lead10_baron_9,44,2026|Rounds 1-2|2026-05-07|Dplus Kia|KT Rolster,0,0.5152522325515747
lead10_baron_9,44,2026|Rounds 1-2|2026-05-07|BNK FEARX|HANJIN BRION,0,0.48766180872917175
lead10_baron_9,44,2026|Rounds 1-2|2026-05-08|DN SOOPers|T1,0,0.4115874171257019
lead10_baron_9,44,2026|Rounds 1-2|2026-05-08|Gen.G|Kiwoom DRX,1,0.5698040127754211
lead10_baron_9,44,2026|Rounds 1-2|2026-05-09|BNK FEARX|KT Rolster,1,0.506460964679718
lead10_baron_9,44,2026|Rounds 1-2|2026-05-09|HANJIN BRION|Nongshim RedForce,1,0.6483291387557983
lead10_baron_9,44,2026|Rounds 1-2|2026-05-10|Dplus Kia|T1,0,0.4878256916999817
lead10_baron_9,44,2026|Rounds 1-2|2026-05-10|Hanwha Life Esports|Kiwoom DRX,1,0.6298685669898987
lead10_baron_9,44,2026|Rounds 1-2|2026-05-13|Nongshim RedForce|T1,0,0.373689204454422
lead10_baron_9,44,2026|Rounds 1-2|2026-05-13|DN SOOPers|Dplus Kia,0,0.4537363052368164
lead10_baron_9,44,2026|Rounds 1-2|2026-05-14|BNK FEARX|Gen.G,0,0.40096262097358704
lead10_baron_9,44,2026|Rounds 1-2|2026-05-14|KT Rolster|Kiwoom DRX,1,0.5341047048568726
lead10_baron_9,44,2026|Rounds 1-2|2026-05-15|Dplus Kia|Hanwha Life Esports,0,0.47564730048179626
lead10_baron_9,44,2026|Rounds 1-2|2026-05-15|DN SOOPers|HANJIN BRION,0,0.3265647888183594
lead10_baron_9,44,2026|Rounds 1-2|2026-05-16|Gen.G|T1,0,0.5101302862167358
all_11,42,2026|Cup|2026-02-08|Kiwoom DRX|Nongshim RedForce,1,0.477918416261673
all_11,42,2026|Cup|2026-02-12|BNK FEARX|DN SOOPers,1,0.5102747678756714
all_11,42,2026|Cup|2026-02-13|Dplus Kia|Kiwoom DRX,1,0.5217251181602478
all_11,42,2026|Cup|2026-02-14|Dplus Kia|Gen.G,0,0.5008388161659241
all_11,42,2026|Cup|2026-02-15|BNK FEARX|T1,1,0.5062346458435059
all_11,42,2026|Cup|2026-02-19|DN SOOPers|Kiwoom DRX,1,0.5310262441635132
all_11,42,2026|Cup|2026-02-20|DN SOOPers|Dplus Kia,0,0.5500791668891907
all_11,42,2026|Cup|2026-02-21|BNK FEARX|Gen.G,0,0.5258424878120422
all_11,42,2026|Cup|2026-02-22|Dplus Kia|T1,1,0.5211164951324463
all_11,42,2026|Cup|2026-02-28|BNK FEARX|Dplus Kia,1,0.5092750787734985
all_11,42,2026|Cup|2026-03-01|BNK FEARX|Gen.G,0,0.4695379436016083
all_11,42,2026|Rounds 1-2|2026-04-01|HANJIN BRION|Hanwha Life Esports,0,0.503665030002594
all_11,42,2026|Rounds 1-2|2026-04-01|KT Rolster|T1,1,0.498526394367218
all_11,42,2026|Rounds 1-2|2026-04-02|Dplus Kia|Nongshim RedForce,0,0.4888530969619751
all_11,42,2026|Rounds 1-2|2026-04-02|DN SOOPers|Kiwoom DRX,1,0.5155733823776245
all_11,42,2026|Rounds 1-2|2026-04-03|Gen.G|KT Rolster,0,0.5092325806617737
all_11,42,2026|Rounds 1-2|2026-04-03|BNK FEARX|HANJIN BRION,0,0.5525150895118713
all_11,42,2026|Rounds 1-2|2026-04-04|Hanwha Life Esports|T1,0,0.5627055168151855
all_11,42,2026|Rounds 1-2|2026-04-04|Dplus Kia|Kiwoom DRX,1,0.44610321521759033
all_11,42,2026|Rounds 1-2|2026-04-05|DN SOOPers|Nongshim RedForce,0,0.49037593603134155
all_11,42,2026|Rounds 1-2|2026-04-05|BNK FEARX|Gen.G,0,0.4587731957435608
all_11,42,2026|Rounds 1-2|2026-04-08|Dplus Kia|Hanwha Life Esports,0,0.4613610506057739
all_11,42,2026|Rounds 1-2|2026-04-08|Gen.G|T1,1,0.5399224758148193
all_11,42,2026|Rounds 1-2|2026-04-09|HANJIN BRION|Kiwoom DRX,0,0.48841485381126404
all_11,42,2026|Rounds 1-2|2026-04-09|KT Rolster|Nongshim RedForce,1,0.4818991422653198
all_11,42,2026|Rounds 1-2|2026-04-10|DN SOOPers|T1,0,0.5118297338485718
all_11,42,2026|Rounds 1-2|2026-04-10|BNK FEARX|Hanwha Life Esports,0,0.41451454162597656
all_11,42,2026|Rounds 1-2|2026-04-11|Kiwoom DRX|Nongshim RedForce,1,0.4707651138305664
all_11,42,2026|Rounds 1-2|2026-04-11|Dplus Kia|Gen.G,1,0.4153381884098053
all_11,42,2026|Rounds 1-2|2026-04-12|BNK FEARX|DN SOOPers,1,0.4761755168437958
all_11,42,2026|Rounds 1-2|2026-04-12|HANJIN BRION|KT Rolster,0,0.48803818225860596
all_11,42,2026|Rounds 1-2|2026-04-15|BNK FEARX|Nongshim RedForce,0,0.4945860207080841
all_11,42,2026|Rounds 1-2|2026-04-15|Dplus Kia|KT Rolster,0,0.4075002372264862
all_11,42,2026|Rounds 1-2|2026-04-16|Gen.G|HANJIN BRION,1,0.561616837978363
all_11,42,2026|Rounds 1-2|2026-04-16|DN SOOPers|Hanwha Life Esports,0,0.34949833154678345
all_11,42,2026|Rounds 1-2|2026-04-17|BNK FEARX|Kiwoom DRX,1,0.49771058559417725
all_11,42,2026|Rounds 1-2|2026-04-17|Dplus Kia|T1,1,0.5174621939659119
all_11,42,2026|Rounds 1-2|2026-04-18|Gen.G|Hanwha Life Esports,0,0.44716301560401917
all_11,42,2026|Rounds 1-2|2026-04-18|DN SOOPers|KT Rolster,0,0.4264802038669586
all_11,42,2026|Rounds 1-2|2026-04-19|HANJIN BRION|Nongshim RedForce,0,0.42849239706993103
all_11,42,2026|Rounds 1-2|2026-04-19|Kiwoom DRX|T1,0,0.47647157311439514
all_11,42,2026|Rounds 1-2|2026-04-22|KT Rolster|Kiwoom DRX,1,0.536823034286499
all_11,42,2026|Rounds 1-2|2026-04-22|Hanwha Life Esports|Nongshim RedForce,1,0.5420835018157959
all_11,42,2026|Rounds 1-2|2026-04-23|Dplus Kia|HANJIN BRION,1,0.5036729574203491
all_11,42,2026|Rounds 1-2|2026-04-23|DN SOOPers|Gen.G,0,0.46045124530792236
all_11,42,2026|Rounds 1-2|2026-04-24|BNK FEARX|KT Rolster,0,0.4517425298690796
all_11,42,2026|Rounds 1-2|2026-04-24|Hanwha Life Esports|Kiwoom DRX,1,0.5903778076171875
all_11,42,2026|Rounds 1-2|2026-04-25|HANJIN BRION|T1,0,0.421404093503952
all_11,42,2026|Rounds 1-2|2026-04-25|DN SOOPers|Dplus Kia,0,0.402893602848053
all_11,42,2026|Rounds 1-2|2026-04-26|BNK FEARX|T1,0,0.43252280354499817
all_11,42,2026|Rounds 1-2|2026-04-26|Gen.G|Nongshim RedForce,1,0.5759167075157166
all_11,42,2026|Rounds 1-2|2026-04-29|Nongshim RedForce|T1,0,0.3831609785556793
all_11,42,2026|Rounds 1-2|2026-04-29|Hanwha Life Esports|KT Rolster,1,0.4740571975708008
all_11,42,2026|Rounds 1-2|2026-04-30|Gen.G|Kiwoom DRX,1,0.6082923412322998
all_11,42,2026|Rounds 1-2|2026-04-30|BNK FEARX|Dplus Kia,0,0.42783236503601074
all_11,42,2026|Rounds 1-2|2026-05-01|DN SOOPers|HANJIN BRION,0,0.5071989893913269
all_11,42,2026|Rounds 1-2|2026-05-01|Hanwha Life Esports|T1,1,0.4746294319629669
all_11,42,2026|Rounds 1-2|2026-05-02|Dplus Kia|Gen.G,0,0.5152008533477783
all_11,42,2026|Rounds 1-2|2026-05-02|Kiwoom DRX|Nongshim RedForce,1,0.523464024066925
all_11,42,2026|Rounds 1-2|2026-05-03|HANJIN BRION|KT Rolster,1,0.46299147605895996
all_11,42,2026|Rounds 1-2|2026-05-03|BNK FEARX|DN SOOPers,1,0.5229538083076477
all_11,42,2026|Rounds 1-2|2026-05-06|Gen.G|Nongshim RedForce,1,0.5743476152420044
all_11,42,2026|Rounds 1-2|2026-05-06|DN SOOPers|Hanwha Life Esports,0,0.40651971101760864
all_11,42,2026|Rounds 1-2|2026-05-07|Dplus Kia|KT Rolster,0,0.5385655164718628
all_11,42,2026|Rounds 1-2|2026-05-07|BNK FEARX|HANJIN BRION,0,0.5080946087837219
all_11,42,2026|Rounds 1-2|2026-05-08|DN SOOPers|T1,0,0.4415796995162964
all_11,42,2026|Rounds 1-2|2026-05-08|Gen.G|Kiwoom DRX,1,0.5226006507873535
all_11,42,2026|Rounds 1-2|2026-05-09|BNK FEARX|KT Rolster,1,0.5318388938903809
all_11,42,2026|Rounds 1-2|2026-05-09|HANJIN BRION|Nongshim RedForce,1,0.6031631231307983
all_11,42,2026|Rounds 1-2|2026-05-10|Dplus Kia|T1,0,0.51200270652771
all_11,42,2026|Rounds 1-2|2026-05-10|Hanwha Life Esports|Kiwoom DRX,1,0.5833350419998169
all_11,42,2026|Rounds 1-2|2026-05-13|Nongshim RedForce|T1,0,0.40862569212913513
all_11,42,2026|Rounds 1-2|2026-05-13|DN SOOPers|Dplus Kia,0,0.45734894275665283
all_11,42,2026|Rounds 1-2|2026-05-14|BNK FEARX|Gen.G,0,0.46966663002967834
all_11,42,2026|Rounds 1-2|2026-05-14|KT Rolster|Kiwoom DRX,1,0.4992600083351135
all_11,42,2026|Rounds 1-2|2026-05-15|Dplus Kia|Hanwha Life Esports,0,0.49790024757385254
all_11,42,2026|Rounds 1-2|2026-05-15|DN SOOPers|HANJIN BRION,0,0.38096195459365845
all_11,42,2026|Rounds 1-2|2026-05-16|Gen.G|T1,0,0.5076602697372437
all_11,43,2026|Cup|2026-02-08|Kiwoom DRX|Nongshim RedForce,1,0.5025802850723267
all_11,43,2026|Cup|2026-02-12|BNK FEARX|DN SOOPers,1,0.49262288212776184
all_11,43,2026|Cup|2026-02-13|Dplus Kia|Kiwoom DRX,1,0.5064363479614258
all_11,43,2026|Cup|2026-02-14|Dplus Kia|Gen.G,0,0.5038069486618042
all_11,43,2026|Cup|2026-02-15|BNK FEARX|T1,1,0.49682384729385376
all_11,43,2026|Cup|2026-02-19|DN SOOPers|Kiwoom DRX,1,0.52248615026474
all_11,43,2026|Cup|2026-02-20|DN SOOPers|Dplus Kia,0,0.5174062848091125
all_11,43,2026|Cup|2026-02-21|BNK FEARX|Gen.G,0,0.5222485065460205
all_11,43,2026|Cup|2026-02-22|Dplus Kia|T1,1,0.513377845287323
all_11,43,2026|Cup|2026-02-28|BNK FEARX|Dplus Kia,1,0.4771747887134552
all_11,43,2026|Cup|2026-03-01|BNK FEARX|Gen.G,0,0.4719557762145996
all_11,43,2026|Rounds 1-2|2026-04-01|HANJIN BRION|Hanwha Life Esports,0,0.5038481950759888
all_11,43,2026|Rounds 1-2|2026-04-01|KT Rolster|T1,1,0.5247339010238647
all_11,43,2026|Rounds 1-2|2026-04-02|Dplus Kia|Nongshim RedForce,0,0.5051690340042114
all_11,43,2026|Rounds 1-2|2026-04-02|DN SOOPers|Kiwoom DRX,1,0.5046666264533997
all_11,43,2026|Rounds 1-2|2026-04-03|Gen.G|KT Rolster,0,0.4894210398197174
all_11,43,2026|Rounds 1-2|2026-04-03|BNK FEARX|HANJIN BRION,0,0.5553408265113831
all_11,43,2026|Rounds 1-2|2026-04-04|Hanwha Life Esports|T1,0,0.5467305779457092
all_11,43,2026|Rounds 1-2|2026-04-04|Dplus Kia|Kiwoom DRX,1,0.4799363911151886
all_11,43,2026|Rounds 1-2|2026-04-05|DN SOOPers|Nongshim RedForce,0,0.49078527092933655
all_11,43,2026|Rounds 1-2|2026-04-05|BNK FEARX|Gen.G,0,0.5311713218688965
all_11,43,2026|Rounds 1-2|2026-04-08|Dplus Kia|Hanwha Life Esports,0,0.490915983915329
all_11,43,2026|Rounds 1-2|2026-04-08|Gen.G|T1,1,0.5120956897735596
all_11,43,2026|Rounds 1-2|2026-04-09|HANJIN BRION|Kiwoom DRX,0,0.47635072469711304
all_11,43,2026|Rounds 1-2|2026-04-09|KT Rolster|Nongshim RedForce,1,0.5055534839630127
all_11,43,2026|Rounds 1-2|2026-04-10|DN SOOPers|T1,0,0.4954897165298462
all_11,43,2026|Rounds 1-2|2026-04-10|BNK FEARX|Hanwha Life Esports,0,0.4568854570388794
all_11,43,2026|Rounds 1-2|2026-04-11|Kiwoom DRX|Nongshim RedForce,1,0.48401716351509094
all_11,43,2026|Rounds 1-2|2026-04-11|Dplus Kia|Gen.G,1,0.4626959562301636
all_11,43,2026|Rounds 1-2|2026-04-12|BNK FEARX|DN SOOPers,1,0.4973500370979309
all_11,43,2026|Rounds 1-2|2026-04-12|HANJIN BRION|KT Rolster,0,0.4639938175678253
all_11,43,2026|Rounds 1-2|2026-04-15|BNK FEARX|Nongshim RedForce,0,0.4963470697402954
all_11,43,2026|Rounds 1-2|2026-04-15|Dplus Kia|KT Rolster,0,0.48359236121177673
all_11,43,2026|Rounds 1-2|2026-04-16|Gen.G|HANJIN BRION,1,0.519353985786438
all_11,43,2026|Rounds 1-2|2026-04-16|DN SOOPers|Hanwha Life Esports,0,0.4219845235347748
all_11,43,2026|Rounds 1-2|2026-04-17|BNK FEARX|Kiwoom DRX,1,0.5034774541854858
all_11,43,2026|Rounds 1-2|2026-04-17|Dplus Kia|T1,1,0.5156922340393066
all_11,43,2026|Rounds 1-2|2026-04-18|Gen.G|Hanwha Life Esports,0,0.46544718742370605
all_11,43,2026|Rounds 1-2|2026-04-18|DN SOOPers|KT Rolster,0,0.4407956302165985
all_11,43,2026|Rounds 1-2|2026-04-19|HANJIN BRION|Nongshim RedForce,0,0.47641271352767944
all_11,43,2026|Rounds 1-2|2026-04-19|Kiwoom DRX|T1,0,0.4891643226146698
all_11,43,2026|Rounds 1-2|2026-04-22|KT Rolster|Kiwoom DRX,1,0.5456576943397522
all_11,43,2026|Rounds 1-2|2026-04-22|Hanwha Life Esports|Nongshim RedForce,1,0.5210309624671936
all_11,43,2026|Rounds 1-2|2026-04-23|Dplus Kia|HANJIN BRION,1,0.5146711468696594
all_11,43,2026|Rounds 1-2|2026-04-23|DN SOOPers|Gen.G,0,0.4636358618736267
all_11,43,2026|Rounds 1-2|2026-04-24|BNK FEARX|KT Rolster,0,0.48177793622016907
all_11,43,2026|Rounds 1-2|2026-04-24|Hanwha Life Esports|Kiwoom DRX,1,0.5570935010910034
all_11,43,2026|Rounds 1-2|2026-04-25|HANJIN BRION|T1,0,0.46058350801467896
all_11,43,2026|Rounds 1-2|2026-04-25|DN SOOPers|Dplus Kia,0,0.44243189692497253
all_11,43,2026|Rounds 1-2|2026-04-26|BNK FEARX|T1,0,0.45886141061782837
all_11,43,2026|Rounds 1-2|2026-04-26|Gen.G|Nongshim RedForce,1,0.5420893430709839
all_11,43,2026|Rounds 1-2|2026-04-29|Nongshim RedForce|T1,0,0.43753594160079956
all_11,43,2026|Rounds 1-2|2026-04-29|Hanwha Life Esports|KT Rolster,1,0.4816703200340271
all_11,43,2026|Rounds 1-2|2026-04-30|Gen.G|Kiwoom DRX,1,0.5713890790939331
all_11,43,2026|Rounds 1-2|2026-04-30|BNK FEARX|Dplus Kia,0,0.4527806341648102
all_11,43,2026|Rounds 1-2|2026-05-01|DN SOOPers|HANJIN BRION,0,0.4734519422054291
all_11,43,2026|Rounds 1-2|2026-05-01|Hanwha Life Esports|T1,1,0.47821909189224243
all_11,43,2026|Rounds 1-2|2026-05-02|Dplus Kia|Gen.G,0,0.5104836821556091
all_11,43,2026|Rounds 1-2|2026-05-02|Kiwoom DRX|Nongshim RedForce,1,0.49047064781188965
all_11,43,2026|Rounds 1-2|2026-05-03|HANJIN BRION|KT Rolster,1,0.47907212376594543
all_11,43,2026|Rounds 1-2|2026-05-03|BNK FEARX|DN SOOPers,1,0.525334358215332
all_11,43,2026|Rounds 1-2|2026-05-06|Gen.G|Nongshim RedForce,1,0.5355732440948486
all_11,43,2026|Rounds 1-2|2026-05-06|DN SOOPers|Hanwha Life Esports,0,0.4402897357940674
all_11,43,2026|Rounds 1-2|2026-05-07|Dplus Kia|KT Rolster,0,0.5191899538040161
all_11,43,2026|Rounds 1-2|2026-05-07|BNK FEARX|HANJIN BRION,0,0.4949266314506531
all_11,43,2026|Rounds 1-2|2026-05-08|DN SOOPers|T1,0,0.46650683879852295
all_11,43,2026|Rounds 1-2|2026-05-08|Gen.G|Kiwoom DRX,1,0.5145570039749146
all_11,43,2026|Rounds 1-2|2026-05-09|BNK FEARX|KT Rolster,1,0.5212110877037048
all_11,43,2026|Rounds 1-2|2026-05-09|HANJIN BRION|Nongshim RedForce,1,0.556096076965332
all_11,43,2026|Rounds 1-2|2026-05-10|Dplus Kia|T1,0,0.5008559226989746
all_11,43,2026|Rounds 1-2|2026-05-10|Hanwha Life Esports|Kiwoom DRX,1,0.5545240640640259
all_11,43,2026|Rounds 1-2|2026-05-13|Nongshim RedForce|T1,0,0.45053356885910034
all_11,43,2026|Rounds 1-2|2026-05-13|DN SOOPers|Dplus Kia,0,0.4798748195171356
all_11,43,2026|Rounds 1-2|2026-05-14|BNK FEARX|Gen.G,0,0.47762224078178406
all_11,43,2026|Rounds 1-2|2026-05-14|KT Rolster|Kiwoom DRX,1,0.5111703276634216
all_11,43,2026|Rounds 1-2|2026-05-15|Dplus Kia|Hanwha Life Esports,0,0.4733257591724396
all_11,43,2026|Rounds 1-2|2026-05-15|DN SOOPers|HANJIN BRION,0,0.44070762395858765
all_11,43,2026|Rounds 1-2|2026-05-16|Gen.G|T1,0,0.4886105954647064
all_11,44,2026|Cup|2026-02-08|Kiwoom DRX|Nongshim RedForce,1,0.5134576559066772
all_11,44,2026|Cup|2026-02-12|BNK FEARX|DN SOOPers,1,0.47411632537841797
all_11,44,2026|Cup|2026-02-13|Dplus Kia|Kiwoom DRX,1,0.5275948643684387
all_11,44,2026|Cup|2026-02-14|Dplus Kia|Gen.G,0,0.5495191812515259
all_11,44,2026|Cup|2026-02-15|BNK FEARX|T1,1,0.5235642194747925
all_11,44,2026|Cup|2026-02-19|DN SOOPers|Kiwoom DRX,1,0.5135419368743896
all_11,44,2026|Cup|2026-02-20|DN SOOPers|Dplus Kia,0,0.49750593304634094
all_11,44,2026|Cup|2026-02-21|BNK FEARX|Gen.G,0,0.5111598968505859
all_11,44,2026|Cup|2026-02-22|Dplus Kia|T1,1,0.4997479319572449
all_11,44,2026|Cup|2026-02-28|BNK FEARX|Dplus Kia,1,0.45486894249916077
all_11,44,2026|Cup|2026-03-01|BNK FEARX|Gen.G,0,0.4467772841453552
all_11,44,2026|Rounds 1-2|2026-04-01|HANJIN BRION|Hanwha Life Esports,0,0.4371422231197357
all_11,44,2026|Rounds 1-2|2026-04-01|KT Rolster|T1,1,0.5482951402664185
all_11,44,2026|Rounds 1-2|2026-04-02|Dplus Kia|Nongshim RedForce,0,0.5345675349235535
all_11,44,2026|Rounds 1-2|2026-04-02|DN SOOPers|Kiwoom DRX,1,0.55483478307724
all_11,44,2026|Rounds 1-2|2026-04-03|Gen.G|KT Rolster,0,0.4794522821903229
all_11,44,2026|Rounds 1-2|2026-04-03|BNK FEARX|HANJIN BRION,0,0.573188066482544
all_11,44,2026|Rounds 1-2|2026-04-04|Hanwha Life Esports|T1,0,0.5688595175743103
all_11,44,2026|Rounds 1-2|2026-04-04|Dplus Kia|Kiwoom DRX,1,0.47223326563835144
all_11,44,2026|Rounds 1-2|2026-04-05|DN SOOPers|Nongshim RedForce,0,0.5243972539901733
all_11,44,2026|Rounds 1-2|2026-04-05|BNK FEARX|Gen.G,0,0.5532553791999817
all_11,44,2026|Rounds 1-2|2026-04-08|Dplus Kia|Hanwha Life Esports,0,0.43481898307800293
all_11,44,2026|Rounds 1-2|2026-04-08|Gen.G|T1,1,0.5279895067214966
all_11,44,2026|Rounds 1-2|2026-04-09|HANJIN BRION|Kiwoom DRX,0,0.45929405093193054
all_11,44,2026|Rounds 1-2|2026-04-09|KT Rolster|Nongshim RedForce,1,0.5297674536705017
all_11,44,2026|Rounds 1-2|2026-04-10|DN SOOPers|T1,0,0.5148682594299316
all_11,44,2026|Rounds 1-2|2026-04-10|BNK FEARX|Hanwha Life Esports,0,0.4394487142562866
all_11,44,2026|Rounds 1-2|2026-04-11|Kiwoom DRX|Nongshim RedForce,1,0.4513097107410431
all_11,44,2026|Rounds 1-2|2026-04-11|Dplus Kia|Gen.G,1,0.46811190247535706
all_11,44,2026|Rounds 1-2|2026-04-12|BNK FEARX|DN SOOPers,1,0.4906725585460663
all_11,44,2026|Rounds 1-2|2026-04-12|HANJIN BRION|KT Rolster,0,0.4709601104259491
all_11,44,2026|Rounds 1-2|2026-04-15|BNK FEARX|Nongshim RedForce,0,0.45973119139671326
all_11,44,2026|Rounds 1-2|2026-04-15|Dplus Kia|KT Rolster,0,0.5055619478225708
all_11,44,2026|Rounds 1-2|2026-04-16|Gen.G|HANJIN BRION,1,0.4981657564640045
all_11,44,2026|Rounds 1-2|2026-04-16|DN SOOPers|Hanwha Life Esports,0,0.4426477551460266
all_11,44,2026|Rounds 1-2|2026-04-17|BNK FEARX|Kiwoom DRX,1,0.4848036468029022
all_11,44,2026|Rounds 1-2|2026-04-17|Dplus Kia|T1,1,0.5565711855888367
all_11,44,2026|Rounds 1-2|2026-04-18|Gen.G|Hanwha Life Esports,0,0.4721561670303345
all_11,44,2026|Rounds 1-2|2026-04-18|DN SOOPers|KT Rolster,0,0.4413178861141205
all_11,44,2026|Rounds 1-2|2026-04-19|HANJIN BRION|Nongshim RedForce,0,0.466715544462204
all_11,44,2026|Rounds 1-2|2026-04-19|Kiwoom DRX|T1,0,0.49191975593566895
all_11,44,2026|Rounds 1-2|2026-04-22|KT Rolster|Kiwoom DRX,1,0.5480632781982422
all_11,44,2026|Rounds 1-2|2026-04-22|Hanwha Life Esports|Nongshim RedForce,1,0.5070316791534424
all_11,44,2026|Rounds 1-2|2026-04-23|Dplus Kia|HANJIN BRION,1,0.5268198251724243
all_11,44,2026|Rounds 1-2|2026-04-23|DN SOOPers|Gen.G,0,0.4279000759124756
all_11,44,2026|Rounds 1-2|2026-04-24|BNK FEARX|KT Rolster,0,0.49390554428100586
all_11,44,2026|Rounds 1-2|2026-04-24|Hanwha Life Esports|Kiwoom DRX,1,0.5697821974754333
all_11,44,2026|Rounds 1-2|2026-04-25|HANJIN BRION|T1,0,0.48684725165367126
all_11,44,2026|Rounds 1-2|2026-04-25|DN SOOPers|Dplus Kia,0,0.443043977022171
all_11,44,2026|Rounds 1-2|2026-04-26|BNK FEARX|T1,0,0.5068448185920715
all_11,44,2026|Rounds 1-2|2026-04-26|Gen.G|Nongshim RedForce,1,0.5227572917938232
all_11,44,2026|Rounds 1-2|2026-04-29|Nongshim RedForce|T1,0,0.47197967767715454
all_11,44,2026|Rounds 1-2|2026-04-29|Hanwha Life Esports|KT Rolster,1,0.5084654092788696
all_11,44,2026|Rounds 1-2|2026-04-30|Gen.G|Kiwoom DRX,1,0.5749753713607788
all_11,44,2026|Rounds 1-2|2026-04-30|BNK FEARX|Dplus Kia,0,0.43099284172058105
all_11,44,2026|Rounds 1-2|2026-05-01|DN SOOPers|HANJIN BRION,0,0.4524722099304199
all_11,44,2026|Rounds 1-2|2026-05-01|Hanwha Life Esports|T1,1,0.48367807269096375
all_11,44,2026|Rounds 1-2|2026-05-02|Dplus Kia|Gen.G,0,0.5188809633255005
all_11,44,2026|Rounds 1-2|2026-05-02|Kiwoom DRX|Nongshim RedForce,1,0.4692111909389496
all_11,44,2026|Rounds 1-2|2026-05-03|HANJIN BRION|KT Rolster,1,0.4751536250114441
all_11,44,2026|Rounds 1-2|2026-05-03|BNK FEARX|DN SOOPers,1,0.5241159200668335
all_11,44,2026|Rounds 1-2|2026-05-06|Gen.G|Nongshim RedForce,1,0.5310513973236084
all_11,44,2026|Rounds 1-2|2026-05-06|DN SOOPers|Hanwha Life Esports,0,0.44467467069625854
all_11,44,2026|Rounds 1-2|2026-05-07|Dplus Kia|KT Rolster,0,0.4942309558391571
all_11,44,2026|Rounds 1-2|2026-05-07|BNK FEARX|HANJIN BRION,0,0.4765743315219879
all_11,44,2026|Rounds 1-2|2026-05-08|DN SOOPers|T1,0,0.4796844720840454
all_11,44,2026|Rounds 1-2|2026-05-08|Gen.G|Kiwoom DRX,1,0.5460418462753296
all_11,44,2026|Rounds 1-2|2026-05-09|BNK FEARX|KT Rolster,1,0.5401618480682373
all_11,44,2026|Rounds 1-2|2026-05-09|HANJIN BRION|Nongshim RedForce,1,0.5378667712211609
all_11,44,2026|Rounds 1-2|2026-05-10|Dplus Kia|T1,0,0.51944899559021
all_11,44,2026|Rounds 1-2|2026-05-10|Hanwha Life Esports|Kiwoom DRX,1,0.5379966497421265
all_11,44,2026|Rounds 1-2|2026-05-13|Nongshim RedForce|T1,0,0.464504599571228
all_11,44,2026|Rounds 1-2|2026-05-13|DN SOOPers|Dplus Kia,0,0.4729732871055603
all_11,44,2026|Rounds 1-2|2026-05-14|BNK FEARX|Gen.G,0,0.43092161417007446
all_11,44,2026|Rounds 1-2|2026-05-14|KT Rolster|Kiwoom DRX,1,0.5323425531387329
all_11,44,2026|Rounds 1-2|2026-05-15|Dplus Kia|Hanwha Life Esports,0,0.5167353749275208
all_11,44,2026|Rounds 1-2|2026-05-15|DN SOOPers|HANJIN BRION,0,0.4447425603866577
all_11,44,2026|Rounds 1-2|2026-05-16|Gen.G|T1,0,0.5151664018630981
selected,42,2026|Cup|2026-02-08|Kiwoom DRX|Nongshim RedForce,1,0.455235093832016
selected,42,2026|Cup|2026-02-12|BNK FEARX|DN SOOPers,1,0.4885769784450531
selected,42,2026|Cup|2026-02-13|Dplus Kia|Kiwoom DRX,1,0.535165548324585
selected,42,2026|Cup|2026-02-14|Dplus Kia|Gen.G,0,0.4813547730445862
selected,42,2026|Cup|2026-02-15|BNK FEARX|T1,1,0.5045290589332581
selected,42,2026|Cup|2026-02-19|DN SOOPers|Kiwoom DRX,1,0.5238940119743347
selected,42,2026|Cup|2026-02-20|DN SOOPers|Dplus Kia,0,0.5852153897285461
selected,42,2026|Cup|2026-02-21|BNK FEARX|Gen.G,0,0.5312424898147583
selected,42,2026|Cup|2026-02-22|Dplus Kia|T1,1,0.5833718776702881
selected,42,2026|Cup|2026-02-28|BNK FEARX|Dplus Kia,1,0.44687771797180176
selected,42,2026|Cup|2026-03-01|BNK FEARX|Gen.G,0,0.42791348695755005
selected,42,2026|Rounds 1-2|2026-04-01|HANJIN BRION|Hanwha Life Esports,0,0.4683356285095215
selected,42,2026|Rounds 1-2|2026-04-01|KT Rolster|T1,1,0.525072455406189
selected,42,2026|Rounds 1-2|2026-04-02|Dplus Kia|Nongshim RedForce,0,0.5968982577323914
selected,42,2026|Rounds 1-2|2026-04-02|DN SOOPers|Kiwoom DRX,1,0.5829461216926575
selected,42,2026|Rounds 1-2|2026-04-03|Gen.G|KT Rolster,0,0.608167290687561
selected,42,2026|Rounds 1-2|2026-04-03|BNK FEARX|HANJIN BRION,0,0.6001097559928894
selected,42,2026|Rounds 1-2|2026-04-04|Hanwha Life Esports|T1,0,0.6204736232757568
selected,42,2026|Rounds 1-2|2026-04-04|Dplus Kia|Kiwoom DRX,1,0.4111746847629547
selected,42,2026|Rounds 1-2|2026-04-05|DN SOOPers|Nongshim RedForce,0,0.5649296045303345
selected,42,2026|Rounds 1-2|2026-04-05|BNK FEARX|Gen.G,0,0.3872331380844116
selected,42,2026|Rounds 1-2|2026-04-08|Dplus Kia|Hanwha Life Esports,0,0.4275006353855133
selected,42,2026|Rounds 1-2|2026-04-08|Gen.G|T1,1,0.5962868928909302
selected,42,2026|Rounds 1-2|2026-04-09|HANJIN BRION|Kiwoom DRX,0,0.5387915372848511
selected,42,2026|Rounds 1-2|2026-04-09|KT Rolster|Nongshim RedForce,1,0.4539736807346344
selected,42,2026|Rounds 1-2|2026-04-10|DN SOOPers|T1,0,0.4963389039039612
selected,42,2026|Rounds 1-2|2026-04-10|BNK FEARX|Hanwha Life Esports,0,0.34012386202812195
selected,42,2026|Rounds 1-2|2026-04-11|Kiwoom DRX|Nongshim RedForce,1,0.4061386287212372
selected,42,2026|Rounds 1-2|2026-04-11|Dplus Kia|Gen.G,1,0.37752366065979004
selected,42,2026|Rounds 1-2|2026-04-12|BNK FEARX|DN SOOPers,1,0.4405270516872406
selected,42,2026|Rounds 1-2|2026-04-12|HANJIN BRION|KT Rolster,0,0.4710494875907898
selected,42,2026|Rounds 1-2|2026-04-15|BNK FEARX|Nongshim RedForce,0,0.5280297994613647
selected,42,2026|Rounds 1-2|2026-04-15|Dplus Kia|KT Rolster,0,0.36196979880332947
selected,42,2026|Rounds 1-2|2026-04-16|Gen.G|HANJIN BRION,1,0.6026475429534912
selected,42,2026|Rounds 1-2|2026-04-16|DN SOOPers|Hanwha Life Esports,0,0.3025081753730774
selected,42,2026|Rounds 1-2|2026-04-17|BNK FEARX|Kiwoom DRX,1,0.41186365485191345
selected,42,2026|Rounds 1-2|2026-04-17|Dplus Kia|T1,1,0.5497462749481201
selected,42,2026|Rounds 1-2|2026-04-18|Gen.G|Hanwha Life Esports,0,0.38888823986053467
selected,42,2026|Rounds 1-2|2026-04-18|DN SOOPers|KT Rolster,0,0.3382677137851715
selected,42,2026|Rounds 1-2|2026-04-19|HANJIN BRION|Nongshim RedForce,0,0.3688916862010956
selected,42,2026|Rounds 1-2|2026-04-19|Kiwoom DRX|T1,0,0.4371250867843628
selected,42,2026|Rounds 1-2|2026-04-22|KT Rolster|Kiwoom DRX,1,0.6309316158294678
selected,42,2026|Rounds 1-2|2026-04-22|Hanwha Life Esports|Nongshim RedForce,1,0.5884444713592529
selected,42,2026|Rounds 1-2|2026-04-23|Dplus Kia|HANJIN BRION,1,0.5549377202987671
selected,42,2026|Rounds 1-2|2026-04-23|DN SOOPers|Gen.G,0,0.38536185026168823
selected,42,2026|Rounds 1-2|2026-04-24|BNK FEARX|KT Rolster,0,0.3774634003639221
selected,42,2026|Rounds 1-2|2026-04-24|Hanwha Life Esports|Kiwoom DRX,1,0.6639503836631775
selected,42,2026|Rounds 1-2|2026-04-25|HANJIN BRION|T1,0,0.3675965666770935
selected,42,2026|Rounds 1-2|2026-04-25|DN SOOPers|Dplus Kia,0,0.3220333755016327
selected,42,2026|Rounds 1-2|2026-04-26|BNK FEARX|T1,0,0.3523610830307007
selected,42,2026|Rounds 1-2|2026-04-26|Gen.G|Nongshim RedForce,1,0.5525829195976257
selected,42,2026|Rounds 1-2|2026-04-29|Nongshim RedForce|T1,0,0.32377171516418457
selected,42,2026|Rounds 1-2|2026-04-29|Hanwha Life Esports|KT Rolster,1,0.39859244227409363
selected,42,2026|Rounds 1-2|2026-04-30|Gen.G|Kiwoom DRX,1,0.6706070899963379
selected,42,2026|Rounds 1-2|2026-04-30|BNK FEARX|Dplus Kia,0,0.29934459924697876
selected,42,2026|Rounds 1-2|2026-05-01|DN SOOPers|HANJIN BRION,0,0.5039429664611816
selected,42,2026|Rounds 1-2|2026-05-01|Hanwha Life Esports|T1,1,0.4454277455806732
selected,42,2026|Rounds 1-2|2026-05-02|Dplus Kia|Gen.G,0,0.5870575904846191
selected,42,2026|Rounds 1-2|2026-05-02|Kiwoom DRX|Nongshim RedForce,1,0.5926754474639893
selected,42,2026|Rounds 1-2|2026-05-03|HANJIN BRION|KT Rolster,1,0.3851745128631592
selected,42,2026|Rounds 1-2|2026-05-03|BNK FEARX|DN SOOPers,1,0.4502290189266205
selected,42,2026|Rounds 1-2|2026-05-06|Gen.G|Nongshim RedForce,1,0.6216762065887451
selected,42,2026|Rounds 1-2|2026-05-06|DN SOOPers|Hanwha Life Esports,0,0.33594372868537903
selected,42,2026|Rounds 1-2|2026-05-07|Dplus Kia|KT Rolster,0,0.5505928993225098
selected,42,2026|Rounds 1-2|2026-05-07|BNK FEARX|HANJIN BRION,0,0.47477856278419495
selected,42,2026|Rounds 1-2|2026-05-08|DN SOOPers|T1,0,0.35760870575904846
selected,42,2026|Rounds 1-2|2026-05-08|Gen.G|Kiwoom DRX,1,0.5787144899368286
selected,42,2026|Rounds 1-2|2026-05-09|BNK FEARX|KT Rolster,1,0.5706803798675537
selected,42,2026|Rounds 1-2|2026-05-09|HANJIN BRION|Nongshim RedForce,1,0.6532585620880127
selected,42,2026|Rounds 1-2|2026-05-10|Dplus Kia|T1,0,0.41767048835754395
selected,42,2026|Rounds 1-2|2026-05-10|Hanwha Life Esports|Kiwoom DRX,1,0.6297863721847534
selected,42,2026|Rounds 1-2|2026-05-13|Nongshim RedForce|T1,0,0.3519245684146881
selected,42,2026|Rounds 1-2|2026-05-13|DN SOOPers|Dplus Kia,0,0.4158078730106354
selected,42,2026|Rounds 1-2|2026-05-14|BNK FEARX|Gen.G,0,0.4003773629665375
selected,42,2026|Rounds 1-2|2026-05-14|KT Rolster|Kiwoom DRX,1,0.5813433527946472
selected,42,2026|Rounds 1-2|2026-05-15|Dplus Kia|Hanwha Life Esports,0,0.44154325127601624
selected,42,2026|Rounds 1-2|2026-05-15|DN SOOPers|HANJIN BRION,0,0.2907070517539978
selected,42,2026|Rounds 1-2|2026-05-16|Gen.G|T1,0,0.4796960949897766
selected,43,2026|Cup|2026-02-08|Kiwoom DRX|Nongshim RedForce,1,0.44433027505874634
selected,43,2026|Cup|2026-02-12|BNK FEARX|DN SOOPers,1,0.5100224018096924
selected,43,2026|Cup|2026-02-13|Dplus Kia|Kiwoom DRX,1,0.5639880895614624
selected,43,2026|Cup|2026-02-14|Dplus Kia|Gen.G,0,0.5254718661308289
selected,43,2026|Cup|2026-02-15|BNK FEARX|T1,1,0.5321638584136963
selected,43,2026|Cup|2026-02-19|DN SOOPers|Kiwoom DRX,1,0.5268933773040771
selected,43,2026|Cup|2026-02-20|DN SOOPers|Dplus Kia,0,0.5798639059066772
selected,43,2026|Cup|2026-02-21|BNK FEARX|Gen.G,0,0.5401025414466858
selected,43,2026|Cup|2026-02-22|Dplus Kia|T1,1,0.5766035914421082
selected,43,2026|Cup|2026-02-28|BNK FEARX|Dplus Kia,1,0.46782392263412476
selected,43,2026|Cup|2026-03-01|BNK FEARX|Gen.G,0,0.37796667218208313
selected,43,2026|Rounds 1-2|2026-04-01|HANJIN BRION|Hanwha Life Esports,0,0.47786104679107666
selected,43,2026|Rounds 1-2|2026-04-01|KT Rolster|T1,1,0.5177065134048462
selected,43,2026|Rounds 1-2|2026-04-02|Dplus Kia|Nongshim RedForce,0,0.5693523287773132
selected,43,2026|Rounds 1-2|2026-04-02|DN SOOPers|Kiwoom DRX,1,0.5591241121292114
selected,43,2026|Rounds 1-2|2026-04-03|Gen.G|KT Rolster,0,0.5858755111694336
selected,43,2026|Rounds 1-2|2026-04-03|BNK FEARX|HANJIN BRION,0,0.5990857481956482
selected,43,2026|Rounds 1-2|2026-04-04|Hanwha Life Esports|T1,0,0.6032909154891968
selected,43,2026|Rounds 1-2|2026-04-04|Dplus Kia|Kiwoom DRX,1,0.42665550112724304
selected,43,2026|Rounds 1-2|2026-04-05|DN SOOPers|Nongshim RedForce,0,0.532992422580719
selected,43,2026|Rounds 1-2|2026-04-05|BNK FEARX|Gen.G,0,0.412917822599411
selected,43,2026|Rounds 1-2|2026-04-08|Dplus Kia|Hanwha Life Esports,0,0.4147513210773468
selected,43,2026|Rounds 1-2|2026-04-08|Gen.G|T1,1,0.5902013182640076
selected,43,2026|Rounds 1-2|2026-04-09|HANJIN BRION|Kiwoom DRX,0,0.5153235197067261
selected,43,2026|Rounds 1-2|2026-04-09|KT Rolster|Nongshim RedForce,1,0.46607324481010437
selected,43,2026|Rounds 1-2|2026-04-10|DN SOOPers|T1,0,0.49677523970603943
selected,43,2026|Rounds 1-2|2026-04-10|BNK FEARX|Hanwha Life Esports,0,0.35335901379585266
selected,43,2026|Rounds 1-2|2026-04-11|Kiwoom DRX|Nongshim RedForce,1,0.4152701795101166
selected,43,2026|Rounds 1-2|2026-04-11|Dplus Kia|Gen.G,1,0.39402270317077637
selected,43,2026|Rounds 1-2|2026-04-12|BNK FEARX|DN SOOPers,1,0.4456913471221924
selected,43,2026|Rounds 1-2|2026-04-12|HANJIN BRION|KT Rolster,0,0.4937400221824646
selected,43,2026|Rounds 1-2|2026-04-15|BNK FEARX|Nongshim RedForce,0,0.5055005550384521
selected,43,2026|Rounds 1-2|2026-04-15|Dplus Kia|KT Rolster,0,0.36857151985168457
selected,43,2026|Rounds 1-2|2026-04-16|Gen.G|HANJIN BRION,1,0.5776073336601257
selected,43,2026|Rounds 1-2|2026-04-16|DN SOOPers|Hanwha Life Esports,0,0.3094002902507782
selected,43,2026|Rounds 1-2|2026-04-17|BNK FEARX|Kiwoom DRX,1,0.4420183598995209
selected,43,2026|Rounds 1-2|2026-04-17|Dplus Kia|T1,1,0.5378050208091736
selected,43,2026|Rounds 1-2|2026-04-18|Gen.G|Hanwha Life Esports,0,0.38012754917144775
selected,43,2026|Rounds 1-2|2026-04-18|DN SOOPers|KT Rolster,0,0.35826799273490906
selected,43,2026|Rounds 1-2|2026-04-19|HANJIN BRION|Nongshim RedForce,0,0.38139915466308594
selected,43,2026|Rounds 1-2|2026-04-19|Kiwoom DRX|T1,0,0.43723413348197937
selected,43,2026|Rounds 1-2|2026-04-22|KT Rolster|Kiwoom DRX,1,0.6068341135978699
selected,43,2026|Rounds 1-2|2026-04-22|Hanwha Life Esports|Nongshim RedForce,1,0.572413444519043
selected,43,2026|Rounds 1-2|2026-04-23|Dplus Kia|HANJIN BRION,1,0.5241138935089111
selected,43,2026|Rounds 1-2|2026-04-23|DN SOOPers|Gen.G,0,0.40438684821128845
selected,43,2026|Rounds 1-2|2026-04-24|BNK FEARX|KT Rolster,0,0.3939417004585266
selected,43,2026|Rounds 1-2|2026-04-24|Hanwha Life Esports|Kiwoom DRX,1,0.6441068649291992
selected,43,2026|Rounds 1-2|2026-04-25|HANJIN BRION|T1,0,0.3791063129901886
selected,43,2026|Rounds 1-2|2026-04-25|DN SOOPers|Dplus Kia,0,0.33839571475982666
selected,43,2026|Rounds 1-2|2026-04-26|BNK FEARX|T1,0,0.34916791319847107
selected,43,2026|Rounds 1-2|2026-04-26|Gen.G|Nongshim RedForce,1,0.5406399965286255
selected,43,2026|Rounds 1-2|2026-04-29|Nongshim RedForce|T1,0,0.34068793058395386
selected,43,2026|Rounds 1-2|2026-04-29|Hanwha Life Esports|KT Rolster,1,0.398059219121933
selected,43,2026|Rounds 1-2|2026-04-30|Gen.G|Kiwoom DRX,1,0.6518891453742981
selected,43,2026|Rounds 1-2|2026-04-30|BNK FEARX|Dplus Kia,0,0.3043414354324341
selected,43,2026|Rounds 1-2|2026-05-01|DN SOOPers|HANJIN BRION,0,0.5034761428833008
selected,43,2026|Rounds 1-2|2026-05-01|Hanwha Life Esports|T1,1,0.45719876885414124
selected,43,2026|Rounds 1-2|2026-05-02|Dplus Kia|Gen.G,0,0.5690208673477173
selected,43,2026|Rounds 1-2|2026-05-02|Kiwoom DRX|Nongshim RedForce,1,0.5822552442550659
selected,43,2026|Rounds 1-2|2026-05-03|HANJIN BRION|KT Rolster,1,0.3709189295768738
selected,43,2026|Rounds 1-2|2026-05-03|BNK FEARX|DN SOOPers,1,0.4621693193912506
selected,43,2026|Rounds 1-2|2026-05-06|Gen.G|Nongshim RedForce,1,0.5964488983154297
selected,43,2026|Rounds 1-2|2026-05-06|DN SOOPers|Hanwha Life Esports,0,0.3557797968387604
selected,43,2026|Rounds 1-2|2026-05-07|Dplus Kia|KT Rolster,0,0.5241492986679077
selected,43,2026|Rounds 1-2|2026-05-07|BNK FEARX|HANJIN BRION,0,0.4986600875854492
selected,43,2026|Rounds 1-2|2026-05-08|DN SOOPers|T1,0,0.3770754337310791
selected,43,2026|Rounds 1-2|2026-05-08|Gen.G|Kiwoom DRX,1,0.5507595539093018
selected,43,2026|Rounds 1-2|2026-05-09|BNK FEARX|KT Rolster,1,0.5821326971054077
selected,43,2026|Rounds 1-2|2026-05-09|HANJIN BRION|Nongshim RedForce,1,0.6235292553901672
selected,43,2026|Rounds 1-2|2026-05-10|Dplus Kia|T1,0,0.4487663805484772
selected,43,2026|Rounds 1-2|2026-05-10|Hanwha Life Esports|Kiwoom DRX,1,0.6162586808204651
selected,43,2026|Rounds 1-2|2026-05-13|Nongshim RedForce|T1,0,0.3755800426006317
selected,43,2026|Rounds 1-2|2026-05-13|DN SOOPers|Dplus Kia,0,0.37635672092437744
selected,43,2026|Rounds 1-2|2026-05-14|BNK FEARX|Gen.G,0,0.42663970589637756
selected,43,2026|Rounds 1-2|2026-05-14|KT Rolster|Kiwoom DRX,1,0.5558494329452515
selected,43,2026|Rounds 1-2|2026-05-15|Dplus Kia|Hanwha Life Esports,0,0.47074079513549805
selected,43,2026|Rounds 1-2|2026-05-15|DN SOOPers|HANJIN BRION,0,0.3046124577522278
selected,43,2026|Rounds 1-2|2026-05-16|Gen.G|T1,0,0.48527756333351135
selected,44,2026|Cup|2026-02-08|Kiwoom DRX|Nongshim RedForce,1,0.44648653268814087
selected,44,2026|Cup|2026-02-12|BNK FEARX|DN SOOPers,1,0.49030911922454834
selected,44,2026|Cup|2026-02-13|Dplus Kia|Kiwoom DRX,1,0.5483710169792175
selected,44,2026|Cup|2026-02-14|Dplus Kia|Gen.G,0,0.49215584993362427
selected,44,2026|Cup|2026-02-15|BNK FEARX|T1,1,0.5122616291046143
selected,44,2026|Cup|2026-02-19|DN SOOPers|Kiwoom DRX,1,0.5255194306373596
selected,44,2026|Cup|2026-02-20|DN SOOPers|Dplus Kia,0,0.5870389938354492
selected,44,2026|Cup|2026-02-21|BNK FEARX|Gen.G,0,0.5374952554702759
selected,44,2026|Cup|2026-02-22|Dplus Kia|T1,1,0.5853430032730103
selected,44,2026|Cup|2026-02-28|BNK FEARX|Dplus Kia,1,0.44760406017303467
selected,44,2026|Cup|2026-03-01|BNK FEARX|Gen.G,0,0.40792936086654663
selected,44,2026|Rounds 1-2|2026-04-01|HANJIN BRION|Hanwha Life Esports,0,0.4786587655544281
selected,44,2026|Rounds 1-2|2026-04-01|KT Rolster|T1,1,0.5178499221801758
selected,44,2026|Rounds 1-2|2026-04-02|Dplus Kia|Nongshim RedForce,0,0.5748602151870728
selected,44,2026|Rounds 1-2|2026-04-02|DN SOOPers|Kiwoom DRX,1,0.5633266568183899
selected,44,2026|Rounds 1-2|2026-04-03|Gen.G|KT Rolster,0,0.5843132734298706
selected,44,2026|Rounds 1-2|2026-04-03|BNK FEARX|HANJIN BRION,0,0.5813366174697876
selected,44,2026|Rounds 1-2|2026-04-04|Hanwha Life Esports|T1,0,0.5950990319252014
selected,44,2026|Rounds 1-2|2026-04-04|Dplus Kia|Kiwoom DRX,1,0.43107104301452637
selected,44,2026|Rounds 1-2|2026-04-05|DN SOOPers|Nongshim RedForce,0,0.5470080971717834
selected,44,2026|Rounds 1-2|2026-04-05|BNK FEARX|Gen.G,0,0.4121551513671875
selected,44,2026|Rounds 1-2|2026-04-08|Dplus Kia|Hanwha Life Esports,0,0.4417129456996918
selected,44,2026|Rounds 1-2|2026-04-08|Gen.G|T1,1,0.576370894908905
selected,44,2026|Rounds 1-2|2026-04-09|HANJIN BRION|Kiwoom DRX,0,0.5280996561050415
selected,44,2026|Rounds 1-2|2026-04-09|KT Rolster|Nongshim RedForce,1,0.46947532892227173
selected,44,2026|Rounds 1-2|2026-04-10|DN SOOPers|T1,0,0.49715515971183777
selected,44,2026|Rounds 1-2|2026-04-10|BNK FEARX|Hanwha Life Esports,0,0.37031877040863037
selected,44,2026|Rounds 1-2|2026-04-11|Kiwoom DRX|Nongshim RedForce,1,0.4262702465057373
selected,44,2026|Rounds 1-2|2026-04-11|Dplus Kia|Gen.G,1,0.40275636315345764
selected,44,2026|Rounds 1-2|2026-04-12|BNK FEARX|DN SOOPers,1,0.4555320739746094
selected,44,2026|Rounds 1-2|2026-04-12|HANJIN BRION|KT Rolster,0,0.48137813806533813
selected,44,2026|Rounds 1-2|2026-04-15|BNK FEARX|Nongshim RedForce,0,0.5203874707221985
selected,44,2026|Rounds 1-2|2026-04-15|Dplus Kia|KT Rolster,0,0.38620325922966003
selected,44,2026|Rounds 1-2|2026-04-16|Gen.G|HANJIN BRION,1,0.5794538259506226
selected,44,2026|Rounds 1-2|2026-04-16|DN SOOPers|Hanwha Life Esports,0,0.3378252685070038
selected,44,2026|Rounds 1-2|2026-04-17|BNK FEARX|Kiwoom DRX,1,0.43248963356018066
selected,44,2026|Rounds 1-2|2026-04-17|Dplus Kia|T1,1,0.5335225462913513
selected,44,2026|Rounds 1-2|2026-04-18|Gen.G|Hanwha Life Esports,0,0.4055064618587494
selected,44,2026|Rounds 1-2|2026-04-18|DN SOOPers|KT Rolster,0,0.37158435583114624
selected,44,2026|Rounds 1-2|2026-04-19|HANJIN BRION|Nongshim RedForce,0,0.39396268129348755
selected,44,2026|Rounds 1-2|2026-04-19|Kiwoom DRX|T1,0,0.4517626464366913
selected,44,2026|Rounds 1-2|2026-04-22|KT Rolster|Kiwoom DRX,1,0.6014088988304138
selected,44,2026|Rounds 1-2|2026-04-22|Hanwha Life Esports|Nongshim RedForce,1,0.5685644745826721
selected,44,2026|Rounds 1-2|2026-04-23|Dplus Kia|HANJIN BRION,1,0.5396965146064758
selected,44,2026|Rounds 1-2|2026-04-23|DN SOOPers|Gen.G,0,0.4102558493614197
selected,44,2026|Rounds 1-2|2026-04-24|BNK FEARX|KT Rolster,0,0.40269172191619873
selected,44,2026|Rounds 1-2|2026-04-24|Hanwha Life Esports|Kiwoom DRX,1,0.6302247047424316
selected,44,2026|Rounds 1-2|2026-04-25|HANJIN BRION|T1,0,0.3925711214542389
selected,44,2026|Rounds 1-2|2026-04-25|DN SOOPers|Dplus Kia,0,0.35704752802848816
selected,44,2026|Rounds 1-2|2026-04-26|BNK FEARX|T1,0,0.3742801547050476
selected,44,2026|Rounds 1-2|2026-04-26|Gen.G|Nongshim RedForce,1,0.5358386635780334
selected,44,2026|Rounds 1-2|2026-04-29|Nongshim RedForce|T1,0,0.35864952206611633
selected,44,2026|Rounds 1-2|2026-04-29|Hanwha Life Esports|KT Rolster,1,0.4169275164604187
selected,44,2026|Rounds 1-2|2026-04-30|Gen.G|Kiwoom DRX,1,0.6360123157501221
selected,44,2026|Rounds 1-2|2026-04-30|BNK FEARX|Dplus Kia,0,0.3346070647239685
selected,44,2026|Rounds 1-2|2026-05-01|DN SOOPers|HANJIN BRION,0,0.5030665993690491
selected,44,2026|Rounds 1-2|2026-05-01|Hanwha Life Esports|T1,1,0.4625047445297241
selected,44,2026|Rounds 1-2|2026-05-02|Dplus Kia|Gen.G,0,0.5672367215156555
selected,44,2026|Rounds 1-2|2026-05-02|Kiwoom DRX|Nongshim RedForce,1,0.5726017951965332
selected,44,2026|Rounds 1-2|2026-05-03|HANJIN BRION|KT Rolster,1,0.3996596932411194
selected,44,2026|Rounds 1-2|2026-05-03|BNK FEARX|DN SOOPers,1,0.4664572775363922
selected,44,2026|Rounds 1-2|2026-05-06|Gen.G|Nongshim RedForce,1,0.5943387150764465
selected,44,2026|Rounds 1-2|2026-05-06|DN SOOPers|Hanwha Life Esports,0,0.369689017534256
selected,44,2026|Rounds 1-2|2026-05-07|Dplus Kia|KT Rolster,0,0.5389366745948792
selected,44,2026|Rounds 1-2|2026-05-07|BNK FEARX|HANJIN BRION,0,0.4822816252708435
selected,44,2026|Rounds 1-2|2026-05-08|DN SOOPers|T1,0,0.3877839148044586
selected,44,2026|Rounds 1-2|2026-05-08|Gen.G|Kiwoom DRX,1,0.559830367565155
selected,44,2026|Rounds 1-2|2026-05-09|BNK FEARX|KT Rolster,1,0.5566226243972778
selected,44,2026|Rounds 1-2|2026-05-09|HANJIN BRION|Nongshim RedForce,1,0.6228002905845642
selected,44,2026|Rounds 1-2|2026-05-10|Dplus Kia|T1,0,0.4369566738605499
selected,44,2026|Rounds 1-2|2026-05-10|Hanwha Life Esports|Kiwoom DRX,1,0.6045392155647278
selected,44,2026|Rounds 1-2|2026-05-13|Nongshim RedForce|T1,0,0.3829508125782013
selected,44,2026|Rounds 1-2|2026-05-13|DN SOOPers|Dplus Kia,0,0.41787034273147583
selected,44,2026|Rounds 1-2|2026-05-14|BNK FEARX|Gen.G,0,0.42295295000076294
selected,44,2026|Rounds 1-2|2026-05-14|KT Rolster|Kiwoom DRX,1,0.5620211362838745
selected,44,2026|Rounds 1-2|2026-05-15|Dplus Kia|Hanwha Life Esports,0,0.454680860042572
selected,44,2026|Rounds 1-2|2026-05-15|DN SOOPers|HANJIN BRION,0,0.33182263374328613
selected,44,2026|Rounds 1-2|2026-05-16|Gen.G|T1,0,0.484835684299469
